company_name_cn,company_name_en,hall,booth,booth_display,invite_company_id,invite_company_info_id,exb_contract_id,company_logo_url,source,year
富兰克科技（深圳）股份有限公司,"Francool Technology (ShenZhen) Co.,Ltd.",,,,62271cd1-81d2-48f7-9c6d-50413570371e,90a3c1e2-d932-4e3f-8bb4-f4011ef79dae,2c40acf1-28d8-4238-b58b-3ef07ec174d4,//download.snec.org.cn/SNEC/article/2024/05/09//未标题-1-91056290.png,pv.snec.org.cn/api/getInviteCompanyList,2026
厦门福纳新材料科技有限公司,Xiamen Funano New Material Co，Ltd,,,,3d11b19a-8214-4928-96ab-ba7d2e48d2e1,df1c6772-7a19-4a08-a451-510a8e331062,e8ccf53b-e964-420f-bb24-f559853a2ef4,//download.snec.org.cn/SNEC/article/2024/05/20//Funano Logo -89130835.png,pv.snec.org.cn/api/getInviteCompanyList,2026
深圳爱旭数字能源技术有限公司,"Shenzhen Aiko Digital Energy Technology Co., Ltd",,,,8523ff0f-17f5-424f-9518-8cd981485fbd,03c8021b-3808-4176-a927-5e9186cfed8f,53a86083-4d3a-4bf4-a737-5d0718fb3929,https://download.snec.org.cn/SNEC/article/2023/05/08//0bdee681-67b5-49c0-99e0-a95a3c7cf5a1-99401370.png,pv.snec.org.cn/api/getInviteCompanyList,2026
浙江凌志新材料有限公司,ZHEJIANG LINIZ ADVANCED MATERIALS CO..LTD.,,,,519112ff-1e90-45b8-bc74-58ecdc1a63d6,5d7cdbab-bc85-4333-a1b4-e443e3015067,,//download.snec.org.cn/SNEC/article/2025/05/23//凌志新材logo(1)-91996019.png,pv.snec.org.cn/api/getInviteCompanyList,2026
杭州久铮技术有限公司,"HangZhou JiuZheng Technology Co., LTD",,,,ee5b6ec9-991c-4ea1-bc2f-4f046ad996e1,493f7c5c-220c-4f72-85bf-cf457f22020f,3aaed9cd-8f1c-4dd9-b0a2-a7ab79e48fe4,//download.snec.org.cn/SNEC/article/2024/05/13//微信图片_20240327111419-72582166.png,pv.snec.org.cn/api/getInviteCompanyList,2026
深圳市超储新能源有限公司,"Shenzhen Suwatt New Energy Co.,Ltd",,,,a077c650-b187-4ca5-88b9-4b8a7eb0a75b,662b7f75-84fb-4574-a980-ef14fa72e139,,//download.snec.org.cn/SNEC/article/2025/03/03//SUWATT LOGO-50307330.png,pv.snec.org.cn/api/getInviteCompanyList,2026
浙江御辰东智能科技有限公司,Machine X Tech Corporation Limited,,,,f3577ea1-4b25-48d6-9bad-028dd2f73b56,15723bea-4422-4fdc-9347-1fa2f9b54a41,,//download.snec.org.cn/SNEC/article/2025/05/23//中文透明色-12409615.png,pv.snec.org.cn/api/getInviteCompanyList,2026
莱技精机（东莞）有限公司,"LaiJi (Jiangsu) Intelligent Manufacturing Co., Ltd.",,,,b8f361ca-994a-4fed-a7de-926608a619da,49269369-2e0b-4f07-ad70-af63f55d0b90,,//download.snec.org.cn/SNEC/article/2025/05/24//微信图片_20250524180413-69706075.png,pv.snec.org.cn/api/getInviteCompanyList,2026
挪亚检测认证集团,NOA Testing & Certification Group,,,,37cfeeab-53e2-48e0-96b8-7d15007b1acb,c816dfce-5983-4d70-97d5-f44c6328c27a,ea69e0cd-775e-4521-9ef8-323cf904a72f,//download.snec.org.cn/SNEC/article/2024/05/08//挪亚检测认证集团logo-58973237.png,pv.snec.org.cn/api/getInviteCompanyList,2026
成都沃特塞恩电子技术有限公司,chengdu wattsine elect,,,,1cc0e185-26de-42c3-96d4-449c701726ba,f87105d8-09c2-4efa-a20a-d3c0abc92432,dc14dc58-64ef-48ab-bbbf-6f75a1fdbb30,//download.snec.org.cn/SNEC/article/2024/04/07//商标-53876777.png,pv.snec.org.cn/api/getInviteCompanyList,2026
大恒能源股份有限公司,"DAH Solar Co., Ltd.",,,,80abbdb6-aa68-4c2b-a10b-670146e1da7a,ca15198e-8c79-4ed6-8977-eceab0e67309,,//download.snec.org.cn/SNEC/article/2025/05/27//logo_画板 1-47210281.png,pv.snec.org.cn/api/getInviteCompanyList,2026
江苏润阳新能源科技股份有限公司,"Jiangsu Runergy New Energy Technology Co., Ltd.",,,,d0df1a6b-284b-4806-ba13-3805af74531e,0b07d1d4-f616-45be-b678-74344293329b,9b70c1f2-7add-4c2c-a65d-f1ca1616a6ab,//download.snec.org.cn/SNEC/article/2024/05/08//runergy中文logo-85894853.png,pv.snec.org.cn/api/getInviteCompanyList,2026
沧州沧一机床附件制造有限公司,"Cangzhou Cangyi Machine Tool Accessories Manufacturing Co., Ltd",,,,6260f11c-85af-4151-a625-038c699835cc,46d99049-f237-4208-91d6-ec086fe571bb,,//download.snec.org.cn/SNEC/article/2025/03/06//公司logo-02193777.png,pv.snec.org.cn/api/getInviteCompanyList,2026
浙江润马光能集团有限公司,"ZHEJIANG RONMA SOLAR GROUP CO.,LTD.",,,,800253ac-5626-4788-a40c-ea7341f0b94f,bf085a7c-6c39-4311-8994-924d0b8a99ed,3a2d8c84-4efe-419b-a60c-8f4fc7236303,//download.snec.org.cn/SNEC/article/2024/04/25//标志加描边-98299598.png,pv.snec.org.cn/api/getInviteCompanyList,2026
上海敏硕机械配件有限公司,"Shanghai Min Shuo Machinery Parts Co., Ltd.",,,,8e8d4c68-e626-438e-9ea9-aa688d8c1993,20f9b360-3608-4899-8857-6225bac7aaa9,,//download.snec.org.cn/SNEC/article/2024/05/21//敏硕logo-独立-64688664.png,pv.snec.org.cn/api/getInviteCompanyList,2026
江苏固尚新能源有限公司,"Jiangsu GoodSun New Energy Co., Ltd",,,,9f787015-3688-4395-aae5-894efb3b4c22,b538c2e5-b8d9-4d1d-a42e-ef28d7915ae3,581f3a14-7546-4744-a261-7765cf497805,https://download.snec.org.cn/SNEC/article/2023/05/08//LOGO-45452749.png,pv.snec.org.cn/api/getInviteCompanyList,2026
苏州希倍优氢能源科技有限公司,"CPU Hydrogen Power Technology (Suzhou) Co., Ltd.",,,,5e8af206-5959-431d-b0a0-868d636c543a,a4dd6dae-4f60-4209-8a90-62ca00b3757b,05f84ed3-3d53-4490-a327-3657458f7773,https://download.snec.org.cn/SNEC/article/2023/05/08//170`70 -13710375.jpg,pv.snec.org.cn/api/getInviteCompanyList,2026
福伏科技（廊坊）有限公司,"Fufu Technology (Langfang) Co., Ltd",,,,a418e563-5b63-4d40-95c0-1e8532334899,a3715faf-f52b-404c-a3c1-963270dee0a1,,//download.snec.org.cn/SNEC/article/2025/05/28//QQ_1748396721999-61804064.png,pv.snec.org.cn/api/getInviteCompanyList,2026
无锡先导智能装备股份有限公司,"WUXI LEAD INTELLIGENT EQUIPMENT CO.,LTD.",,,,807c6aa9-e539-4c25-9267-bc61af23df05,bbb35e81-3ddb-49bb-bfb7-32f43484e467,,//download.snec.org.cn/SNEC/article/2025/05/26//先导logo新-04-66805115.png,pv.snec.org.cn/api/getInviteCompanyList,2026
苏州新智元洁净科技有限公司,"Suzhou Xinzhiyuan Clean Technology Co., Ltd",,,,f3c29c15-e58b-4bd9-b1ef-bcd5cc69ff93,4b1024ff-0de2-406b-ae13-8fa2420bd714,d4f1674d-325e-43a6-87d7-743af600eb24,//download.snec.org.cn/SNEC/article/2023/10/08//628f499061b082104638f4f7e70bd91-11474359.png,pv.snec.org.cn/api/getInviteCompanyList,2026
杭州埃欧珞机器人科技有限公司,"Hangzhou iOULUO Robot Technology Co., Ltd.",,,,02ff517a-e1ab-4e66-af62-5aaeb9364bce,b2ae1fe1-89db-4ea9-a9c5-1621d410364f,7c30f064-d62b-4036-a9a2-defb79259272,//download.snec.org.cn/SNEC/article/2024/04/03//WechatIMG3772-83655127.png,pv.snec.org.cn/api/getInviteCompanyList,2026
汇耀品尚能源科技,huiyaopinshang energy technology,,,,4562e6ec-9384-4e0d-a6a8-cdd5965604c2,d11f402a-33fc-4d71-abea-6f6b36665d6f,0b717cf9-0271-4482-998f-92426bd25f38,https://download.snec.org.cn/SNEC/article/2023/05/12//ff-31188655.jpg,pv.snec.org.cn/api/getInviteCompanyList,2026
思源电气股份有限公司,"Sieyuan Electric Co., Ltd.",,,,d0d136c1-e5ec-47d3-b7cd-8e48ee4b1e62,e59f8f6d-95d1-4ea5-a9d7-c3e5937f75f5,d41459d6-48c0-4aa6-9542-21cab227c97d,//download.snec.org.cn/SNEC/article/2024/04/28//logo-22513426.png,pv.snec.org.cn/api/getInviteCompanyList,2026
韵腾激光,intelaser,,,,c9800ca3-0cec-4685-8686-7deee71862d9,c2484287-4a46-402b-b57d-633118705312,117ffccf-75c2-4ff7-bc02-a75bd7593f06,//download.snec.org.cn/SNEC/article/2024/04/28//logo-36203774.png,pv.snec.org.cn/api/getInviteCompanyList,2026
上海韵申新能源科技有限公司,Shanghai Rhyme New Energgy Technology Co..Ltd,,,,350e1830-7951-45c1-a977-d5ff806c5a8f,2c0fcc9f-342d-4c6c-b44f-cdd777e701a0,8551ac01-ac65-46b4-b79c-d6223bedeee8,//download.snec.org.cn/SNEC/article/2024/05/31//公司-logo-56166083.png,pv.snec.org.cn/api/getInviteCompanyList,2026
廊坊亿汇金属制品有限公司,"Langfang Yihui Metal Products Co.,Ltd. ",,,,9adc2bee-d7f9-4525-be74-a16682131cf2,e1705063-5f79-4be7-a559-a93165a7dd61,,//download.snec.org.cn/SNEC/article/2025/05/29//亿汇-76368487.png,pv.snec.org.cn/api/getInviteCompanyList,2026
无锡英臻科技股份有限公司,"IGEN TECH CO., LTD.",,,,0420cbcf-c21c-40de-803d-99498426f3f0,121b3936-cf63-49f3-8710-55e92ba53bb9,7b3a02ce-577f-449c-b552-4d50ef0aaafa,//download.snec.org.cn/SNEC/article/2024/05/17//logo-蓝字-45264947.png,pv.snec.org.cn/api/getInviteCompanyList,2026
上海盛剑环境系统科技股份有限公司,"Shanghai Shengjian Environment Technology Co., Ltd.",,,,6ff9554c-c8ed-401c-befa-b42b5e60e97f,fb89f063-7555-4ab2-aead-0f3f1070b767,968b1673-2b86-4296-a911-0eaf20c95f50,//download.snec.org.cn/SNEC/article/2024/04/25//1×1m尺寸 (2)-76549886.png,pv.snec.org.cn/api/getInviteCompanyList,2026
湖南中伟新银材料科技有限公司,"Hunan CNGR Silver Based Material Technology Co., Ltd",,,,79bce25e-6940-4bd6-aca4-757fc21bc1cf,3afbc176-a2a1-400d-8e42-21d6ccb6d09c,38cb51d4-0679-4e5a-beff-7be9cdeaeaea,//download.snec.org.cn/SNEC/article/2024/04/11//LOGO（2022新）(1)-68754272.png,pv.snec.org.cn/api/getInviteCompanyList,2026
广东三木科技有限公司,"Guangdong Sanwood Technology Co., Ltd ",,,,5a59c737-354f-491f-a6dc-beef1e6cda00,f86c2317-18ec-4aa9-8e7d-d74eb37d34ef,bba85a12-162b-4917-9822-1cb863309829,//download.snec.org.cn/SNEC/article/2024/04/25//微信图片_20240119110321-54308109.png,pv.snec.org.cn/api/getInviteCompanyList,2026
廊坊思拓新能源科技有限公司,"LangFang Sol-Bright New Energy Technology Co., Ltd.",,,,2907be10-a47a-455b-8dc7-8078b4a89cc9,ba4dc685-65e3-4596-b30a-106f0a2f6280,420ff4a6-b4f0-4643-be80-5d5f216911ef,//download.snec.org.cn/SNEC/article/2024/03/29//黑色png-91368111.png,pv.snec.org.cn/api/getInviteCompanyList,2026
 宏鹰国际货运(上海)有限公司, CEVA Freight Shanghai Limited,,,,70943565-8fd7-4b6a-bf98-7794af644767,077d9f7a-650e-45ea-9fc0-cf6f47c91de8,1427f7ab-3968-45d4-a397-dd7ac4d2c62a,//download.snec.org.cn/SNEC/article/2024/05/31//CEVA Logo White-170-21462009.png,pv.snec.org.cn/api/getInviteCompanyList,2026
宜兴市华恒高性能纤维织造有限公司,"YIXING HUAHENG HIGH PERFORMANCE FIBER TEXTILE CO.,LTD",,,,07cd4070-fb6d-47e8-9e02-2733235dd633,01c33574-ccb5-435b-bf90-b5d87439a916,70871b96-f256-4bca-93bb-b38d5ad920c7,//download.snec.org.cn/SNEC/article/2024/04/16//logo-17099842.png,pv.snec.org.cn/api/getInviteCompanyList,2026
湖南艾华集团股份有限公司,"Hunan Aihua Group Co.,Ltd.",,,,3296c072-0ad0-4b8d-870e-36eb38566a0c,1729f0ee-2955-409f-9b53-a4c8a4cca069,bee0889e-6349-4acf-81ea-0d54ee4644f3,//download.snec.org.cn/SNEC/article/2024/04/02//艾华集团+AISHI 蓝色-37094945.png,pv.snec.org.cn/api/getInviteCompanyList,2026
安徽阜兴新能源科技有限公司,"AnHui FuXing New Energy Technologies Co., Ltd.",,,,3bd8e739-94ae-42ed-ae43-20c9acf83355,a0aee9b1-47f7-4d8b-a5f7-e86a3b2feae2,b17409db-f139-4816-b443-a16df9ad7d80,//download.snec.org.cn/SNEC/article/2024/04/22//logo-07605204.png,pv.snec.org.cn/api/getInviteCompanyList,2026
凌度(广东)智能科技发展有限公司,"Lingdu (Guangdong) Intelligent Technology Development Co., Ltd",,,,5e1747cc-6b17-4538-af85-688f54eeb76f,e4cbd5e5-8c6d-451d-bb72-3b0b448212a0,d9009a81-2910-4bbc-8d0b-7593c02256db,//download.snec.org.cn/SNEC/article/2024/04/24//new--资源 31@300x - 副本-37701965.png,pv.snec.org.cn/api/getInviteCompanyList,2026
金晶(集团)有限公司,"JINJING GROUP CO.,LTD. ",,,,574afb0f-9b5b-4e67-8dc7-da720869600a,7f679906-2b7d-464e-8bb9-6f14d6e0c16b,,//download.snec.org.cn/SNEC/article/2025/05/24//jinjing3333-45309421.png,pv.snec.org.cn/api/getInviteCompanyList,2026
深圳市云天数字能源有限公司,"Shenzhen Yunt Digital Power Co., Ltd.",,,,0cdc60e7-7528-41f7-86fe-bc4eb53c99c4,b007a1d7-5315-4130-be38-027538a97e05,512f71ac-3552-490e-98c4-bccf8e466d5a,//download.snec.org.cn/SNEC/article/2024/03/22//LOGO副本1-88725320.png,pv.snec.org.cn/api/getInviteCompanyList,2026
上海协微环境科技有限公司,"Shanghai Shareway Environment Technology Co., Ltd.",,,,13f10b65-91fb-417d-9c95-ea0595910e32,1c5cc29e-0f76-4664-8ef6-6818cdd167b8,,//download.snec.org.cn/SNEC/article/2024/04/09//Shareway+协微环境 透明底-60963331.png,pv.snec.org.cn/api/getInviteCompanyList,2026
上海迅音科技有限公司,"Shanghai Xunyin Technology Co., Ltd",,,,1c44116f-8cc6-437f-a464-594274e37094,e705f47d-a468-4425-855a-d8d0b2c37e33,3c80f4f4-e6ef-4c95-9e45-487f2cc80d42,//download.snec.org.cn/SNEC/article/2024/05/24//迅音科技-170-70-49749778.png,pv.snec.org.cn/api/getInviteCompanyList,2026
山东鑫泓新材料有限公司,"Shandong Xin Hong New Materials Co., Ltd.",,,,dae35982-ed0b-44db-9039-894de3a896a4,6105f157-eeca-478d-a77a-09d5af04aa44,01bd7b72-ed50-452d-9e0f-b35cde553618,//download.snec.org.cn/SNEC/article/2024/05/20//鑫泓LOGO-53133609.png,pv.snec.org.cn/api/getInviteCompanyList,2026
青谷智控有限公司,"Shenzhen Tringo Control Co., Ltd.",,,,fe96785e-a5b5-4435-bd68-f27e344c1d50,700b0a05-aca0-4b4b-8012-5d9a6f42f0cb,f081990e-dc26-4e87-847c-3bb68755199c,//download.snec.org.cn/SNEC/article/2024/05/24//img_v3_02ar_7332fddf-47c7-46aa-876f-85db743ee7bg(1)-00291543.png,pv.snec.org.cn/api/getInviteCompanyList,2026
中步擎天新能源（湖北）有限公司,www.chintiyansolar.com,,,,131121d7-ee70-4409-a8d6-1d34f83d2fd1,76142987-7839-4912-9a16-ee77759cd530,,//download.snec.org.cn/SNEC/article/2025/05/27//公司logo镂空图横版-53735187.png,pv.snec.org.cn/api/getInviteCompanyList,2026
德雷射科（廊坊）科技有限公司,"Delicacy Laser Optoelectronics (Langfang) Technology Co., Ltd",,,,a2acbdc0-87b6-4d42-8e89-4c2e6ab37bd7,a7eb7d83-9bdb-46a5-b774-52e8ab964038,,//download.snec.org.cn/SNEC/article/2025/05/24//新LOGO-太阳模拟器-14988754.png,pv.snec.org.cn/api/getInviteCompanyList,2026
中认国创检测技术（江苏）有限公司,"CQC-Guochuang Testing Technology (JIANGSU) Co., Ltd",,,,a6142ebc-1afd-4d0c-95e9-a400c140d873,d2d36a8b-d42f-4a51-b894-80518c2c9b9b,,//download.snec.org.cn/SNEC/article/2025/05/25//1748138624127-52733554.png,pv.snec.org.cn/api/getInviteCompanyList,2026
苏州和自兴智能科技有限公司,,,,,be432764-b5f6-4636-89b3-06072b3e380b,cbf9570f-8199-455d-8167-d59521fbe298,ad3a30cb-47f4-486f-b243-3237cd997c0b,https://download.snec.org.cn/SNEC/article/2025/05/29//和自兴-51924421.jpg,pv.snec.org.cn/api/getInviteCompanyList,2026
CK77WB,CK77WB,,,,37f659cc-0cf8-4b79-9ad2-4a2e5adb5df7,,417fc1ff-aa9e-446b-9c75-1374ce3033aa,//download.snec.org.cn/SNEC/article/2022/09/15//468-60-02-00177511.jpg,pv.snec.org.cn/api/getInviteCompanyList,2026
上海乔治费歇尔管路系统有限公司,"Georg Fischer Piping Systems Ltd., Shanghai",,,,47e51751-3eaf-4a5d-8bb5-f04f7e388254,882fd626-c7b5-4fca-946e-784d12ec5eb9,525067e3-81b8-45b8-8b98-fbf0ea5940c0,//download.snec.org.cn/SNEC/article/2024/04/24//GF_Logo_RGB_GF_Blue_1_300dpi-57345724.png,pv.snec.org.cn/api/getInviteCompanyList,2026
上海思源低压开关有限公司,"Shanghai Sieyuan Low voltage Switchgear Co., Ltd.",,,,44effaa0-5795-4276-bec7-d460b3d566a9,361f8f13-0cc4-4d54-b35e-cf5ec554e198,c77098d7-e6a7-4e8d-9416-3dfa68c32082,//download.snec.org.cn/SNEC/article/2024/05/17//思源LOGO-png-69884336.png,pv.snec.org.cn/api/getInviteCompanyList,2026
EUTRACO,EUTRACO,,,,1f45668a-2784-4d30-aa27-afb2a5355b97,9e141f7e-5432-42eb-8943-391d94aaf0e6,034bc164-0a6a-4c91-b798-1aa8b6ccc404,//download.snec.org.cn/SNEC/article/2024/05/27//1716817487768-38554317.png,pv.snec.org.cn/api/getInviteCompanyList,2026
广州鹏辉能源科技股份有限公司,"Guangzhou Great Power Energy & Technology Co., Ltd.",,,,9da4ce78-8b87-45de-a2b4-f286d9ef78a6,d3a91801-3e11-4cc1-947e-57cb4e5079c8,f26a829e-253f-4f8c-bb82-88a216e9f63c,//download.snec.org.cn/SNEC/article/2024/05/27//鹏辉能源logo（透明底蓝色）-RGB-电子资料用色-39866188.png,pv.snec.org.cn/api/getInviteCompanyList,2026
宁波鲍斯能源装备股份有限公司,"NINGBO BAOSI ENERGY EQUIPMENT CO.,LTD",,,,8bf0bf0b-335e-4656-a1c2-f09565565d2f,526c22c7-366f-4dc9-adaa-017f2fd80489,0128fd10-a04e-4623-a82b-cfd03abb30a9,//download.snec.org.cn/SNEC/article/2024/05/07//鲍斯股份-27700660.png,pv.snec.org.cn/api/getInviteCompanyList,2026
浙江振石新材料股份有限公司,"Zhejiang Zhenshi New Material Co., Ltd.",,,,acb1ee7d-a7d3-40ee-9e3e-e4729e30bd70,b4e39903-e8d8-4bbb-a611-2a9aa0331c15,b8f87a85-a4bd-4419-927f-f50dc9e76eba,//download.snec.org.cn/SNEC/article/2024/05/15//微信图片_20240515140146-61506770.png,pv.snec.org.cn/api/getInviteCompanyList,2026
江苏中润光能科技股份有限公司,"Solarspace Technology Co., Ltd",,,,75d807f8-a6c3-46ea-8142-71b203222502,8abce05f-c2dc-475b-8862-2824a747d2a4,5ee94a02-5620-4bb8-8a57-0dc5c17ff91b,//download.snec.org.cn/SNEC/article/2024/04/02//附件三SolarSpace logo-25519262.png,pv.snec.org.cn/api/getInviteCompanyList,2026
上迈（镇江）新能源科技有限公司,Sunman Energy,,,,892ddc90-bed7-4598-a736-449bccdb9d0e,54c8ef97-2545-439b-a49d-9283250657a6,939f5a94-5cc8-4364-8a6b-e2976b8b4792,//download.snec.org.cn/SNEC/article/2024/04/25//上迈新能源logo 中文-40349823.png,pv.snec.org.cn/api/getInviteCompanyList,2026
测试展厅信息1,测试展厅信息1,,,,8e698c3f-439c-4dbe-b991-0a8c62d6df68,6910aba2-9378-4139-bd7c-c697c8ea62c6,,//download.snec.org.cn/SNEC/article/2025/01/15//测试-42195740.png,pv.snec.org.cn/api/getInviteCompanyList,2026
深圳天顺智慧能源科技有限公司,"Shenzhen Titan Smart Energy Technology Co., Ltd.",,,,715fe22e-14e2-4a27-87b1-d315522ce0a2,a64cdbfe-6a66-4524-82ed-4276df33d055,a46916e8-f792-45a4-b6a0-ff094cdefa42,//download.snec.org.cn/SNEC/article/2024/05/16//170X70-87489626.png,pv.snec.org.cn/api/getInviteCompanyList,2026
西安奇点能源股份有限公司,"Xi'an JDEnergy Co., Ltd",,,,42c42e71-9ba0-4174-a082-6e6467cfe457,19a2f661-6e53-4a6d-ab73-6fad799477fc,019ff530-e45f-40fc-9296-b986d7c205ab,//download.snec.org.cn/SNEC/article/2024/05/09//奇点logo矢量图 橙蓝-49907713.png,pv.snec.org.cn/api/getInviteCompanyList,2026
泰科电子,TE Connectivity,,,,94769629-70c4-47e9-a554-7902698ff12c,547f40e8-86f3-4acd-9c5d-8b8c234a830a,0b495ffc-2b84-418f-a3b0-a7d527ee329a,//download.snec.org.cn/SNEC/article/2024/02/29//1709188061089-19436283.png,pv.snec.org.cn/api/getInviteCompanyList,2026
余姚市永创电磁阀有限公司,"Yongchuang solenoid Valve Co.,ltd.",,,,c50ca827-7e0b-4bb3-8621-4ffb73506b75,44f5389e-7dc4-47ac-b86e-d47a35aca420,,//download.snec.org.cn/SNEC/article/2025/05/23//111-83841718.png,pv.snec.org.cn/api/getInviteCompanyList,2026
深圳市唯特偶新材料股份有限公司, SHENZHEN VITAL NEW MATERIAL COMPANY LIMITED,,,,71572872-b6e9-4c68-bfea-a7d3b6fd49e3,3c1c2104-e98c-4541-9027-a2b21d228d75,6ef7886e-e6f4-4abd-85fd-40d14a642e87,//download.snec.org.cn/SNEC/article/2024/05/27//唯特偶logo组合1-50638935.png,pv.snec.org.cn/api/getInviteCompanyList,2026
广州耐普新能源有限公司,"GUANGZHOU NPP NEW ENERGY CO.,LTD.",,,,ceeefe7a-6131-4afa-8dd5-d79026623ae7,a763ce13-53d1-408e-a71b-00964faad56a,0f387aa8-4061-48d7-a40f-88320826054f,//download.snec.org.cn/SNEC/article/2024/04/19//NPP LOGO 180060-12972124.png,pv.snec.org.cn/api/getInviteCompanyList,2026
江苏科强新材料股份有限公司,"Jiangsu Keqiang New Material Co.,Ltd",,,,7fc24d0e-dfdd-4a0b-bed0-dc49958ecff6,63108451-2633-47e0-ac8d-ed6e94338f37,ed83d52a-9db7-4eb0-a2b4-eeb30e06f642,https://download.snec.org.cn/SNEC/article/2025/05/29//江苏科强-14576494.jpg,pv.snec.org.cn/api/getInviteCompanyList,2026
安徽诺科新能源有限公司,"Nuuko Power Co.,Ltd",,,,4c4afdb8-cb9b-4ea8-b4b6-30002e0415a6,d0c0547d-b9fa-4aa7-9cf8-a1a356a78fb5,d5373a51-6d5a-40f2-8076-77e6b688c568,//download.snec.org.cn/SNEC/article/2024/04/25//NUUKO-31961245.png,pv.snec.org.cn/api/getInviteCompanyList,2026
上海申毅洛希能源科技有限公司,"Shanghai Shenyi Roche Energy Co., Ltd.",,,,2d418fc4-985e-4baa-9f85-661327ad28e6,c715093c-0b23-4004-a2ad-1c3ec0e7352e,52dbdc14-8786-427b-a099-125d67bcd84b,//download.snec.org.cn/SNEC/article/2024/05/09//黄黑中文logo-63691816.png,pv.snec.org.cn/api/getInviteCompanyList,2026
艾姆华世特（苏州）传动设备有限公司,M-Haste(Suzhou) transmission equipment Co.，Ltd,,,,07b88b6a-9f1b-4603-8f99-b2ece12a1f4f,037ef14d-1a50-41eb-ad51-897c002af3c4,a2df01a2-f919-4b17-8613-b361ad377a65,//download.snec.org.cn/SNEC/article/2024/04/16//logo1-93771233.png,pv.snec.org.cn/api/getInviteCompanyList,2026
东海县凯凯石英制品有限公司,"DONGHAI KAIKAI QUARTZ PRODUCTS CO.,LTD",,,,c7ba0e6a-7b8c-4555-8445-6444501e2474,506e4546-763a-4a3e-93c0-6a442bdf5b9a,,//download.snec.org.cn/SNEC/article/2025/05/28//QQ_1748400239829-24214762.png,pv.snec.org.cn/api/getInviteCompanyList,2026
上海舜锋机械制造有限公司,"shanghai Shun Feng Machinery Manufacturing Co., Ltd.",,,,970971ea-36c9-4533-b860-83309ce1f38e,d6da7a93-19be-46fb-a478-ed9888526cf2,,//download.snec.org.cn/SNEC/article/2025/05/23//图片1-25352578.png,pv.snec.org.cn/api/getInviteCompanyList,2026
深圳睿电绿能科技有限公司,"Shenzhen Ruidian Green Energy Technology Co., Ltd.",,,,fdef387f-c9fd-43ce-9a30-2265f8f53537,9c2710db-fe8c-44e9-bf11-8cbfeb5cc5d8,7dd8d745-a605-44c4-baea-985f4b8cab35,//download.snec.org.cn/SNEC/article/2024/05/09//艾比森新能源logo（中文-黑橙）.png_副本-82416276.png,pv.snec.org.cn/api/getInviteCompanyList,2026
邯郸市晨翔紧固件制造有限公司,Handan Chenxiang Fastener Manufacturing Co.，Ltd,,,,c524dacd-5acc-4271-9b26-f82d1fa23958,6021a70a-7ee5-4870-9be8-dba4433404c6,dc2e8fed-6d24-45d5-a718-48312f43443d,https://download.snec.org.cn/SNEC/article/2025/05/29//邯郸市晨翔-33072964.jpg,pv.snec.org.cn/api/getInviteCompanyList,2026
南通皋鑫科技开发有限公司,"NanTong GaoXin Science And Technology Development Co.,Ltd",,,,df5f0544-6db3-49e3-8db3-090f19c8f5e6,4130872d-1b80-447c-9628-6bac58b28c26,,//download.snec.org.cn/SNEC/article/2025/05/28//QQ_1748396881282-95349366.png,pv.snec.org.cn/api/getInviteCompanyList,2026
无锡市尚领石英科技有限公司,"Wuxi ShangLing Quartz Technology Ca., Ltd.",,,,e5bb56ab-2faf-446b-bf1a-d2e98b513762,f7f96ae3-8b67-4a5a-81a5-7b1a38a1c92d,799959d3-1e7b-4be9-9020-3b0ae4d620df,//download.snec.org.cn/SNEC/img/2025/05/07//ae62be73f6ee383b1e44f56a0c5a77b-13640941.png,pv.snec.org.cn/api/getInviteCompanyList,2026
邯郸市利企紧固件制造有限公司,Handan Liqi Fastener Manufacturing Co.. Ltd.,,,,5f926916-1e5a-4e10-86ab-5b3d8bc2785c,e68c6151-3de1-4566-a1d5-d91ba42a06b5,42a01d30-03fd-4b3e-bd49-c88c24536fc0,//download.snec.org.cn/SNEC/article/2024/05/27//利企logo-03252977.png,pv.snec.org.cn/api/getInviteCompanyList,2026
苏州普兆新能源设备有限公司,"PROJOY ELECTRIC CO., LTD",,,,5829ee4f-34a3-4297-b6b5-4d1b0bd46f37,75d5fec5-d82d-4777-92ad-bd8e829f67e7,82d8af66-c65e-4475-b7b0-cabc59cba356,//download.snec.org.cn/SNEC/article/2024/04/01//普兆logo-31431373.png,pv.snec.org.cn/api/getInviteCompanyList,2026
北京群菱能源科技有限公司,"Qunling Energy Resources Technology Co.,Ltd",,,,bac2cfde-5505-4ba1-8fd2-8834b6a8621a,37867160-3692-4e7d-a40c-04bc0fdd1bba,5856afa3-d56f-4cc8-aee2-ad2544c170de,//download.snec.org.cn/SNEC/article/2024/06/06//LOGO 群菱-91881597.png,pv.snec.org.cn/api/getInviteCompanyList,2026
北京创四方电子集团股份有限公司,"Beijing TransFar Electronics Group Co., Ltd",,,,9fb4e670-db8e-47d1-9a6f-f89d5a1ce302,7dff1342-1ae8-4b95-ba19-adf1b1e349c5,cd87ac89-45a3-47f2-83b5-cfd0db811ea0,//download.snec.org.cn/SNEC/article/2024/04/03//3.3-64648667.png,pv.snec.org.cn/api/getInviteCompanyList,2026
浙江富铭科技股份有限公司,"Zhejiang Fomay Technology Co., Ltd.",,,,4d4e90ec-eb73-4225-a605-c23e7fe495d3,31dcd1fd-39f9-4f60-89e9-4bf9cea0595d,,//download.snec.org.cn/SNEC/article/2025/05/27//富铭logo-25961045.png,pv.snec.org.cn/api/getInviteCompanyList,2026
高安安（北京）安全技术有限公司,"Gao'an'an (Beijing) Security Technology Co., Ltd",,,,fab64ff8-f5b7-4014-9b1f-bea6e9fc4052,5bcd4b73-194c-4a7f-bb19-5d75486c15dd,,//download.snec.org.cn/SNEC/article/2025/05/27//高安安logo-54545166.png,pv.snec.org.cn/api/getInviteCompanyList,2026
上海上善能及能源科技有限公司,"Shanghai SciencEnergy Technology Co., Ltd",,,,ed4c6a94-293e-4871-870d-03f9468a0e69,fedd64ae-ff3f-46d5-898b-b5f5721ce114,5b9e2392-6533-41ef-a39d-71c6f921b731,//download.snec.org.cn/SNEC/article/2024/05/06//11-62877784.png,pv.snec.org.cn/api/getInviteCompanyList,2026
江苏国强兴晟能源科技股份有限公司,"JIANGSU GUOQIANG SINGSUN ENERGY CO.,LTD.",,,,e6c2c5b2-9f14-4dc0-8b1f-fdf8930656c1,fa050a05-f3db-4a21-aa4e-d17096e75156,7ce7e885-e13d-4a8e-9f16-6bb7018d70a2,//download.snec.org.cn/SNEC/article/2024/05/17//新LOGO - 副本 (2)-31865725.png,pv.snec.org.cn/api/getInviteCompanyList,2026
株式会社大阪真空机器制作所,OSAKA VACUUM，LTD.,,,,4812643c-a280-461e-8cdd-052ddfbcd0b9,d00e2830-8c7f-4d0d-b328-616f0cf757aa,c28dee6c-ef3c-40ac-a079-83a735411941,//download.snec.org.cn/SNEC/article/2024/04/16//ロゴ＋社名下（日英）-45023318.png,pv.snec.org.cn/api/getInviteCompanyList,2026
杭州联芯通半导体有限公司,"Hangzhou Lianxintong Semiconductor Co.,Ltd.",,,,9b124ba2-7d7f-4968-b203-32b544607ce1,61b9d817-62cd-41c1-b33d-2c12ab974d81,4a0bd264-96ed-4acb-869a-ee843c9676ad,//download.snec.org.cn/SNEC/article/2022/10/12//unicomsemi-85234766.jpg,pv.snec.org.cn/api/getInviteCompanyList,2026
通快霍廷格电子,TRUMPF Huettinger ,,,,a05c3885-930c-4f36-9d05-f23fb41b2167,8089c6a9-ee36-4671-956b-088c249b48ec,7e368838-f994-48cd-b332-146d9ebd12c9,//download.snec.org.cn/SNEC/article/2024/04/25//TRUMPF_Hüttinger_Logo-removebg-preview-72497702.png,pv.snec.org.cn/api/getInviteCompanyList,2026
江西沐邦高科股份有限公司, Jiangxi Mubon Hi-Tech Co.，Ltd,,,,c8c9388d-eeda-41f9-83a5-692f4d0e572d,2a66b3ce-784f-405c-a64c-c0f5855ab727,5b78bb54-08ef-4cab-81c7-29a43314ad67,//download.snec.org.cn/SNEC/article/2024/05/06//未标题-1-37398354.png,pv.snec.org.cn/api/getInviteCompanyList,2026
四川联材金属表面处理有限公司,"Si Chuan Lian Cai Metal Surface Treatment Co., Ltd.",,,,7dfafc5c-8e2c-4aed-95f1-3052c35734d8,9fa5030c-211d-4b1b-b2ab-c0278c35fd96,,//download.snec.org.cn/SNEC/article/2025/05/27//logo_副本-56168478.png,pv.snec.org.cn/api/getInviteCompanyList,2026
苏州鑫本智能科技有限公司,"Suzhou Xinben Intelligent Technology Co., Ltd.",,,,ad8a7062-239b-4eff-80a2-b4ccc8ebbab4,74e464a9-308d-4bff-8752-199ddfe1c050,dbceea29-d8b4-46f6-a86a-93e14f081291,//download.snec.org.cn/SNEC/article/2024/04/08//鑫本智能LOGO - 副本-17114583.png,pv.snec.org.cn/api/getInviteCompanyList,2026
长沙岱勒新材料科技股份有限公司,"Changsha DIALINE New Material Sci&Tech. Co., Ltd",,,,ec78b52f-6406-4a21-b67c-ab4dd5ce1426,ae8bb691-d8dd-4ec9-99a6-781718ccfd61,,//download.snec.org.cn/SNEC/img/2024/04/25//岱勒LOGO微信图片_20240425135422-60332613.png,pv.snec.org.cn/api/getInviteCompanyList,2026
 珠海城电科技有限公司,"ZHUHAI CHENGDIAN TECHNOLOGYCO ., LTD",,,,e6b1ea1d-b289-4c46-ac33-73d99b6f756a,e42c9042-72b8-4847-ba35-dab5a1bc3c9e,bfc4e990-0ced-400e-819c-d63ebf445bff,https://download.snec.org.cn/SNEC/article/2023/05/08//未标题-1-84545110.jpg,pv.snec.org.cn/api/getInviteCompanyList,2026
深圳公大激光有限公司,"SHENZHEN GONGDA LASER CO.,LTD.",,,,e9677100-a222-4f3c-aad2-ddc70c59ce4f,9a3fdead-27a4-451d-b4f6-aa1483f6c345,c00f0f3d-2317-441f-8b1d-97ca782c1914,//download.snec.org.cn/SNEC/article/2024/05/20//公大激光LOGO-10918845.png,pv.snec.org.cn/api/getInviteCompanyList,2026
上海量洪机电设备有限公司,"shanghai lianghong Electrical and Mechanical equipment Co.,Ltd.",,,,bc308d0a-fc6b-4892-97e1-69e73bec3413,3ff4506b-6bb1-4e90-8855-ccd595dd1ceb,,//download.snec.org.cn/SNEC/article/2025/05/23//量洪机电logo-07368654.png,pv.snec.org.cn/api/getInviteCompanyList,2026
WAVELABS Eternal Sun GmbH,WAVELABS Eternal Sun GmbH,,,,4d5b7781-b3a4-4c0d-83b7-d254279f2a8f,d6605741-5782-4a2b-911a-397c59ca5889,,//download.snec.org.cn/SNEC/article/2026/04/24//4-Logo-76824185.png,pv.snec.org.cn/api/getInviteCompanyList,2026
杭州蓝芯科技有限公司,"Hangzhou Lanxin Technology Co., Ltd.",,,,bec911d1-680d-41cc-8c0a-a09db25fc1ad,95974992-c8ec-4c0f-9d48-3f5956dc4268,04fb1a92-4ba7-4d8b-963f-9b762fc4cf0e,//download.snec.org.cn/SNEC/article/2024/04/24//蓝芯横版LOGO-78924449.png,pv.snec.org.cn/api/getInviteCompanyList,2026
深圳迈格瑞能技术有限公司,Shenzhen Megarevo Technology Co. Ltd.,,,,fd5814f8-03a2-4dcf-9324-74970092a511,e60d8bae-9246-432c-bf44-b724bebab86f,d050bf53-0261-49f8-97fb-00420618d1cd,//download.snec.org.cn/SNEC/article/2024/04/23//logo-01-49012801.png,pv.snec.org.cn/api/getInviteCompanyList,2026
天津正隆金属制品有限公司,"TIANJIN ZHENGLONGXIN METAL PRODUCTS CO., LTD.",,,,fe0e7137-a1ef-4d13-8dea-bd519ee94756,4f3f9a8a-13f9-483a-aee0-635e179db0a3,b1161d63-8d16-457f-a74d-0367323fa334,//download.snec.org.cn/SNEC/article/2023/05/21//LOGO-71031018.JPG,pv.snec.org.cn/api/getInviteCompanyList,2026
浙江西霸新能源科技有限公司,"Westking New Energy Technology Co., Ltd.",,,,ee3c9507-0da0-491a-966c-dcaf4a7b6ec1,be9306a2-dbe9-4585-80fd-45f7908d5a1b,fffdb5b1-ccd3-4e40-8a93-b161fafb0997,//download.snec.org.cn/SNEC/article/2024/04/16//WESTKING-RGB01-01015489.png,pv.snec.org.cn/api/getInviteCompanyList,2026
辽宁微研波纹管制造有限公司,"Liaoning Microflex Bellows Manufacturing Co.,Ltd.",,,,6b25fd1d-dfb6-48ee-b20a-c9d1991786a4,50e5a5d6-159e-4919-a1a6-dc66d2eaf93b,,//download.snec.org.cn/SNEC/article/2025/05/23//图片1-82436626.png,pv.snec.org.cn/api/getInviteCompanyList,2026
浙江格亚电气有限公司,ZHEJIANG GEYA ELECTRICAL CO.LTD.,,,,0402a7d8-8058-4825-a089-fecb6c30de25,a7221f3a-f99d-40e0-b7c8-fe17ec07f5cf,,//download.snec.org.cn/SNEC/article/2025/05/28//ef1e1e36a54ff45dc54a881866b5915-57604936.png,pv.snec.org.cn/api/getInviteCompanyList,2026
浙江海纳精密设备有限公司,HAINAR PRECISION (ZHEJIANG) CO. LTD.,,,,0e40a9f3-9150-42d2-b940-66eb58901ee4,55d879cf-88ab-4913-a98a-dcbbf13aa199,730b9d70-c204-49ed-8418-f4ec9d33ff63,//download.snec.org.cn/SNEC/article/2024/06/04//1-36147183.png,pv.snec.org.cn/api/getInviteCompanyList,2026
铜陵力辰智能装备有限公司,"TONGLING LEACHAN INTELLIGENT EQUIPMENT CO.,LTD",,,,005167aa-eb7d-4e21-b385-6fb108d29e6f,f2f47424-91b7-4df6-a4a1-7b11918bc80b,cc486c40-7ddf-4e87-86a3-c1a3ce03a8c1,//download.snec.org.cn/SNEC/article/2024/05/08//微信图片_20240508200347-51046038.png,pv.snec.org.cn/api/getInviteCompanyList,2026
厚礼博精密仪器（北京）有限公司,"HORIBA Precision Instruments (Beijing) Co., Ltd.",,,,269cf1f6-cc4d-4a49-a728-dc45b52bab20,eb330eeb-973d-4ab7-a018-f762eed4792c,c9c784fa-1458-488e-84fa-e8467cf9f5c2,//download.snec.org.cn/SNEC/article/2024/05/09//HORIBA Precision Instruments_OL-99754698.png,pv.snec.org.cn/api/getInviteCompanyList,2026
杭州马上创新科技有限公司,"Hangzhou MSUNG Technology Co., Ltd.",,,,e5e9d8e9-060b-42d0-8c70-ea20e2b40466,00a16495-e11f-4bb3-ace7-5a7a6c2dec0d,,//download.snec.org.cn/SNEC/article/2025/05/23//未标题-2-51987289.png,pv.snec.org.cn/api/getInviteCompanyList,2026
中曜达新能源（浙江）有限公司,无,,,,4b80e763-716b-4b97-b7fe-b3739bc9e5b7,14d81e58-79d0-42c0-bb73-a990c2756a38,2b6e1711-03a3-4cca-b297-c384d932405e,//download.snec.org.cn/SNEC/article/2024/05/25//2(1)-14057775.png,pv.snec.org.cn/api/getInviteCompanyList,2026
江苏德天智能科技有限公司、深圳怪虫机器人有限公司,"Jiangsu Techlink Intelligent Technology Co.,Ltd.；Shenzhen Kwunphi Robot Co., LTD.",,,,555e788f-dc14-4e96-a71b-8fb247133404,74da86a1-a22e-4912-9f67-fe5ef5c77630,,//download.snec.org.cn/SNEC/article/2025/05/28//德天logo水印-07698366.png,pv.snec.org.cn/api/getInviteCompanyList,2026
易捷通电子有限公司,"EASYJOINT ELECTRIC CO.,LTD.",,,,814f6563-7efb-44f3-a785-d3b456e428f8,bac0792a-74fd-4d86-bdd1-0167fd2a8883,,//download.snec.org.cn/SNEC/article/2025/05/23//LOGO红色1-52203215.png,pv.snec.org.cn/api/getInviteCompanyList,2026
上海文依电气股份有限公司,"Shanghai Weyer Electric Co., Ltd.",,,,367cfc87-b428-4978-9bf4-6419eeaaad45,945b79a5-5f4c-4a38-b35a-45b3519a206b,,//download.snec.org.cn/SNEC/article/2025/05/28//QQ_1748414181332-50934989.png,pv.snec.org.cn/api/getInviteCompanyList,2026
湖南金博碳素股份有限公司,"KBC  CORPORATION,LTD.",,,,3f8348eb-38dd-4e87-9a6a-3e465e41605d,5bb1ed76-5220-4040-bcc0-6232596762cc,,//download.snec.org.cn/SNEC/article/2025/05/26//5M(竖)-54320372.png,pv.snec.org.cn/api/getInviteCompanyList,2026
安徽华晟新能源科技股份有限公司,"Anhui Huasun Energy Co., Ltd. ",,,,c73bf5e6-398b-4ac0-baa5-15c5d0bf5ead,8120d517-8022-411d-a4a8-82006e250a85,a4a7411c-e8ef-4b5c-9463-1a2e20db08a4,//download.snec.org.cn/SNEC/article/2024/04/17//华晟LOGO-12835087.png,pv.snec.org.cn/api/getInviteCompanyList,2026
成都欧安电气股份有限公司,"Chengdu Eusafe Electric Co.,Ltd	",,,,5ac0880a-6b91-4a22-8c73-8b57f5e6e51c,f1ef1fff-aa3a-4ce8-a0cd-dbf7041c205a,8f63565a-75ba-4d6f-8f6a-a22f63181396,//download.snec.org.cn/SNEC/article/2024/05/16//11111-03444529.png,pv.snec.org.cn/api/getInviteCompanyList,2026
宁波速普电子有限公司,"NINGBO SUPU ELECTRONICS CO.,LTD.",,,,31d994e4-7fc5-466e-af8e-a8c75fd5f436,bf18bfcb-d8b9-4c03-957f-8df8b0a43b5a,33361eaf-8d57-4922-8b14-e446947ac68c,//download.snec.org.cn/SNEC/article/2024/04/12//速普带中文logo-76925116.png,pv.snec.org.cn/api/getInviteCompanyList,2026
武汉美格科技股份有限公司,Flexsolar Company,,,,2b51fc3b-4e49-47d3-86fa-e7005dfa8393,748632f0-38eb-445c-826b-dd7f3534e9a7,e0cdb5dc-f243-4bc3-82f8-ef3840de5992,//download.snec.org.cn/SNEC/article/2024/05/22//企业logo-84316982.png,pv.snec.org.cn/api/getInviteCompanyList,2026
布劳恩惰性气体系统（上海）有限公司,"M.Braun Inertgas Systems (Shanghai) Co., Ltd",,,,02642ed8-329c-4314-8478-0d532413e9f9,601eb0df-d9f8-4e1c-9cee-09e5f4dc41d3,9da938b9-a9d3-4b44-b0d6-abf9c419f6c0,//download.snec.org.cn/SNEC/article/2024/05/20//MBRAUN-Logo_mit_Slogan-01-06025735.png,pv.snec.org.cn/api/getInviteCompanyList,2026
深圳奥凯普电容器有限公司,SHENZHEN OKCAP CAPACITOR CO.LTD,,,,68710875-57a0-407c-9afc-406680245c0e,29c2730b-1df1-420f-834f-875a7aaf2aea,688486f3-5973-4624-bb4d-c6be490512d5,//download.snec.org.cn/SNEC/article/2024/05/09//LOGO(1)-92037837.png,pv.snec.org.cn/api/getInviteCompanyList,2026
广东泉准智能科技有限公司,"Guangdong Quanzhun Intelligent Technology Co., Ltd",,,,43898829-43e6-481b-91b8-0d151c9fb77d,8d438aa9-ea98-4d16-b065-9edf277908cc,03f6bdcd-5977-4ce8-be66-afe525f59c0b,//download.snec.org.cn/SNEC/article/2024/04/16//微信截图_20240416162645-44181719.png,pv.snec.org.cn/api/getInviteCompanyList,2026
天津市天成德实业有限公司,"Tianjin Tianchengde Industrial Co., LTD",,,,b0a9a716-87f2-47fe-8a02-d20650fe25f0,c2f66fe8-cd66-4eae-9b77-582252e5a33e,9c528ced-f439-4bec-8625-21e7568a4ecf,//download.snec.org.cn/SNEC/article/2024/06/03//8bbdf6a3b7dde7a4da728d4d5a0f822-42226225.png,pv.snec.org.cn/api/getInviteCompanyList,2026
上海先普气体技术有限公司,"Shanghai Xianpu Gas Technology Co.,Ltd",,,,b0270003-4b43-4cd3-bd45-df250ce20fd5,0932672a-feb6-484b-98db-2fce7bef6d32,a3edf821-5a17-4b75-aecc-27c9210047ac,//download.snec.org.cn/SNEC/article/2024/05/28//1. 常用素材合集-08 拷贝-91449643.png,pv.snec.org.cn/api/getInviteCompanyList,2026
维实涂镀科技（上海）有限公司,"Wis Coating Technology (Shanghai) Co., Ltd.",,,,f7303a91-0657-4624-bec9-1a328ccbfd9c,668726bf-6fbd-4f13-9451-f16205f35285,b1a7c571-70ee-436b-8559-1617ec5836b8,//download.snec.org.cn/SNEC/article/2024/04/22//223资源 5@4x2-35888411.png,pv.snec.org.cn/api/getInviteCompanyList,2026
江苏保均新材科技有限公司,"Jiangsu baojun new material technology Co., Ltd",,,,5a17f0a5-7e23-4798-aae5-f3cb3d7b2c3d,e9142cf3-727b-4099-8c4c-2c838875d88e,d507296e-c613-4166-9f23-dec04250214e,//download.snec.org.cn/SNEC/article/2024/04/17//1713335729064-59790235.png,pv.snec.org.cn/api/getInviteCompanyList,2026
广东科瀚新能源有限公司,"Guangdong Kohan New Energy Co., Ltd.",,,,e03f4003-dcf1-4b99-ae26-488be26ff215,257fb30a-b04f-4d00-a396-fc214c87a241,,//download.snec.org.cn/SNEC/article/2025/05/24//Kohan.-54274581.png,pv.snec.org.cn/api/getInviteCompanyList,2026
亥易塔电热技术（上海）有限公司,"HEATA Electroheat Technology (Shanghai) Co., Ltd",,,,ebad7901-c3a3-49b4-be90-cca51debb1ac,a7807e49-a389-412e-8971-7effd3756284,9992f212-e725-4b14-86fb-2a649b95f36a,//download.snec.org.cn/SNEC/article/2024/05/27//资源 1-65286176.png,pv.snec.org.cn/api/getInviteCompanyList,2026
上海新天和树脂有限公司,"Shanghai Xintianhe Resin Co.,Ltd",,,,77b1b1e5-d467-4e70-bf5e-afb6b16e6288,40b28d6f-cf02-4154-b71d-d9f25ccf5adb,115e75ad-6e67-4bc5-8c2a-578c71c01d31,//download.snec.org.cn/SNEC/article/2024/01/09//1578ab5006e046bee3f10f35198f586-46084833.jpg,pv.snec.org.cn/api/getInviteCompanyList,2026
庞大（天津）工贸有限公司,"Pang da (Tianjin) Industry and Trade Co. , Ltd.",,,,24a7abd5-4dc5-4b18-8ec7-75b443694370,4e802029-f3d5-492a-96b3-f8b782eb3168,c05dfdac-f0f1-4761-b265-15ce571711c0,//download.snec.org.cn/SNEC/article/2024/05/26//企业logo-20216822.png,pv.snec.org.cn/api/getInviteCompanyList,2026
深圳市铂科新材料股份有限公司,"POCO Holding Co.,LTD",,,,179c3e26-db92-47f3-ac85-dcbef5b6e20f,abbee0a6-5eca-4dce-a8df-18e834513c09,,//download.snec.org.cn/SNEC/article/2025/05/23//Logo白底-96497632.png,pv.snec.org.cn/api/getInviteCompanyList,2026
江阴福昭精密涂布设备有限公司,"jiangyin fuzhao precision coating equipment co.,ltd",,,,bcf2a132-230b-497e-9289-56e9fb044fac,e5b2c827-3171-4b4a-8ca6-354cad4b7f79,56f981a5-8709-447a-86f7-40969de2553e,//download.snec.org.cn/SNEC/article/2024/05/31//福昭logo-01-37939910.png,pv.snec.org.cn/api/getInviteCompanyList,2026
江苏月嘉金属科技有限公司,"JIANGSU YUEJIA METALLIC TECHNOLOGY CO.,TED",,,,31cd69bb-d75a-4025-baee-5324db3246a3,35075016-755b-4ae4-b977-a0c0a833e2b6,6f051723-c565-4fbc-a4a9-f093e1c1e729,"https://download.snec.org.cn/SNEC/article/2025/05/29//江苏月嘉金属科技有限公司JIANGSU YUEJIA METALLIC TECHNOLOGY CO.,TED-45137048.jpg",pv.snec.org.cn/api/getInviteCompanyList,2026
江苏瑞晶太阳能科技有限公司,"Jiangsu Reesun Solar Energy Technology Co.,Ltd",,,,ab6ec628-53a6-48a4-9de5-9911a0c5b852,d8fe89bb-1bd4-46da-8df2-9ea34e84e791,ce483e4b-f7d0-49fb-a0c2-74ddfc753536,//download.snec.org.cn/SNEC/article/2024/03/30//瑞晶太阳能中文logo-52372160.png,pv.snec.org.cn/api/getInviteCompanyList,2026
河南省法沃斯减震器制造有限公司,"He'nan Favosi shock absorber Manufacturing Co.,Ltd.",,,,09e43d98-55e4-438f-8c87-d8ba8bef45c5,9d536aa1-ebdf-4b5f-b349-f2b47eca20fc,6a542d2d-e500-4585-af81-526defea4e83,//download.snec.org.cn/SNEC/article/2024/05/20//1-20512378.png,pv.snec.org.cn/api/getInviteCompanyList,2026
合肥安邦化工有限公司,"anbangchemical co., ltd.",,,,e8d85c24-d1e7-4ff2-9202-3e3386025114,ef24081d-fb4d-47da-9a2e-466ed2fed13e,5ffe6f3d-dbbd-4623-bd22-eaa9eff118d5,//download.snec.org.cn/SNEC/article/2024/05/13//x33-25606480.png,pv.snec.org.cn/api/getInviteCompanyList,2026
江苏创赢光能科技有限公司,"INNOVATION WINNERS SOLAR CO.,LTD",,,,738192c8-7c03-42e4-9a45-09977dbc947a,5fbb1665-0620-4505-8e5f-d0a93e165fa7,a7a019c6-44c5-4f7b-a485-8045161be1de,//download.snec.org.cn/SNEC/article/2024/04/24//创赢光能-02-12525410.png,pv.snec.org.cn/api/getInviteCompanyList,2026
杭州固恒能源科技有限公司,Hangzhou Guheng Energy Technology  Co. Ltd,,,,2b2c748d-4d6b-4d60-aa09-37b6b594a950,09aa7039-7bc1-4821-9a04-419779191904,bfd2bbf3-c3fa-46c3-8ef6-1066b7b58668,//download.snec.org.cn/SNEC/article/2023/10/13//LOGO-33774740.png,pv.snec.org.cn/api/getInviteCompanyList,2026
唐山海泰新能科技股份有限公司,"Tangshan Haitai New Energy Technology Co., Ltd",,,,75507f30-8864-4e6a-9a46-e09fb090c501,79fda6cd-8c90-496c-b1a2-54c3d3fcf16d,,https://download.snec.org.cn/SNEC/article/2023/05/16//logo-13988888.jpg,pv.snec.org.cn/api/getInviteCompanyList,2026
广州邦禾检测技术有限公司,"Guangzhou MCM Certification & Testing Co., Ltd.",,,,fc198545-7a81-4aa0-8508-0e4f5974e9cd,0c538301-c0a6-4b53-b377-20a138011457,51a89a95-58fa-45ec-9111-6b168ff24003,//download.snec.org.cn/SNEC/article/2024/05/28//mcm logo-05-04070626.png,pv.snec.org.cn/api/getInviteCompanyList,2026
蒙城繁枫真空科技有限公司,"Mengcheng Fanfeng Vacuum Technology Co.,Ltd.	",,,,f192120e-fed5-4912-a9e3-8a1cf8458bd9,462f2517-69a6-443a-ae78-01219fbc2228,0aed2b40-b27c-4003-a71b-181365f6ab2d,//download.snec.org.cn/SNEC/article/2024/04/11//公司LOGO-57931278.png,pv.snec.org.cn/api/getInviteCompanyList,2026
广东奥普特科技股份有限公司 ,"OPT Machine  Vision Tech Co., Ltd.",,,,bbce0fac-d460-4c58-8168-a19a86ed2579,1e0b0974-04bc-4671-8aee-760a273b0e16,709b1069-9939-42b8-95c8-9e500f5400c9,//download.snec.org.cn/SNEC/article/2024/04/22//LOGO-44861502.png,pv.snec.org.cn/api/getInviteCompanyList,2026
汇专科技集团股份有限公司,"Conprofe Technology Group Co., Ltd.",,,,318d5449-7eea-4adc-9a51-7518e76839a2,210a935b-e71f-430e-8d23-c5a55c0bfe72,b6507104-0dc6-41bd-87e2-79c8897b64a6,//download.snec.org.cn/SNEC/article/2024/04/16//CPT LOGO-汇专（左右）-46087649.png,pv.snec.org.cn/api/getInviteCompanyList,2026
杭州品联科技有限公司,"Pinnet Technologies Co.,Ltd.",,,,f605a598-c055-4ce2-9958-8747cc388bd9,f038ed33-352b-43b0-a906-18c9725aec6c,117eeaca-6f2a-46ac-b9af-42a39a20d00b,//download.snec.org.cn/SNEC/article/2024/04/19//logo横排-25128691.png,pv.snec.org.cn/api/getInviteCompanyList,2026
上海安语机电设备有限公司,"Shanghai Anyu Electromechanical Equipment Co.,Ltd	",,,,014ecde1-044b-40ce-8e94-b51be53b1f6b,6acec3f8-ccbb-44e7-826d-f8fdc002c0f8,3f368865-2db0-4a47-9073-122b0c8f2524,//download.snec.org.cn/SNEC/article/2024/05/23//5c7f42991126b5adf5922e7da1315d7-99082485.png,pv.snec.org.cn/api/getInviteCompanyList,2026
上海亿耀电子有限公司,"Shanghai Panelmate Electronics Co.,Ltd",,,,88489ec2-a761-4a9e-af6a-37e060138538,ae0903ba-9c81-433a-9451-9b4363571d85,6bd487f4-cf9d-44c7-9e72-22669a65b5ae,//download.snec.org.cn/SNEC/article/2024/05/06//Frame 28-08635141.png,pv.snec.org.cn/api/getInviteCompanyList,2026
苏州所乐尔技术有限公司,"Suzhou Suoleer Technology Co., Ltd",,,,da20439a-2555-4e5e-abe0-7de20d9ad897,b6b9a582-ea05-4bbe-9836-bbfc867d9383,,//download.snec.org.cn/SNEC/article/2025/05/28//QQ_1748412821263-30209969.png,pv.snec.org.cn/api/getInviteCompanyList,2026
南京南瑞继保电气有限公司,"NR Electric Co., Ltd.",,,,ad7c1e9c-c3f2-451e-92cb-f64849b4b43e,e2710d0b-8858-453f-993a-b9a2d1a4a629,f6d69783-f4a4-430b-9e92-c1f25a1f486d,//download.snec.org.cn/SNEC/article/2024/05/20//南瑞继保logo2-63984033.png,pv.snec.org.cn/api/getInviteCompanyList,2026
厦门建发新兴能源有限公司,"XIAMEN C&D EMERGING ENERGY CO., LTD.",,,,33c1d5dc-8f32-480a-b70b-06455bea60aa,4ee26051-f872-445a-9c14-16ef80fbd9ad,a2e294d1-b944-46c9-8ee9-63790e29ce06,//download.snec.org.cn/SNEC/article/2024/04/23//建发新兴能源（全）logo-97839563.png,pv.snec.org.cn/api/getInviteCompanyList,2026
福建省闽旋科技股份有限公司,"Fujian Minxuan Technology Co.,ltd.",,,,6101ad2f-9749-4932-a65b-ffb9d6109cae,57ffc9fa-bcfa-41a5-8da3-2f2f3d8b2184,308d297d-7dcf-48ed-9466-e89819303fff,//download.snec.org.cn/SNEC/article/2024/04/11//698c352ec40e40a7e3f524eea96fb5b-58346471.png,pv.snec.org.cn/api/getInviteCompanyList,2026
太一光伏科技（常州）有限公司,"TaoisticSolarTechnology(ChangZhou)Co.,Ltd",,,,ad1aa8c3-4930-4f2f-9a39-02fce03a98f4,7140ef37-add7-4351-8c51-481b74a4a4c7,5dc42c97-2941-4b14-8ca8-bfb6ca938c8b,//download.snec.org.cn/SNEC/article/2024/04/28//微信图片_20230214082918-33582866.png,pv.snec.org.cn/api/getInviteCompanyList,2026
合肥伊科耐能源股份有限公司,"Hefei Ecolite Energy Co.,Ltd.",,,,678a078b-ac91-4604-94b5-219e3244960e,4803f9dd-b509-463c-b6ed-74147d5181ef,,//download.snec.org.cn/SNEC/article/2025/03/13//Ecolite-05526377.png,pv.snec.org.cn/api/getInviteCompanyList,2026
好利来（厦门）电路保护科技有限公司,Hollyland (Xiamen) Technology Corporation Limited,,,,dc361a12-746c-4426-8b35-17a3a20256c0,d956b1d2-eb0e-4173-9020-75f6d63f19a0,e8edb837-d5e1-4222-b552-6b0e3870dc76,//download.snec.org.cn/SNEC/article/2024/04/26//好利科技LOGO圆-81678642.png,pv.snec.org.cn/api/getInviteCompanyList,2026
西安高压电器研究院股份有限公司,"Xi'an High Voltage Apparatus Research Institute Co., Ltd.",,,,e2fd2dca-9217-47a9-88e1-3bccb3062a36,f4faa716-97eb-4700-97e8-68b8fe1acd00,,//download.snec.org.cn/SNEC/article/2025/05/26//xiharilogopng-47710752.png,pv.snec.org.cn/api/getInviteCompanyList,2026
江西必可科技有限公司,"Jiangxi Bi-ke Technology Co.,Ltd",,,,36622879-73c2-4c34-8df7-10ce5c5085ca,ae953467-b626-4738-8537-95aeb3c9e930,,//download.snec.org.cn/SNEC/article/2025/05/23//mmexport1747987944392-84257890.png,pv.snec.org.cn/api/getInviteCompanyList,2026
江阴缇基彼机械科技有限公司,"Jiangyin TGB Machinery Technology Co.,Ltd ",,,,d3f257b4-d0b5-4ac0-9e9b-c5bd4286c8c8,426da294-f164-4651-8300-6984b8deb33d,a0be6469-d0f0-435d-9848-4bd714824193,//download.snec.org.cn/SNEC/article/2024/04/15//logo2-29746694.png,pv.snec.org.cn/api/getInviteCompanyList,2026
威凯检测技术有限公司,"CVC Testing Technology Co., Ltd.",,,,82ba8f0c-05a7-44ae-ac57-c8a41dedf4c1,87e47d76-c87b-4adb-bc11-b8395bc9613f,ade48aa1-b5c4-4a98-89c1-87ee0b0d219d,//download.snec.org.cn/SNEC/article/2023/10/11//微信图片_20231011150909-12723345.png,pv.snec.org.cn/api/getInviteCompanyList,2026
北京如实智慧电力科技有限公司 ,Beijing Real Smart Power Tech,,,,8177c6f1-e014-41ae-a293-be04910bcd64,5ef6d165-5e03-49f5-ae89-d6e6f4a30615,00d84942-bfeb-414c-a8b5-27102d09220d,//download.snec.org.cn/SNEC/article/2024/04/11//展会及会议logo露出logo-56248940.png,pv.snec.org.cn/api/getInviteCompanyList,2026
陕西众森电能科技有限公司,"Gsolar Power Co,.Ltd",,,,07b006f2-45e8-4297-8ce8-27a0bddaddd1,e04579b9-df41-4a3d-80cd-e829cdb99c76,d374c9b1-5200-4622-93eb-749f95dc27b9,//download.snec.org.cn/SNEC/article/2024/04/22//工装logo-32824484.png,pv.snec.org.cn/api/getInviteCompanyList,2026
百昊威智能装备科技（南通）有限公司,"Baihao Wei Intelligent Equipment Technology (Nantong) Co., Ltd.",,,,576a6e7a-1b4f-4dce-b567-2eda912ba943,4d8cdefc-575d-4592-a785-f6dafae1b93f,cfaa9abf-7457-4eee-ae6d-819dc41b7512,//download.snec.org.cn/SNEC/article/2024/05/28//百昊威-02182638.png,pv.snec.org.cn/api/getInviteCompanyList,2026
深圳市捷力伟创科技有限公司,"Shenzhen Jieliweichuang Technology Co.,Ltd",,,,b538786e-020e-420e-87b8-a3dd9d394317,5687f665-9147-4bea-b459-34530700d9d4,41f74c89-12af-46f3-8bb4-64ac5fa85dec,//download.snec.org.cn/SNEC/article/2024/04/16//170-70-35282682.png,pv.snec.org.cn/api/getInviteCompanyList,2026
苏州沪港科技股份有限公司,"Suzhou HuGang Technology Co,.Ltd",,,,a6a7768d-6491-449d-8535-c1f9698b4eaa,949ad6fe-6cac-4fc1-99a1-1661bbd157db,3b53605f-95ec-4985-be11-d868d811fc30,//download.snec.org.cn/SNEC/article/2024/03/26//logo-08342378.jpg,pv.snec.org.cn/api/getInviteCompanyList,2026
珠海格力电器股份有限公司,"Zhuhai Gree Electric Appliances Co., Ltd ",,,,84beb6bd-d60d-42e1-94c4-7a986b00abdc,4d582080-de70-49ef-8b21-828e84c0bacb,4e591053-d5bd-4d05-8d52-49fbcaefb958,//download.snec.org.cn/SNEC/article/2023/09/11//格力logo-93467760.png,pv.snec.org.cn/api/getInviteCompanyList,2026
浙江青禾新能源有限公司,"Hoypower Energy Co.,Ltd.",,,,98b39976-ec97-4af2-85b4-32827e34dde7,0700530a-e1dc-421e-9c83-c6ab01fd137d,d573d600-584c-4f14-bcb9-04dd534b03cc,//download.snec.org.cn/SNEC/article/2024/05/10//英文标准logo-09391587.png,pv.snec.org.cn/api/getInviteCompanyList,2026
广东蓝科新能源科技有限公司,GuangDong Lanke New energy co.ltd,,,,06d7b043-4af0-42f3-a998-ad5550b845fe,caf9e3d5-fc9d-43c2-a424-fb27f7019c3b,,//download.snec.org.cn/SNEC/article/2025/03/20//B-97429287.png,pv.snec.org.cn/api/getInviteCompanyList,2026
中国电建集团江西省电力建设有限公司,"POWERCHINA JIANGXI ELECTRIC POWER CONSTRUCTION CO.,LTD.",,,,2adafc49-a770-48b9-8375-aa56bc020cf6,41d3722d-cf8f-4fae-b2a2-8b6e6dee3731,713dd28b-cde8-4ff6-8847-e66e6fc3e53e,//download.snec.org.cn/SNEC/article/2024/05/20//集团LOGO横版彩色-36310595.png,pv.snec.org.cn/api/getInviteCompanyList,2026
兰钧新能源科技有限公司,BatteroTech Corporation Limited ,,,,5423a7b7-94d5-4631-aa0b-5fd35bef5d50,8d652fe1-dfbc-43fa-a4b7-3c76404748d8,c65f5d14-493f-4261-bd89-2fab5bf0390e,//download.snec.org.cn/SNEC/article/2024/05/11//国内产品logo-统一(3)(1)2-12993268.png,pv.snec.org.cn/api/getInviteCompanyList,2026
浙江开民电器有限公司,"ZHEJIANG KAIMIN ELECTRIC CO.,LTD",,,,b015df50-d6d9-4f0f-b79c-177167435d28,19ce51bb-f604-469a-9198-c4a8add53e49,,//download.snec.org.cn/SNEC/article/2025/05/27//CKMINElogo带R标-36549092.png,pv.snec.org.cn/api/getInviteCompanyList,2026
成都航发机器人有限公司,"Chengdu Hangfa Robotics Co., Ltd.",,,,90e2e4bf-603d-448a-af5d-9c1c58918d69,4e844548-7341-410b-b4f1-3007388387bd,5279b2d8-968d-49d2-b6cb-834c9039e42b,//download.snec.org.cn/SNEC/article/2024/08/27//logo-88682145.png,pv.snec.org.cn/api/getInviteCompanyList,2026
康宝智信测量技术（北京）有限公司,"Campbell Scientific Measurement Technology (Beijing) Co., Ltd.",,,,83652061-d329-487d-8631-ba878ce7bb09,15d2b27f-d40a-4f9f-911a-b8c1e7d29131,948a1096-7a72-425b-aa86-ab3b27cc954d,//download.snec.org.cn/SNEC/article/2024/06/07//CSLOGO_VW_STAN-99991060.png,pv.snec.org.cn/api/getInviteCompanyList,2026
Solargis,Solargis,,,,02f3c73a-edb5-4c6b-a642-cce949aba3b6,5967c0d5-3c82-450a-8cfa-9e01b442794a,fced4c80-3d70-4cad-a0f1-ba2f6687930f,//download.snec.org.cn/SNEC/article/2024/05/28//Solargis_profile_img-41806325.png,pv.snec.org.cn/api/getInviteCompanyList,2026
山迪光能技术有限公司,"3D Solar Tech Co.,Ltd.",,,,48ae8646-aed0-481c-8139-a8ed70ae4b13,1fb35ccd-7682-480f-954f-8a6112d2e0f0,6b04dcfe-1faf-45df-b389-0f090a6c515c,//download.snec.org.cn/SNEC/article/2023/09/22//微信图片_20230508140504-56545570.png,pv.snec.org.cn/api/getInviteCompanyList,2026
HYDROLUX Inc,HYDROLUX Inc,,,,686c8742-1368-45a6-94ed-890f6b897670,99f62f13-ee4d-492c-ba76-23f970dba3c9,318bbb1a-1886-4b9e-b043-97940e4a4018,//download.snec.org.cn/SNEC/article/2023/10/04//20231004_로고2(투명)-34518214.png,pv.snec.org.cn/api/getInviteCompanyList,2026
上海发那科机器人有限公司,"SHANGHAI-FANUC Robotics CO., LTD.",,,,04c9e6a2-2722-4d0d-b260-bb33f7b07b72,2aca470b-3987-4915-92e2-0e64132c788a,b6532171-f864-4ab6-af45-41952baf443e,//download.snec.org.cn/SNEC/article/2024/04/12//01_企业LOGO_FANUC logo_方形-11008735.png,pv.snec.org.cn/api/getInviteCompanyList,2026
江苏华辰变压器股份有限公司,"JIANGSU HUACHEN TRANSFORMER CO.,LTD.",,,,87dbf48b-c021-4c2c-89dd-c290857676bb,7f49e405-bf91-40ed-8a80-59683f7bc180,c715d314-2dd3-42bb-b62a-e38a7d652103,//download.snec.org.cn/SNEC/article/2024/05/22//新LOGO1-19002018.png,pv.snec.org.cn/api/getInviteCompanyList,2026
广东锂华新能源科技有限公司,"Guangdong Lithium Hua New Energy Technology Co.,Ltd.",,,,410e8413-3096-4b83-9529-9722d4aeba45,149e429a-13f1-4ac3-b912-ee968d8504ad,cc725046-546f-4366-b0cc-b1493bb731c2,https://download.snec.org.cn/SNEC/article/2023/10/11//未标题-2_画板 1-41665215.jpg,pv.snec.org.cn/api/getInviteCompanyList,2026
铂悦仪器（上海）有限公司,"Boyue Instruments (Shanghai) Co., Ltd",,,,c8de5178-93b6-4174-af60-93c9f8672890,9aa0bf16-255d-4f00-adf3-8a3423862c67,418ac314-7102-41ff-a8c0-d5197a0d0551,//download.snec.org.cn/SNEC/article/2024/07/30//170-59622380.png,pv.snec.org.cn/api/getInviteCompanyList,2026
江西赣锋锂电科技股份有限公司,"Ganfeng LiEnergy Technology Co., Ltd.",,,,c8c23d59-7f9c-442a-b6a5-e9cb1430261d,6942f4a9-965a-4b20-9199-a0d4e3845b41,8fab812d-5fe0-4b04-8038-5d9ccbe6b3a8,https://download.snec.org.cn/SNEC/article/2026/04/21//logo-49225285.png,pv.snec.org.cn/api/getInviteCompanyList,2026
深圳市瑞秋国际物流有限公司,"Shenzhen RQ International Logistics Co., Ltd",,,,31878b1f-b75b-41c6-a749-f1259caa4826,83a1e8fe-76d4-49cb-a521-4ac5d0159714,,//download.snec.org.cn/SNEC/article/2025/03/21//170x70-22886146.png,pv.snec.org.cn/api/getInviteCompanyList,2026
江苏锦尚新能源有限公司,YIXING JS SOLAR CO..LTD,,,,1afce19d-92a4-4209-95f5-452c7d1797e8,a13d7fb7-7d03-49e6-b178-5928b2267e94,94554faf-1a86-41f3-bda7-08998d25a05b,//download.snec.org.cn/SNEC/img/2023/04/07//logo定稿-01-50102580.png,pv.snec.org.cn/api/getInviteCompanyList,2026
汇耀品尚能源科技（嘉兴）有限公司,"huiyaopinshang energy technology（jiaxing）CO.,LTD.",,,,fecdbaca-2947-459c-8731-684018e20b33,8b7ae680-02cd-4749-87b8-43f158c814a5,,//download.snec.org.cn/SNEC/article/2025/04/07//汇耀品尚LOGO-透明底 (3)-94301867.png,pv.snec.org.cn/api/getInviteCompanyList,2026
浙江海得智慧能源有限公司,"Zhejiang Hite Smart Energy Co., Ltd. ",,,,863be1bb-d11c-4084-8ca5-cdc390658320,acb34bb7-d64f-4db0-93fb-b619aeb3d465,fbafe643-ee7a-41b2-8779-22dabcaa5124,//download.snec.org.cn/SNEC/article/2024/05/21//HITElogo标准-已转曲-20240430-03-74768763.png,pv.snec.org.cn/api/getInviteCompanyList,2026
山东艾诺智能仪器有限公司,"Shandong Ainuo Intelligent Instrument Co., Ltd.",,,,185b3e3e-14ad-4a4d-9b9d-d6677038f27b,ad13a746-efc7-4b7c-b815-fd7105eda02b,e4e9249f-762c-4a02-a99f-8b7255217cb1,//download.snec.org.cn/SNEC/article/2024/05/09//透明底-28128101.png,pv.snec.org.cn/api/getInviteCompanyList,2026
南京思拓戈电气有限公司（STEGO集团全资子公司）,"Nanjing STEGO Electric Co., Ltd.  (STEGO Group)",,,,9c1645fc-2a85-45a7-8d71-145bc7ffc541,ad254c9f-5a0c-40ad-b332-18742c6a93a8,,//download.snec.org.cn/SNEC/article/2025/05/26//屏幕截图 2025-05-26 142722 企业logo-66903750.png,pv.snec.org.cn/api/getInviteCompanyList,2026
九方流体系统技术（深圳）有限公司,"Jufone Fluid Systems Technologies(ShenZhen) co.,Ltd.",,,,364f1c52-1f6d-4849-a4af-fac46068a5eb,3434a577-01cf-4646-b40e-11109bd99f2a,,//download.snec.org.cn/SNEC/article/2025/05/26//170-70像素-72214153.png,pv.snec.org.cn/api/getInviteCompanyList,2026
秦皇岛硕谷光伏科技有限公司,"Qinhuangdao Shuogu Photovoltaic Science&Technology Co.,Ltd.",,,,63b4e7d6-8f1a-458e-aad5-57ed4167e819,b4dae012-205f-493f-ab4b-4cf6c70b4428,031d4cac-af63-4c1f-8bd6-78b73b0c6022,//download.snec.org.cn/SNEC/article/2024/04/17//透明底硕谷LOGO黑_副本-43581572.png,pv.snec.org.cn/api/getInviteCompanyList,2026
浙江国自机器人技术股份有限公司," Zhejiang Guozi Robotics Co., Ltd ",,,,48cc9e1c-cf6b-4206-9574-e09e9c521343,711a6c14-ffdd-4751-83a6-fe6e0a9ad63a,b3b4b5bf-3633-47c5-9d29-adbce99aae27,//download.snec.org.cn/SNEC/article/2024/05/21//国自LOGO与中文组合-横向_副本-71459917.png,pv.snec.org.cn/api/getInviteCompanyList,2026
三一硅能（株洲）有限公司,"Sany Silicon Energy (Zhuzhou) Co., Ltd",,,,d98b4739-26e2-46f3-9ae8-d2f83a20a77a,3e7d24c8-39ae-497a-a5ea-cd4cac9e2579,a58fab71-0233-4b3b-8e19-57aa470f662f,//download.snec.org.cn/SNEC/article/2024/05/10//sany-logo-87154378-26530547.png,pv.snec.org.cn/api/getInviteCompanyList,2026
上海孚加新材料科技有限公司,"SHANGHAI FLUOPLUS NEW MATERIAL TECHNOLOGY CO., LTD",,,,9fa1bb82-b62e-44ac-9e8b-08e1fb037ba3,7dc70a22-0fdf-44b3-a1cc-59c5eb058c9b,,//download.snec.org.cn/SNEC/article/2025/05/23//孚加logo2_01-48541293.png,pv.snec.org.cn/api/getInviteCompanyList,2026
上海辰竹仪表有限公司,"Shanghai Chenzhu Instrument CO., LTD.",,,,42d41415-8642-4527-966c-5f7389c356e1,a066368c-1960-46ae-b329-aac405786d75,f67b2ecf-186e-4b94-bcae-fe1b555e4ddd,//download.snec.org.cn/SNEC/article/2024/04/17//资源 7@4x-95968760.png,pv.snec.org.cn/api/getInviteCompanyList,2026
江阴市富昌冷弯机械设备有限公司,Jiangyin Fuchang Roll Forming Machinery Co.，Ltd.,,,,bc8775f1-a591-4075-8743-bd69d938b5b1,6d8c06b4-5c01-470a-8afd-f2bb29b468e1,edee925a-2a8d-4445-ab9a-a4c1fe6866a9,//download.snec.org.cn/SNEC/article/2024/05/29//11111微信图片_20240529082858_副本-54573731.png,pv.snec.org.cn/api/getInviteCompanyList,2026
上海三信国际电器销售有限公司,"International Sassin Electric Shanghai Co., Ltd.",,,,b2d9402c-257c-4d43-b8f6-8981e70e5f01,d06bb881-3c66-4ec6-82f8-ce59a1730ab7,90f938ed-44f6-49be-a069-e371e8de8a6c,//download.snec.org.cn/SNEC/article/2024/05/21//LOGO 透明(大)-42409148.png,pv.snec.org.cn/api/getInviteCompanyList,2026
楷德电子工程设计有限公司,China Kide Engineering Corporation,,,,2d257330-4d7a-4016-83ba-d63408db6fff,cc5e3dfd-363e-4252-89c2-2289ca735d23,,//download.snec.org.cn/SNEC/article/2025/03/25//楷德标准中文LOGO竖式-81938684.png,pv.snec.org.cn/api/getInviteCompanyList,2026
雅科贝思精密机电（上海）有限公司,"Akribis Systems (Shanghai) Co., Ltd",,,,ce1f2437-4102-4464-af91-5c0bc5df8ce5,1fc742ed-00b7-4f0a-867e-3e119a63b40c,dbbaa8f3-176c-430b-8510-44b05560e356,//download.snec.org.cn/SNEC/article/2024/10/24//Akribis 1400x800-01-29842300.png,pv.snec.org.cn/api/getInviteCompanyList,2026
安徽阳德温控科技有限公司,"Sunmoral Temperature Control Technology Co., Ltd",,,,8e83f6fe-74ca-49a3-9043-1e4580877abd,bd1496cf-43c3-40cf-8d47-94e4dd1e02ca,,//download.snec.org.cn/SNEC/article/2025/03/27//公司_logo-10504485.png,pv.snec.org.cn/api/getInviteCompanyList,2026
易事特集团股份有限公司,"EAST Group Co.,Ltd.",,,,9a1f4ae0-5b11-4782-891f-3ead995e7d59,32b24b2f-d58f-4595-afc6-538dfdfc632e,6d4fc0f7-e697-4531-9604-efe893285ce2,//download.snec.org.cn/SNEC/img/2024/04/15//易事特logo-90068806.jpg,pv.snec.org.cn/api/getInviteCompanyList,2026
虹桥es-8展商,虹桥es-8展商en,,,,8fc5529d-3ced-4fa1-bf2f-24bb1215a155,cacb891f-89e6-4297-9fc2-422fda78fc42,076b70ec-3048-41f9-8d82-5829d8633570,//download.snec.org.cn/SNEC/article/2022/04/18//c8d4297f25f34347881526c22bf39f36.png,pv.snec.org.cn/api/getInviteCompanyList,2026
厦门建发高科有限公司,"Xiamen C&D Hitek Co.,Ltd.",,,,34450fe6-0ad2-4183-9835-7bc3432dde18,0cc7484e-56c2-4bc9-b9bf-c9074fbb784d,e0f61d8d-4545-4309-8c49-6204acd4860f,//download.snec.org.cn/SNEC/article/2024/04/11//logo3-34245398.png,pv.snec.org.cn/api/getInviteCompanyList,2026
上海宏英新能源科技有限公司 ,"Shanghai Hongying New Energy Technology Co., Ltd.",,,,43bb5afd-e788-4a6b-b0d7-73532764cb1a,8493e60c-af3b-46a6-a467-b40f06c0f522,6f700fd5-1c67-43f9-9f7a-aa2bfcb7d970,//download.snec.org.cn/SNEC/img/2024/04/15//未标题-5_画板 1-87722149.png,pv.snec.org.cn/api/getInviteCompanyList,2026
捷造科技（宁波）有限公司,"Jiezao Technology (Ningbo) Co., Ltd",,,,bd9c0b3a-362b-4959-988a-691ee6b08704,2f96f053-de18-4f97-ba18-cfc72801961e,e0823eb7-230b-44ec-a9cd-79cda8930b0e,//download.snec.org.cn/SNEC/article/2024/04/29//捷造logo_-13309600.png,pv.snec.org.cn/api/getInviteCompanyList,2026
町洋机电(中国)有限公司,Dinkle Electric Machinery(China) Co. Ltd,,,,890a68e2-d1e0-4c6c-91ee-193798923293,6f5655ec-7c1b-4477-898a-d29950c22a6c,3d0900bc-370d-4fb5-8c22-16f2704e5fd6,//download.snec.org.cn/SNEC/article/2024/05/16//町洋logo-01-72742761.png,pv.snec.org.cn/api/getInviteCompanyList,2026
上海广奇电气有限公司,"Shanghai GKONCY Electric CO.,Ltd.",,,,0a1aac3c-c2cb-4920-97b5-0012e2ccca3d,a59636f3-bb1f-438c-bfb1-0ec5ceb7c80d,fdb97a6e-11e9-434a-8b9f-43fb78ff7bac,//download.snec.org.cn/SNEC/img/2025/04/18//LOGO-35662599.png,pv.snec.org.cn/api/getInviteCompanyList,2026
上海倍加福工业自动化贸易有限公司,"Shanghai Pepperl+Fuchs Automation Trading Co., Ltd.",,,,3a0e98ea-4ec5-438f-95e1-781d8b32f306,9da73d63-c5d4-46f9-bbd1-9d41ceabcfab,85fe0b4b-c2ec-48b6-9caf-65289431137d,https://download.snec.org.cn/SNEC/article/2023/05/10//批注 2023-05-10 164643-69184195.jpg,pv.snec.org.cn/api/getInviteCompanyList,2026
无锡宸瑞新能源科技有限公司,"Wuxi CRE New Energy Technology Co., Ltd.",,,,7c72a4cd-f37d-461b-bfc6-4abdb8d9f21d,33ff5e02-0c80-486d-964a-ac79c830781d,,//download.snec.org.cn/SNEC/article/2025/04/02//CRE商标-竖式(中文)-99882838.png,pv.snec.org.cn/api/getInviteCompanyList,2026
深圳市尚拓激光技术有限公司,"Shenzhen SunLaser Technology Co., Ltd",,,,bf0003de-7a03-4812-8096-15f5e7c553ef,cf5a270a-851b-49b3-85ae-38802c954e65,45272f59-154c-41a4-a24a-dde75083171b,//download.snec.org.cn/SNEC/article/2024/05/21//尚拓激光小logo-1-43629514.png,pv.snec.org.cn/api/getInviteCompanyList,2026
宜兴市申兴科技有限公司,"Yixing Shenxing Technology Co., Ltd.",,,,9d85129f-4f32-43fa-ba98-4eaa84e890ac,4dfebd69-0003-4db2-aba9-af0d83a02bdd,f66d78d5-81dc-4480-8de0-6c82393f3fd9,//download.snec.org.cn/SNEC/article/2024/05/10//申兴Logo-03752099.png,pv.snec.org.cn/api/getInviteCompanyList,2026
江苏多维科技有限公司,"MultiDimension Technology Co., LTD. ,",,,,50f0ff77-3146-49b5-9f4a-985261d3d1af,3a7fcabf-bc95-4a79-9c64-abc31651e995,1dad4131-20e8-4326-8cec-0d054871b10e,//download.snec.org.cn/SNEC/article/2024/04/12//A-1.4-1-62740658.png,pv.snec.org.cn/api/getInviteCompanyList,2026
SNEC 主办方,SNEC 主办方,,,,73474eb2-ea31-4153-bcb4-73e38b247528,7d8f8469-d001-4cfe-bd75-241b791f7633,17689d1d-fd6b-4a35-8cda-2e0ea3be273e,//download.snec.org.cn/SNEC/article/2024/05/24//QQ图片20240524153327-07457768.png,pv.snec.org.cn/api/getInviteCompanyList,2026
三益（天津）精密机械股份有限公司,"3G (tianjin) Precision Machinery Co., Ltd",,,,af798e7a-1a63-4496-a60f-fc8872ccbaba,8cc17977-d3f5-4c45-8784-4a1c2bab9241,926da46e-fdc2-4b2c-8a58-e2da75302793,//download.snec.org.cn/SNEC/article/2024/05/17//logo-2-25329724.png,pv.snec.org.cn/api/getInviteCompanyList,2026
苏州科运福智能装备科技有限公司,"Keyunfu Intelligent Equipment Technology (Suzhou) Co.,Ltd.",,,,8491a201-b1b8-4f23-b40c-0ca862323480,20ddc68a-747c-47d3-9616-fd4f9b4cb3e5,,//download.snec.org.cn/SNEC/article/2025/05/23//keyunfu-83198546.png,pv.snec.org.cn/api/getInviteCompanyList,2026
邯郸市倍而速紧固件制造有限公司,"Handan Beiersu Fastener Manufacturing Co., Ltd",,,,55247ccf-494b-45df-a2b2-1edefa837aa7,5601147c-99d2-412f-82bf-99a1ca177ce0,d0dc4299-1d0e-4481-9f34-892fd209a130,//download.snec.org.cn/SNEC/article/2023/05/17//mmexport1684304302769-01842026.jpg,pv.snec.org.cn/api/getInviteCompanyList,2026
上海电气电站集团,Shanghai Electric Power Generation Group,,,,ccca3634-58a4-4b86-9c56-38faadedb3a3,31d6f254-e494-4e16-b176-9b16e038c1ff,bec03c26-fdf9-401b-9149-bb2c90b76228,//download.snec.org.cn/SNEC/article/2024/05/16//左右结构logo-67530080.png,pv.snec.org.cn/api/getInviteCompanyList,2026
江苏迪塔镁克科技有限公司,Jiangsu Datamaker Science and Technology Co. LTD,,,,5fd2ef06-9cbb-4b43-80bc-f7d49cd64d73,521cbfc1-b72c-4f1f-838c-e791d71e790a,60e164e4-31e4-4180-8288-6bd0474cfa2c,https://download.snec.org.cn/SNEC/article/2023/05/14//截屏2023-05-14 21.08.12-12414044.png,pv.snec.org.cn/api/getInviteCompanyList,2026
TÜV南德意志集团,TÜV SÜD ,,,,2d4f4e63-53e6-46e7-8708-178a29226f93,b9edff72-6b51-4d6a-86fe-f9e5fa2756de,fc648c15-fb26-4151-972f-9c145335d4a1,//download.snec.org.cn/SNEC/article/2024/07/22//TUV LOGO 2023（透明底）-80365342.png,pv.snec.org.cn/api/getInviteCompanyList,2026
湖南省金为新材料科技有限公司,"HUNAN JINWEI NEW MATERIAL TECHNOLOGY CO.,LTD",,,,30616e6a-2dea-4166-8665-6b3d880a2a59,fa23b551-c21c-43a4-ba4b-40936b71d454,280868f1-a4ab-4183-823c-d99cbe456db8,//download.snec.org.cn/SNEC/article/2024/04/10//金为LOGO-定稿-6-85637869.png,pv.snec.org.cn/api/getInviteCompanyList,2026
浙江简捷物联科技有限公司,Lnxall EMS,,,,e1ec9f6e-3eb6-46aa-acc4-a1b0d3175e68,886b451d-0bd8-4fa1-ab40-74e4091ddbc4,71467aa6-d30a-4f5c-8af9-aade63653261,//download.snec.org.cn/SNEC/img/2025/04/22//简捷物联logo-20230201左右-25590256.png,pv.snec.org.cn/api/getInviteCompanyList,2026
沃太能源股份有限公司,"Alpha ESS Co., Ltd.",,,,71cf68c8-155a-4105-a0c0-0d0d09b08695,7a3c6856-924a-4234-8b17-279d6c039b03,212be720-fe80-4e34-b5b6-3fb2aa293a66,//download.snec.org.cn/SNEC/article/2024/06/11//AlphaESS__CN&EN_Full Color_Horizontal-19752434.png,pv.snec.org.cn/api/getInviteCompanyList,2026
上海舜欣物流集团有限公司,"SHANGHAI SUNGREEN LOGISTICS GROUP CO.,LTD.",,,,58c63840-2819-488a-961c-f3c8a9dddf32,f6a3af83-d323-48be-8b1f-3d04b8833fa6,e1c7be15-2b5a-4ffa-9b8a-89c214520e0a,//download.snec.org.cn/SNEC/article/2024/05/29//舜欣物流LOGO-05688753.png,pv.snec.org.cn/api/getInviteCompanyList,2026
云神和新能源科技（苏州）有限公司,"Suninergy Technology Co.,LTD",,,,1260f215-9710-42a8-bf84-019a8a5c7f12,ae322120-34f9-499f-a96f-d79880e0756a,e52491a9-27e8-48d2-835c-2d640546155d,//download.snec.org.cn/SNEC/article/2024/04/18//logo-34646179.png,pv.snec.org.cn/api/getInviteCompanyList,2026
中科金瓷(宁波)新材料技术有限公司,"Company Name:Sinotec Cerameta (NingBo) Technology Co., Ltd.",,,,fc55f885-f9c8-4478-ab88-6c91f1938395,36bc2659-3dd5-43ab-84e0-1c6cb22fc9b4,1b929d37-79d1-43bd-a6c1-8b46e397c050,//download.snec.org.cn/SNEC/article/2024/05/02//中科金瓷LOGO-170-70-61407824.png,pv.snec.org.cn/api/getInviteCompanyList,2026
上海盛普流体设备股份有限公司,"Shanghai Shengpu Fluid Equipment Co., Ltd",,,,bd4124a8-9b0a-438d-991a-6b7c664de2fb,4b5b0d3b-4c39-45c2-8f00-70cae6f69c38,a92627be-de65-4ff9-b821-46adcdd8bd32,//download.snec.org.cn/SNEC/article/2024/05/14//上海盛普 logo-26691265.png,pv.snec.org.cn/api/getInviteCompanyList,2026
台湾钙钛矿科技股份有限公司,Taiwan Perovskite Solar Corp.,,,,7e4bf4f8-f805-4673-9ff6-881ecb9090f3,fd15ca29-2f24-4d23-9539-dbe2e3b22001,367c9e9e-3e85-47d7-9a93-5ded434e2722,//download.snec.org.cn/SNEC/article/2024/04/19//圖片1-06710773.png,pv.snec.org.cn/api/getInviteCompanyList,2026
苏州瑞斯密电子科技有限公司,"Suzhou Ruisimi Electronic Technology Co., Ltd",,,,b610ebd9-3cd4-4f61-b347-85373ba724ac,4ed71379-eda9-46e3-9757-7f163ee13d1c,,//download.snec.org.cn/SNEC/article/2025/05/27//QQ图片20150616121949-66258028.png,pv.snec.org.cn/api/getInviteCompanyList,2026
东莞市维能新能源有限公司,,,,,8a305b73-293e-4d44-abd4-e7110a01a808,c3add514-360b-4b3c-8755-d5eafdacab62,43c1a2b5-d9c3-4e08-885e-b7fe6bd82782,https://download.snec.org.cn/SNEC/article/2025/05/29//维能-13897704.png,pv.snec.org.cn/api/getInviteCompanyList,2026
仁烁光能（苏州）有限公司,"Renshine Solar (Suzhou) Co., Ltd. ",,,,7143feee-8b83-4051-abe1-7b25f361ad01,f5c3591d-0a87-4fed-a9c6-f781ced26f2f,0041524e-1ab6-47e8-b3fb-6aa9ee71be1a,//download.snec.org.cn/SNEC/article/2024/01/29//截屏2024-01-29 19.32.11-27616642.png,pv.snec.org.cn/api/getInviteCompanyList,2026
艾博特瑞能源科技（苏州）有限公司,"I-BATTERY ENERGY TECHNOLOGY (SUZHOU)  CO., LTD",,,,6ce401cc-c9b4-47a6-8a1c-2201f56178e2,5b6dbbe9-6abd-4929-a465-b7f81254e260,0d8f7e31-b6bc-46e8-a92b-82d052eda18a,//download.snec.org.cn/SNEC/article/2024/05/21//简称汉字小白色-76348902.png,pv.snec.org.cn/api/getInviteCompanyList,2026
广东品胜电子股份有限公司,"Guangdong Pisen Electronics Co., Ltd.",,,,e5c213e4-d7de-4116-8fab-41af0c1772b2,a5e8f396-f907-47d0-9077-291b6b66546f,764c98cc-0473-4034-97c1-fedd12b066e9,//download.snec.org.cn/SNEC/article/2024/05/10//组 1-28759126.png,pv.snec.org.cn/api/getInviteCompanyList,2026
德赛电池,Desay Battery,,,,199acffe-724e-4e25-b369-1f7140def5f0,e356910c-d501-43de-b525-14fcfcce3bd5,e8f1086e-be0f-4230-a420-6cf751d7397b,//download.snec.org.cn/SNEC/article/2024/05/11//德赛电池logo_P_8-81195494.png,pv.snec.org.cn/api/getInviteCompanyList,2026
山东鲁阳节能材料股份有限公司,"Luyang Energy-Saving Materials Co.,Ltd.",,,,eb08b085-f07d-429c-9ffc-4b160f2b547f,b7e0e4cd-304b-4a06-993f-5a0d00cfec74,5f8bab4f-1b70-4fc4-94b0-d7c5d9254fd2,//download.snec.org.cn/SNEC/article/2024/05/29//13LOGO图形-20792727.png,pv.snec.org.cn/api/getInviteCompanyList,2026
浙江华昱欣科技有限公司,"Zhejiang Hyxi Technology Co., Ltd.",,,,b1766a95-cc9d-4fb9-a901-ad0c45865de7,8b952d89-d312-4c76-acb5-2ed4a0ccc9b4,6a9ce263-4ec0-46d4-a261-7669b206d34e,//download.snec.org.cn/SNEC/article/2024/04/24//微信图片_20240424151839-44669191.png,pv.snec.org.cn/api/getInviteCompanyList,2026
湖南维格磁流体股份有限公司,"Vic Ferrofluidics Co., Ltd, China",,,,9ee010f5-4eb7-45ba-8699-e836109c520b,e1a3a13d-1b06-41f8-9c11-654672bab187,1831532e-60ac-4ce5-a6dd-f70875ffbc81,//download.snec.org.cn/SNEC/article/2024/04/26//大像素LOGO-原图-72663411.png,pv.snec.org.cn/api/getInviteCompanyList,2026
深圳维特智能科技有限公司,"Witmotion Shenzhen co.,Ltd",,,,25e92172-e006-46b7-be8f-f7d831e442e3,acc4f04a-f65f-46f1-9fd3-ab2d8af93b53,,//download.snec.org.cn/SNEC/article/2025/05/28//QQ_1748413771925-86046252.png,pv.snec.org.cn/api/getInviteCompanyList,2026
江苏昊宇光伏科技有限公司,"Sunrise Energy Co., Ltd",,,,7c1ffaeb-098a-46b7-ac98-208fa1ad8033,b736d97f-3263-4e88-9828-9a74cd4a92fd,14e4f2cb-4615-41e6-9ac8-b3f59b4b8d38,//download.snec.org.cn/SNEC/article/2024/05/10//logo-53960506.png,pv.snec.org.cn/api/getInviteCompanyList,2026
华平信息技术股份有限公司,"AVCON Information Technology Co., Ltd.",,,,bf5ad1b3-ebff-4274-85a3-72bffd3e72d4,a08403d1-aa5d-431d-9f76-01ad6f7070e5,,//download.snec.org.cn/SNEC/article/2025/05/28//AVCON华平股份-67994092.png,pv.snec.org.cn/api/getInviteCompanyList,2026
烟台孚信达双金属股份有限公司,"YANTAI FISEND BIMETAL CO.,LTD",,,,4443c0fb-8d5a-4a67-a150-d734dabbc6ea,291ae449-6c76-4606-a901-0ff8ccd1c171,667b7af7-5ebb-492e-b426-5e71bededb07,//download.snec.org.cn/SNEC/article/2024/04/26//FISEND_VI规范-logo-56924495.png,pv.snec.org.cn/api/getInviteCompanyList,2026
爱士惟科技股份有限公司,"AISWEI Technology Co., Ltd.",,,,b2e9aa2f-3a86-4468-bbf0-3cdb6efbdbf6,3946e963-d550-498b-bdca-3f65e59bb371,c759dbf6-5472-4718-8f69-55d5d9180e72,//download.snec.org.cn/SNEC/article/2024/04/19//爱士惟中英文logo-png-32881144.png,pv.snec.org.cn/api/getInviteCompanyList,2026
株洲克林纳科技有限公司,"Zhuzhou Kelinna Technology Co.,LTD",,,,639772b8-36bf-41cf-adcf-bac0a29676b3,81bde1c3-147e-4df0-91c6-5ccf3bb7315f,13a6b99e-bcca-467a-a487-0b5be7f56e09,//download.snec.org.cn/SNEC/article/2024/05/14//图片-50022000.png,pv.snec.org.cn/api/getInviteCompanyList,2026
宝鸡晟译有色金属有限公司,"Baoji Chengyi Nonferrous Metals Co.,Ltd",,,,f3b99b3f-adc9-4bc3-8797-b86dc90315b6,df956433-da96-46fd-aa17-08b517e2d8c1,71e554e9-c174-447b-b0ee-3b7c79b838b2,//download.snec.org.cn/SNEC/article/2024/04/09//图片-50452443.png,pv.snec.org.cn/api/getInviteCompanyList,2026
河南心连心深冷能源股份有限公司,"HENAN XINLIANXIN SHENLENG ENERGY CO., LTD.",,,,1d5e2836-9a72-418a-877f-fb5effe8554f,ce62302f-df4c-4981-a3a0-36c44620f554,e9214269-f330-497b-8334-c131483a73ff,//download.snec.org.cn/SNEC/article/2024/04/24//LOGO（横）-29463011.png,pv.snec.org.cn/api/getInviteCompanyList,2026
意诚新能（苏州）科技有限公司,"Ycergy (Suzhou) Technology Co.,Ltd",,,,1592b5df-77d3-4777-b662-fa81e26bfc2d,085fb1de-2e65-4965-a24e-03bb1cde32b6,,//download.snec.org.cn/SNEC/article/2025/05/27//1-48326229.png,pv.snec.org.cn/api/getInviteCompanyList,2026
河北凯翔电气科技股份有限公司,"Hebei Kaixiang Electrical Technology Co., Ltd",,,,11806ed5-6734-4cd7-a7bf-93a4d15bed29,629aacf1-b314-48aa-aca8-f7801ac886f2,9e466698-8f75-4984-b52d-39b8aa9102cb,//download.snec.org.cn/SNEC/article/2024/04/02//logo蓝色长-58131798.png,pv.snec.org.cn/api/getInviteCompanyList,2026
云翔盛(广东)自动化科技有限公司,"Yunxiangsheng (Guangdong) Automation Technology Co., Ltd",,,,fbaa6c2a-b2fd-44dc-ad58-75b9d51a0b4d,db3f0b9b-a732-4c4a-bfe5-566d14602949,,//download.snec.org.cn/SNEC/article/2025/05/28//微信图片_20250424180712-59485271.png,pv.snec.org.cn/api/getInviteCompanyList,2026
河北国昌橡胶密封件有限公司,Hebei Guochang rubber seals Co.Ltd,,,,f8439ada-c240-4828-ad97-bea18281ffba,1462cc77-4613-4e64-a78c-85fb8722cc38,,//download.snec.org.cn/SNEC/article/2025/05/26//国昌logo1-34540905.png,pv.snec.org.cn/api/getInviteCompanyList,2026
全传科技(苏州)有限公司,"TBI MOTION TECHNOLOGY（SUZHOU） CO., LTD",,,,e4fae3c2-a14a-4dfa-9029-62a4d6f54344,7d6cbaf0-bbba-4a47-a9a9-bf056e60f2e2,54fd676e-3625-4ae7-b948-f608682d9e9a,//download.snec.org.cn/SNEC/article/2024/04/11//logo透明4png-49684606.png,pv.snec.org.cn/api/getInviteCompanyList,2026
无锡奥特维智能装备有限公司,"Wuxi Autwowell Intelligent Equipment Co., Ltd.",,,,d2dbd6f0-a655-426a-8395-e2b1e546cae8,7c65f6aa-2389-481b-afd2-7507d52a30e8,ebf0e892-4239-42fc-8bb4-9f6fb7843625,//download.snec.org.cn/SNEC/article/2023/10/12//画板 1-50897169.png,pv.snec.org.cn/api/getInviteCompanyList,2026
司泰科源电气科技（北京）有限公司,"SATEC Electric Technology (Beijing) Co., Ltd.",,,,f14ced5b-ef19-458d-b7e9-628b6923b6c1,467ae536-4934-4ada-8822-6a8c0fe83359,8431bd3d-ab63-4445-9997-2b82c3f4743b,//download.snec.org.cn/SNEC/article/2024/08/20//SATEC-Logo-Orange-12-2022-M-00870865.png,pv.snec.org.cn/api/getInviteCompanyList,2026
河北塞航新能源科技有限公司,HEBEI SAIHANG XINNENGYUAN KEA YOUXAN GONGSI,,,,d0b027b0-eda8-4a50-820a-e6f65a5b246c,22656fc8-5973-4f76-b55b-966c5897b75e,,//download.snec.org.cn/SNEC/article/2025/05/27//1-47982892.png,pv.snec.org.cn/api/getInviteCompanyList,2026
浙江天正电气股份有限公司,"Zhejiang Tengen Electric Co., Ltd.",,,,299c8b6e-1f13-4c85-879f-d53f529461b1,4e280257-b1e1-487f-99aa-1fb339b177d9,35c72a95-36e6-460f-bac2-368ef1da6edf,//download.snec.org.cn/SNEC/article/2024/05/21//【横版logo（透底）】横版logo-01-21357134.png,pv.snec.org.cn/api/getInviteCompanyList,2026
广州锐越贸易有限公司,"GUANGZHOU RUIYUE TRADING CO.,LTD",,,,3c2cf49e-6239-4891-bdc5-d1f9c5efa002,ead2b509-f007-40ae-b91f-d35d9d729ef2,,//download.snec.org.cn/SNEC/article/2025/05/23//广州锐越标志-13228178.png,pv.snec.org.cn/api/getInviteCompanyList,2026
沃尔科电气股份有限公司,"Volok Electric Co., Ltd",,,,e69a01dd-3986-44cc-a60c-cef5b034cafc,fd29c7dc-6f06-4549-a61f-6afad86c86f4,,//download.snec.org.cn/SNEC/article/2025/04/11//沃尔科LOGO-14617295.png,pv.snec.org.cn/api/getInviteCompanyList,2026
1111,111,,,,f4802e0a-0ecb-4720-ae78-6b96051eb17d,1b30241f-370f-43fc-9f1b-73d9cf265bcb,3f2a139e-26e6-4618-992f-803c5876ea48,//download.snec.org.cn/SNEC/article/2024/05/14//1111-85819514.png,pv.snec.org.cn/api/getInviteCompanyList,2026
厦门蓝旭科技有限公司,"Xiamen Lanxu Intelligent Technology Co.,Ltd. ",,,,1b169399-601b-4bc2-bdde-0647800e954c,0b1abcae-f943-40d3-988d-1448c7b35821,40a277df-5742-4121-ae74-5578b2dcacca,//download.snec.org.cn/SNEC/article/2024/04/19//中英文黑色png(1)-73905798.png,pv.snec.org.cn/api/getInviteCompanyList,2026
江苏纳通能源能源技术有限公司,"RENAC POWER TECHNOLOGY CO.,LTD.",,,,7d30f084-f96c-4f99-8dd5-5d2d477f6bab,a601d78b-0a36-4570-b51e-097866d15e6d,c92498bf-4c8d-4ebf-8364-228c36d17608,//download.snec.org.cn/SNEC/article/2024/05/08//中文-----RENAC_logo  蓝-82755404.png,pv.snec.org.cn/api/getInviteCompanyList,2026
东莞市志盈五金制品有限公司,"DongGuan City Zhi Ying Hardware Products Co.,Ltd.",,,,d8fbbb42-7cad-4918-8698-d12de6443cc3,76d508f8-3ba5-4f70-8cb8-a06da0535370,,//download.snec.org.cn/SNEC/article/2025/04/07//LOGO-36195491.png,pv.snec.org.cn/api/getInviteCompanyList,2026
悟匣,Ultimatebox,,,,277230a4-dcf7-401f-a5cc-3e3f10f2fd2d,c5242734-3fa4-4298-af88-b598d19044d5,,//download.snec.org.cn/SNEC/article/2025/05/28//QQ_1748400426226-40812006.png,pv.snec.org.cn/api/getInviteCompanyList,2026
GW Energy Asset Management Limited,GW Energy Asset Management Limited,,,,281c65e4-f2b2-43ef-b4d4-6cae6d475a6e,5a41f0fe-d28a-48f9-a8b1-15e7aa7fc47d,cf0fa7bf-8019-4e50-95e0-784d982a0d17,//download.snec.org.cn/SNEC/article/2024/05/21//GWlogo(1)-15396082.png,pv.snec.org.cn/api/getInviteCompanyList,2026
沃沛斯能源科技有限公司,OPES Solutions,,,,cb86c17a-93a8-4fbd-b6bb-2129bce57eb1,75b2e23a-683f-49bc-996a-332fc9e976bf,528524aa-daf8-47af-9621-a790e5bbe983,//download.snec.org.cn/SNEC/article/2024/04/09//OPES Logo-26361506.png,pv.snec.org.cn/api/getInviteCompanyList,2026
上海西岱尔电子有限公司,"Shanghai Citel Electronics Co.,Ltd",,,,bbe151d4-9f8c-4b15-b01d-f8ef41c637b3,eb2d04c0-4f1b-46b8-b983-9f42916f0a8c,bd8f4e83-4278-45c0-91f8-da7741c8df70,//download.snec.org.cn/SNEC/article/2024/04/29//西岱尔-65505597.png,pv.snec.org.cn/api/getInviteCompanyList,2026
上海万易特特种胶带有限公司,"Shanghai Vaneter Special Adhesive Tapes Co., Ltd.",,,,9da59287-ceb4-412d-9a5b-cc113ae3a879,f2788fd2-ffa2-42ac-a85d-e81800e21ac1,,//download.snec.org.cn/SNEC/article/2025/02/06//宝贝-1-51269513.png,pv.snec.org.cn/api/getInviteCompanyList,2026
上海拜高迈道技术有限公司,"SHANGHAI BEGINOR TECHNOLOGY CO.,LTD.",,,,3428b09b-1a4e-4f23-bed4-29999b1233ba,4f1ea2b6-9384-42b9-af51-87e739755dd5,,//download.snec.org.cn/SNEC/article/2025/04/27//资源 1-14430050.png,pv.snec.org.cn/api/getInviteCompanyList,2026
深圳市康奈特电子有限公司,"Shenzhen Connection Electronic Co., Ltd.",,,,378a21cc-f51c-4a66-b014-50754fef61af,d1092da6-96e1-4e91-b7a2-d46999214040,693962ec-cbe3-4af1-a478-a226856f6036,//download.snec.org.cn/SNEC/article/2024/04/30//logo-63720840.png,pv.snec.org.cn/api/getInviteCompanyList,2026
上海欧普泰科技创业股份有限公司,"Shanghai Optech Science and Technology Co., LTD.",,,,5ecc74df-c7c2-4f86-8268-3159ae30bf25,ee694a05-0a88-4d2b-a766-bab0b34285de,,//download.snec.org.cn/SNEC/article/2025/05/08//170x70_画板 1-79859638.png,pv.snec.org.cn/api/getInviteCompanyList,2026
天津龙创恒盛实业有限公司,"Tianjin Longchuang Hengsheng Industrial Co.,Ltd.",,,,1153755c-8821-45fd-888e-e7f034e17b4a,fba6d1ae-ec12-43c2-b8b6-d6406f42b60e,,//download.snec.org.cn/SNEC/article/2025/05/26//logo-41676537.png,pv.snec.org.cn/api/getInviteCompanyList,2026
钧能(宁波)电源科技有限公司,"GS (Ningbo) ESS Technology Co.,Ltd",,,,6ee2569d-062e-4a21-8974-ad8c979eccd2,2a08e6ff-4642-425d-937e-a7d0068c1077,162337fe-e3e5-47cf-9154-a07e06893ef6,//download.snec.org.cn/SNEC/article/2024/04/22//微信图片_20240422090030-18272680.png,pv.snec.org.cn/api/getInviteCompanyList,2026
苏州科锐智能装备有限公司,Suzhou CORE Intelligent Equipment Co.,,,,91c05d98-483c-4127-83c8-043357b797f5,5214054f-0097-404c-a6b8-5facd708355b,4651592f-f18f-4b07-ad1b-0fa21bb616d1,//download.snec.org.cn/SNEC/article/2024/05/31//科锐logo方-66620338.png,pv.snec.org.cn/api/getInviteCompanyList,2026
深圳市必易微电子股份有限公司,"Shenzhen Kiwi Instruments Co., Ltd.",,,,da578af8-9be2-4852-94ff-31e545fc9493,c659f465-1099-4392-b71d-64b9bc7d35b0,,//download.snec.org.cn/SNEC/article/2026/04/24//必易微logo(1)-00236679.png,pv.snec.org.cn/api/getInviteCompanyList,2026
深圳市瑞隆源电子有限公司,"Shenzhen Ruilongyuan Electronics Co.,Ltd",,,,ed680ebb-638c-42fe-9ffa-21640e1ae0e3,05d499e3-1584-40ba-84d2-3beeda54befd,5c3af6b6-d714-4ca6-ba31-1b26c9490c74,//download.snec.org.cn/SNEC/article/2024/04/23//企业微信截图_17138603377553-11905989.png,pv.snec.org.cn/api/getInviteCompanyList,2026
南京高速齿轮制造有限公司,Nanjing High Speed Gear Manufacturing Co. Ltd,,,,fbc2bc92-985c-430f-8f81-01bc8e7d4699,9a9f1a96-ce91-47ad-b1b5-c714014cfacf,b6b7405e-020c-49ae-8036-e416c9d1cc62,//download.snec.org.cn/SNEC/article/2024/04/29//未标题-1-16784708.png,pv.snec.org.cn/api/getInviteCompanyList,2026
昆山嘉华电子有限公司,SMAR Electronics,,,,9a2ce985-253e-480b-a787-2c0a5b625d34,649d5eb3-d89e-4642-883f-93e02b020b41,,//download.snec.org.cn/SNEC/article/2025/05/26//嘉华logo1-77552623.png,pv.snec.org.cn/api/getInviteCompanyList,2026
东莞市汉恩能源有限公司,"DONGGUAN HANN SOLAR ENERGY CO., LTD.",,,,07ec7f0e-df93-4dc5-9b12-8b9d375401cb,e3a7bebc-37d7-4cf1-9e37-7ebc78050276,7f9e0b4a-6662-46fc-a598-c31185aa2295,//download.snec.org.cn/SNEC/article/2024/06/04//汉恩LOGO-14828585.png,pv.snec.org.cn/api/getInviteCompanyList,2026
厦门能斯特能源科技有限公司,"Xiamen Nernst Enengy Technology CO.,LTD.",,,,48f011f7-90fb-4db5-a8fe-c8af5ba22ddc,2b029e86-0c99-47e7-afa4-d52d7bda6341,,//download.snec.org.cn/SNEC/article/2025/02/11//logo-37595873.png,pv.snec.org.cn/api/getInviteCompanyList,2026
江门极晟能源有限公司,"JiangmenJeesengEnergy Co,ltd",,,,ab10f177-72c3-4a51-b10c-70a116fd95cb,dc85e9e7-4cd1-4efe-aaad-e639f6c31f46,541ae3ab-1fdd-47af-8e4d-a2cd0e5d7359,//download.snec.org.cn/SNEC/article/2024/06/06//极晟能源LOGO-17922039.png,pv.snec.org.cn/api/getInviteCompanyList,2026
德迅(中国)货运代理有限公司,Kuehne + Nagel Management AG,,,,0220b93b-36a9-4c80-a1d1-e00298cd906c,07b15e5e-d73f-4dec-8515-d297415dc59a,,//download.snec.org.cn/SNEC/article/2025/04/16//1. kn_logo_standard_positive_rgb-12224633.png,pv.snec.org.cn/api/getInviteCompanyList,2026
青岛汉容电气有限公司,"Qingdao Hanrong Electric Co., Ltd",,,,5bf14934-d04e-4f49-a9d8-3843a07bca16,87f26b33-e00c-4eaa-9e1b-8dab640da162,07b30168-214f-4e05-b9fd-f58fc42e413a,//download.snec.org.cn/SNEC/article/2024/05/13//汉容电气横版白色logo-07101148.png,pv.snec.org.cn/api/getInviteCompanyList,2026
深圳市慧能互联科技有限公司,"Shenzhen HNergy Co, Ltd",,,,ec8cbca4-5dc6-4919-ab3b-eded23de14b2,df93a524-d946-4a61-a7d5-a0c13ea74afe,,//download.snec.org.cn/SNEC/article/2026/04/14//e43c6192c44d54004db89a0f3dc9477-88155203.png,pv.snec.org.cn/api/getInviteCompanyList,2026
宝鸡志普有色金属加工有限公司,"Baoji Zhipu Nonferrous Metals Processing Co., LTD.",,,,b2352a34-77ae-4f3e-b966-aa61e415dcf4,3ea89708-c7c7-464d-a306-8edf745a3520,0e51b29c-058b-4b89-b808-b79392cd317e,//download.snec.org.cn/SNEC/article/2024/04/15//4.97M LOGO-74326577.png,pv.snec.org.cn/api/getInviteCompanyList,2026
北京岳能科技股份有限公司,"Beijing Yueneng Technology Co.,Ltd.",,,,afc3293e-6b97-4438-b52f-41135110188a,c6bc1e9b-a81e-414a-b4e0-790a4e112f08,82da4030-b1bd-4cc5-91c2-0e7da7ac014b,//download.snec.org.cn/SNEC/article/2024/04/26//LOGO小图黑色字体-37901601.png,pv.snec.org.cn/api/getInviteCompanyList,2026
锋桦传动科技（江苏）有限公司,"Fenghua Transmission Technology (Jiangsu) Co., Ltd.",,,,8d1d48fa-f1f1-4463-a568-5f89b45f76e3,bb5daa30-5dc3-449a-964f-646cadded878,,//download.snec.org.cn/SNEC/article/2025/05/26//log-33930108.png,pv.snec.org.cn/api/getInviteCompanyList,2026
捷锐企业(上海）有限公司,GENTEC（SHANGHAI）CORPORATION,,,,f6a9a4a8-215b-4d82-b275-aff9659065a7,815afb13-f5d0-4e42-88c3-fab3733ed080,4c2e071b-d237-4614-94c4-c9231746a47f,https://download.snec.org.cn/SNEC/article/2025/05/29//捷锐-87050859.png,pv.snec.org.cn/api/getInviteCompanyList,2026
仁洁智能科技有限公司,"Sunpure Technology Co., LTD.",,,,04d23323-b85a-463b-991a-26a59370c89a,18828326-2d4b-4140-9cf0-b21d335dcf61,1a3ccde9-06f5-4a0e-a8bb-bdbd72496bbf,//download.snec.org.cn/SNEC/article/2024/05/22//logo横png-69180204.png,pv.snec.org.cn/api/getInviteCompanyList,2026
英辰新能源科技有限公司,"Yingchen New Energy Technology Co., Ltd",,,,27af46dd-a879-469c-b3af-5f26705c324e,2e597cb4-7fd3-4527-af3c-ce0054259479,8d065c4e-47f1-4339-9f72-672521dd839b,//download.snec.org.cn/SNEC/article/2024/04/11//英辰最终版20231226-55726156.png,pv.snec.org.cn/api/getInviteCompanyList,2026
温州一卡锁具科技有限公司,"Wenzhou Yeeka Lock Technology Co., Ltd.",,,,4a03bab4-f2e2-40f8-962a-7f0f949ef7af,ad721721-5872-4d02-ab24-4aeacd5d058b,b890f721-3c45-47e0-94a6-7ee8507f28bc,//download.snec.org.cn/SNEC/article/2024/08/12//screenshot-20240812-082247-77885060.png,pv.snec.org.cn/api/getInviteCompanyList,2026
浙江千年电子有限公司,"ZHEJIANG QIANNIAN ELECTRONIC CO.,LTD.",,,,7144d821-9231-4b7c-8b60-0912d3e2badf,881ad908-d424-4c0b-a140-e2a10990f36c,,//download.snec.org.cn/SNEC/article/2025/02/17//千年商标-2021-82168895.png,pv.snec.org.cn/api/getInviteCompanyList,2026
合肥云路聚能电气有限公司/青岛云路特变智能科技有限公司,"Hefei  Yunlu  Juneng  Electrical  Co., Ltd/Qingdao Yunlu Magnetic Intelligent Technology Co., Ltd",,,,2f86d939-57f4-41b0-b5ed-2d434d50029a,41dda6f8-e719-48a5-9c17-0634d993daa1,,//download.snec.org.cn/SNEC/article/2025/04/21//微信截图_20240812150002-67091198.png,pv.snec.org.cn/api/getInviteCompanyList,2026
 江苏惠汕绿创(江苏)科技有限公司,"HUISHAN NEW ENERGY GROUP CO,.LTD",,,,c98cd696-0c44-4ceb-a0e4-da6158b96ba9,3e95b9b3-cc92-40fe-a0c4-7d71d671cd5c,71ede7ce-4615-45a6-8904-fdc012588686,//download.snec.org.cn/SNEC/article/2024/04/18//LOGO-65742599.png,pv.snec.org.cn/api/getInviteCompanyList,2026
深圳市威可特电子科技有限公司,"SHENZHEN VICTORS INDUSTRIAL CO., LTD. ",,,,34581382-90ce-4d06-9cf9-647e7acd3cf8,6826a965-1d39-4f8d-bdbf-feb9330af312,716b57d8-3f6a-4e40-a67f-56c8356f80d4,//download.snec.org.cn/SNEC/article/2024/08/12//Vicfuse-威可特-16821760.png,pv.snec.org.cn/api/getInviteCompanyList,2026
新源太阳能,AESOLAR,,,,8780e2a0-a97b-4a84-a488-a05b5215800b,370cc16e-647c-4bc5-b303-ef53c7b6a5af,0061bdf5-280a-420f-8f59-a5e38c31b25d,//download.snec.org.cn/SNEC/article/2024/05/30//微信图片_20240129104932-15958980.png,pv.snec.org.cn/api/getInviteCompanyList,2026
浙江亿太诺气动科技有限公司,"ZHEJIANG ETERNAL AUTOMATION SCI-TEC CO.,LTD. ",,,,04baa570-f31b-4e04-9177-1a8fbc3cc0d0,02b15ff3-9b1f-4799-bba6-f26fe7203cb4,340ab876-f55e-4272-969c-1a2783fb6538,//download.snec.org.cn/SNEC/article/2024/04/18//低版本logo-01-04940681.png,pv.snec.org.cn/api/getInviteCompanyList,2026
乐清市大和电气有限公司,"Yueqing Dahe Electric Co., Ltd",,,,99751339-3874-4c79-9e99-71d7943d53ed,bd3408f0-4b42-4344-b41e-568439335eaa,481d21a1-bd31-433b-92ea-8817929dc1af,//download.snec.org.cn/SNEC/article/2024/04/12//大核商标及标准字-90742413.png,pv.snec.org.cn/api/getInviteCompanyList,2026
浙江卧龙储能系统有限公司,"ZHEJIANG WOLONG ENERGY STORAGE SYSTEM CO., LTD",,,,fc98d7b7-dbb2-4adc-9403-29f3c9633d01,bab0e843-ac41-46db-ae82-da205daabfb6,9de20247-16a7-473c-8a55-6084b08028ed,//download.snec.org.cn/SNEC/article/2024/05/29//卧龙储能logo PNG-65725659.png,pv.snec.org.cn/api/getInviteCompanyList,2026
苏州谦通仪器设备有限公司,"Suzhou Qiantong Instrument Equipment Co. , Ltd.",,,,abb2a758-9476-418a-8c66-49ef917e1991,e591e687-22d6-47ff-b724-10c73ba928c5,45ada1f5-2392-4214-ae86-08869848c1a2,//download.snec.org.cn/SNEC/article/2024/05/14//f401e86650a51407404d715e6bd2fdb-71912122.png,pv.snec.org.cn/api/getInviteCompanyList,2026
无锡帝科电子材料股份有限公司,"WUXI DK ELECTRONIC MATERIALS CO.,LTD. ",,,,b00d6b48-c9fd-49f1-8584-0e9de6f280cf,338f7337-ed2a-44be-a926-e4bbaa518be6,75c01d29-36b2-4a72-b339-13b9c531c7e2,//download.snec.org.cn/SNEC/article/2024/04/10//帝科 DKEM-LOGO-RGB_画板 1-26568036.png,pv.snec.org.cn/api/getInviteCompanyList,2026
厦门正黎明冶金机械有限公司,"XIAMEN ZHENG LIMING METALLURGICAL MACHINERY CO.,LTD",,,,f4a0b92d-0a1a-4e42-90b5-45cdb11774b9,caa71179-c7ad-4c79-9efd-0d7e5017070a,,//download.snec.org.cn/SNEC/article/2025/05/27//a27812035d12955cec5a371ecce97c0-10829399.png,pv.snec.org.cn/api/getInviteCompanyList,2026
广东德珑磁电科技股份有限公司,Guangdong Deloop Magnetoelectric Technology Corp.Ltd.,,,,a8076f7a-7ad1-4b5e-8686-548e3a94ceff,95ab1c74-be3b-4d67-9664-64b095d199bf,,//download.snec.org.cn/SNEC/article/2025/02/17//1000003059-41088939.png,pv.snec.org.cn/api/getInviteCompanyList,2026
苏州协浚光伏科技有限公司,"Suzhou Xiejun Photovoltaic Technology Co., Ltd",,,,c3c5abe7-beb9-4868-8bec-f745c8fcd9cf,fcce6cb4-491d-47f0-bd36-2c53d262056f,b546ecc0-76e8-4a91-a7ec-e395c66dcc89,//download.snec.org.cn/SNEC/article/2024/04/25//公司logo 有英文版-95865258.png,pv.snec.org.cn/api/getInviteCompanyList,2026
金源华兴融资租赁有限公司,jinyuan huaxing financial leasing,,,,9ec341e8-e900-4407-9c87-bd996fa847e8,f5079690-7591-41ba-be16-1a5cb885d121,6b398c23-5d84-4880-858c-e0e36fbb938e,//download.snec.org.cn/SNEC/article/2024/05/23//2-43486563.png,pv.snec.org.cn/api/getInviteCompanyList,2026
嘉兴市天信电线有限公司,"JIAXING TITION WIRE CO., LTD.",,,,4cfdd3c2-69e2-43e2-bc71-d8684be569ac,7618dff6-ca2d-4558-841f-56abf20d1be5,fee38604-a6d7-4d63-abc4-c2185db16a8b,//download.snec.org.cn/SNEC/article/2024/04/16//LOGO绿色-83018893.png,pv.snec.org.cn/api/getInviteCompanyList,2026
深圳市欣旺达能源科技有限公司,"Sunwoda Energy Technology Co., Ltd.",,,,62bea613-a7ed-410a-8411-cd7bb01bfca4,98116753-f681-446b-a739-d033ed97be7c,e180d1b3-adc2-4e4d-ac00-f4bde03b554f,//download.snec.org.cn/SNEC/article/2024/05/06//欣旺达能源科技logo_SUNWODA ENERGY logo-71476892.png,pv.snec.org.cn/api/getInviteCompanyList,2026
北京天宜上佳高新材料股份有限公司,"BEIJING TIANYISHANGJIA HIGH-TECH MATERIALS CORP.,LTD.",,,,17e8c272-ded5-497d-8ca1-fe09d64e899f,c3f4c028-51dd-4db0-b8d5-bc5a1da5331a,b7f33943-e58a-4be4-a95a-511544019f8e,//download.snec.org.cn/SNEC/article/2024/04/12//天宜上佳logo2023-股票代码-竖版-75097662.png,pv.snec.org.cn/api/getInviteCompanyList,2026
江苏益舜电工有限公司,"Jiangsu Eshun ElectroTech Co.,ltd",,,,24a905bf-e41a-4e7c-912d-83be00b644ad,b77b08f5-8050-4f62-ab5f-22ed42424315,,//download.snec.org.cn/SNEC/article/2025/05/24//微信图片_20250524113833-96486137.png,pv.snec.org.cn/api/getInviteCompanyList,2026
上海斯丹麦德电子有限公司,"Standex-Meder Electronics (Shanghai) Co.,Ltd",,,,623c3622-880c-4555-8008-820061e89a36,a0c94252-8472-444c-9a00-408755e4651e,,//download.snec.org.cn/SNEC/article/2026/04/21//Standex_DETECT_Logo_RGB-27431934.png,pv.snec.org.cn/api/getInviteCompanyList,2026
上海有色网信息科技股份有限公司,"SMM Information & Technology Co., Ltd. ",,,,7323586f-57fb-43dc-b997-4b73b85f9bce,dfbcdeec-a59f-42b6-9088-daf98cb0f766,d62abdd5-aab0-4f81-a31e-099970391024,//download.snec.org.cn/SNEC/article/2024/04/12//1111-57712846.png,pv.snec.org.cn/api/getInviteCompanyList,2026
东莞市汉克机电科技有限公司,"Dongguan Hank Electrical Technology Co.,Ltd",,,,6de131ec-b4b9-4981-8912-abb2dc169335,16f11be1-f4f6-4056-be23-6bee5f51106a,d7a35eed-9b10-47bd-9870-059d5707bd8d,//download.snec.org.cn/SNEC/article/2024/05/23//logo (2)-64103486.png,pv.snec.org.cn/api/getInviteCompanyList,2026
高昇创芯（上海）半导体设备有限公司,"GaoShengChuangXin (Shanghai) Semiconductor Equipment Co.,Ltd",,,,db1aaf73-4327-4178-99f5-251ae9ef78a3,38d28aad-a252-4c54-90b6-09f083bc9574,69f98eaf-c4c9-4604-9fdd-fdcc24f50d56,//download.snec.org.cn/SNEC/article/2024/06/04//高昇创芯logo-04-18031214.png,pv.snec.org.cn/api/getInviteCompanyList,2026
无锡信捷电气股份有限公司,"WUXI XINJE ELECTRIC CO.,LTD",,,,89e1ff10-d26a-4461-a19e-03e40d705fe6,ff55c6f0-4925-4341-975a-dfc96daab183,fbf256e0-fcbd-49c8-b788-29bd3786fd28,//download.snec.org.cn/SNEC/article/2024/05/07//logo-17208797.png,pv.snec.org.cn/api/getInviteCompanyList,2026
台达集团,Delta,,,,4fa4eae1-9da7-4e90-833d-7f981ac99c34,b5ed2469-0293-40e9-9d5e-dbe919166371,,//download.snec.org.cn/SNEC/article/2025/05/28//QQ_1748413285205-23392909.png,pv.snec.org.cn/api/getInviteCompanyList,2026
新源智储能源发展（北京）有限公司,XYZ Storage Technology Corp. Ltd.,,,,2d7f15fc-0112-43d1-9784-5b7611f10b23,c009900b-0ec4-4616-98e5-539e9598158a,0a4f874a-3dd4-40e4-aef5-43c29a761a1b,//download.snec.org.cn/SNEC/article/2024/05/30//新源智储logo-86440075.png,pv.snec.org.cn/api/getInviteCompanyList,2026
上海能辉科技股份有限公司,NENGHUI TECHNOLOGY,,,,e42fe23c-f657-4263-8d5a-734e0e276dd0,bd7742ac-4d8d-4f67-ab0e-98cda28493ba,bb26990e-37f3-4b9c-bb5b-58904c947ee4,//download.snec.org.cn/SNEC/article/2024/05/13//图片3-30036739.png,pv.snec.org.cn/api/getInviteCompanyList,2026
江苏库纳新能源股份有限公司,"Jiangsu Kuna New Energy Co., Ltd.",,,,c2496335-7577-4d7f-b724-52ec34a0b34d,6c3bedf4-e320-4768-8e69-76fa017a60a7,4c029c9d-ead9-4dda-8a85-68f24bfcb628,//download.snec.org.cn/SNEC/article/2024/05/24//库纳logo-25411037.png,pv.snec.org.cn/api/getInviteCompanyList,2026
广州市焯龙科技有限公司,"Guangzhou Zhuolong Technology Co., Ltd",,,,ad02f516-2e4a-48e4-9fba-9093ce64c261,f10eb1a1-2e54-4064-9c94-d71520b8cfc7,7972c562-bd45-4d75-9c04-8acab71974ae,//download.snec.org.cn/SNEC/article/2024/05/15//LOGO(1)-44741534.png,pv.snec.org.cn/api/getInviteCompanyList,2026
苏州拓博机械设备有限公司,"Suzhou Tophung Machine Equipment Co., Ltd.",,,,f094f087-8f39-4977-b158-d1f78d041d25,3334d310-2887-49ff-b14a-c1b6e814e517,ea1e4641-66d5-4687-bbc6-202ed62dbac8,//download.snec.org.cn/SNEC/article/2024/06/05//最新版LOGO-76045015.png,pv.snec.org.cn/api/getInviteCompanyList,2026
青岛青智仪器有限公司,"Qingdao QINGZHI Instruments Co., Ltd.",,,,be5b5266-feb9-4378-ae35-fd9ab95e0d28,a7dd0040-e8eb-45e9-ab2a-464d1e4a3d01,7da71a59-182d-44c5-a36d-fb94974c5f89,//download.snec.org.cn/SNEC/article/2024/04/08//LOGO-66575424.png,pv.snec.org.cn/api/getInviteCompanyList,2026
苏州高凯精密技术有限公司,"Suzhou Gaokai Precision Technology Co., Ltd.",,,,dc37a14d-8fe1-4168-bbbe-c9d3c137617c,c4e37f58-0516-4904-ae18-191d9ca69c10,,//download.snec.org.cn/SNEC/article/2025/05/27//高凯logo横向-18332441.png,pv.snec.org.cn/api/getInviteCompanyList,2026
上海汇聚自动化科技有限公司,"Shanghai Huiju Automation Technology Co., Ltd.",,,,621e96da-a01e-4829-b143-cef34df821ff,d51df44a-8585-434a-8e15-51b45e7f6452,,//download.snec.org.cn/SNEC/article/2025/05/27//汇聚-12795228.png,pv.snec.org.cn/api/getInviteCompanyList,2026
顺科智连技术股份有限公司,"Sanco Connecting Technology Co., Ltd.",,,,d749c4a6-9d16-48fe-88ae-79b5e5a85fa1,b724f9bf-81a1-4923-849b-e071e49eac62,1e367101-bf31-4ef3-97bc-b09fd9b10803,//download.snec.org.cn/SNEC/article/2024/04/22//公司logo小蓝绿-95760571.png,pv.snec.org.cn/api/getInviteCompanyList,2026
安瑞哲能源（上海）有限公司,ANRI POWER LIMITED,,,,56c7a04c-b395-4b7e-924c-ec26db848475,f1b9ff72-ea13-42be-9c51-917eb55d8de5,f26ca325-083f-4d6b-8e2f-3cc2f189a31b,//download.snec.org.cn/SNEC/article/2024/04/24//安瑞哲logo-53856748.png,pv.snec.org.cn/api/getInviteCompanyList,2026
秦皇岛奥立星智能科技有限公司,"QINHUANGDAO AOLIXING INTELLIGENT TECHNOLOGY CO., LTD",,,,2f16a056-4b81-4537-a5e8-2720e3175663,bcdbea74-5605-4a27-b7ab-58d7aad25f79,bf9037d1-97c4-4c4a-b2fb-3a937b73f573,https://download.snec.org.cn/SNEC/article/2025/05/29//秦皇岛奥立星智能科技有限公司 logo(1)-45864132.png,pv.snec.org.cn/api/getInviteCompanyList,2026
天津环博科技有限责任公司,"Tianjin Huanbo Science And Technology Co.,Ltd",,,,91a9a40c-a3be-4ef7-8933-4065bb399e56,b5091c23-e53e-4b1c-a15d-ccafbda77bd8,,//download.snec.org.cn/SNEC/article/2025/05/23//logo-37310242.png,pv.snec.org.cn/api/getInviteCompanyList,2026
泰州东升新能源科技有限公司,"Taizhou Dongsheng New Energy Technology Co., Ltd.",,,,dd4f0827-c124-45aa-a7ef-c79935d1f805,1da68d8d-0db7-491c-9fea-3efaccc635a3,,//download.snec.org.cn/SNEC/article/2025/05/23//资源 12@4x-91747861.png,pv.snec.org.cn/api/getInviteCompanyList,2026
泰州锦能新能源有限公司,"Taizhou Jinneng New Energy Co., Ltd.",,,,6342809e-8f82-4737-beb3-366755828208,5d1565b0-d875-437f-9628-25bcfa3bf2d6,,//download.snec.org.cn/SNEC/article/2025/05/23//logo2-96982954.png,pv.snec.org.cn/api/getInviteCompanyList,2026
北京爱博精电科技有限公司,Ablewise China Inc.,,,,8bbde039-b79d-478f-af10-a5c5687bb912,5dcefb60-d379-4f7b-be24-4dbaf1d94c74,,//download.snec.org.cn/SNEC/article/2025/04/28//Ablewise 图形中英文标志-65320151.png,pv.snec.org.cn/api/getInviteCompanyList,2026
迪邦仕冷却技术（苏州）有限公司,"DBS Cooling Technology(Suzhou) Co., Ltd",,,,94101b12-a282-4768-a9f9-19fb5c1d59b0,b1bf26ec-e19f-4871-b967-3f8304a19569,,//download.snec.org.cn/SNEC/article/2025/05/23//DBS logo -49662876.png,pv.snec.org.cn/api/getInviteCompanyList,2026
中瑞宏芯半导体有限公司,Macrocore Semiconductor Ltd.,,,,7d353ddc-fa6c-42ae-8e20-8449e4b677ea,2d05d096-35ae-4e29-97c7-dc252f319f67,30276c1c-eab6-4fbe-b827-4d6edd952294,//download.snec.org.cn/SNEC/article/2024/04/17//logo横版-66724542.png,pv.snec.org.cn/api/getInviteCompanyList,2026
南京旗云中天科技有限公司,"NANJING ZTWEATHER TECHNOLOGY CO.,LTD",,,,6f563f2a-bf5d-4d71-a55c-91a195124de9,8391017f-8785-491e-b291-940f1af4aafe,,//download.snec.org.cn/SNEC/article/2025/04/29//横版-23889232.png,pv.snec.org.cn/api/getInviteCompanyList,2026
深圳硕日新能科技股份有限公司,"SRNE Solar Co.,Ltd",,,,d59baccd-28b5-4e49-b03a-56089758b244,c179f7ef-7d45-40ba-9b68-83d939716b27,f24f9290-dc9b-4fc7-8ca6-c85633668066,//download.snec.org.cn/SNEC/article/2024/04/24//硕日logo(1)-93096724.png,pv.snec.org.cn/api/getInviteCompanyList,2026
天津莫德曼机器人有限公司,"Tianjin Motorman Robot Co.,Ttd",,,,f3cd6803-01e0-47a0-8a57-cdfd480f53d9,e022413f-b48b-4a78-a927-2ef468048ccc,df02f540-6348-4af4-aeac-dbdff1909a2d,//download.snec.org.cn/SNEC/article/2024/05/15//LOGO2024带motom-51112036.png,pv.snec.org.cn/api/getInviteCompanyList,2026
上海益发物联科技有限公司,"SHANGHAI EFAB TECHNOLOGY CO.,LTD",,,,71266e44-dc65-4ff2-af4e-2ffd21b53f04,7c188eaf-b0bb-4e22-8476-ab8642509331,,//download.snec.org.cn/SNEC/article/2025/05/24//微信图片_20250524144755(2)(1)(2)-86712673.png,pv.snec.org.cn/api/getInviteCompanyList,2026
上海兰宝传感科技股份有限公司,"Shanghai Lanbao Sensing Technology Co.,Ltd.",,,,7912c827-f59f-4729-afda-08123d61d32b,862760fc-1b26-4127-9cc6-1a4391a068a3,c91ce664-4a11-47b7-8f5e-f108747107b8,//download.snec.org.cn/SNEC/article/2024/05/31//左右组合-96898801.png,pv.snec.org.cn/api/getInviteCompanyList,2026
江阴旭初科技有限公司,Jiangyin XUchu Technology Co。，Ltd,,,,d4077e54-4f3c-4595-a77d-54f8eac3d58c,dbd4c739-df3b-4862-b79e-7cf3e8da9752,,//download.snec.org.cn/SNEC/article/2025/05/04//fcc8076c4c0531766d47cbc499d477e-12423316.png,pv.snec.org.cn/api/getInviteCompanyList,2026
保定嘉盛光电科技股份有限公司,"BAODING JIASHENG PHOTOVOLTAIC TECHNOLOGY CO., LTD",,,,f0ae5ba6-d6fb-4169-96d3-91ac15243572,97ec53d0-9acc-4ae2-ab21-face1caa5448,7b5a6832-6ec0-4d83-ad92-95a5ff3fbfae,//download.snec.org.cn/SNEC/article/2024/04/17//d78507299efd7c438feaebaa325b18d-87098289.png,pv.snec.org.cn/api/getInviteCompanyList,2026
派恩杰半导体（杭州）有限公司," PN Junction Semiconductor (Hangzhou) Co., Ltd.",,,,1998af7d-4272-4e69-824f-061de71b4a43,f014f1a5-5ad9-4688-9929-d9264eacf11a,b55352cd-9459-4335-8ae2-fda1aa558a91,//download.snec.org.cn/SNEC/article/2024/05/15//2307_PNJ logo_RGB-23027170.png,pv.snec.org.cn/api/getInviteCompanyList,2026
广东迈泰技术股份有限公司,Walmate (Guangdong) Technology Ltd.,,,,7e60bc0f-4fc4-4eb2-b068-bc8f8be67fc3,428f7268-8b7f-4c94-8f7c-edcd8fc3c1fb,6954a373-4eba-4ae1-96a4-abfa85614487,//download.snec.org.cn/SNEC/article/2024/04/22//86bf389e613ff560885e00e50167277-17385548.png,pv.snec.org.cn/api/getInviteCompanyList,2026
台州市金维达电机有限公司,"Taizhou JWD motor Co.,Ltd",,,,ba452027-3f40-47ca-90dc-311376db4435,55984782-ef8a-4f3b-b7b5-1e80298ddf8c,eeb60565-719c-4fad-b0ca-9b569aa63b15,//download.snec.org.cn/SNEC/article/2024/04/17//金维达LOGO-84208803.png,pv.snec.org.cn/api/getInviteCompanyList,2026
宁波甬创嘉泽能源科技集团有限公司,"Ningbo Yongchuang Jiaze New Energy Technology Group Co., Ltd.",,,,1a44966a-e4f0-4c8c-a7a3-78fa6d495a59,9f152453-4e68-489e-b6ef-d317a69eb072,d287687d-4cb5-4e17-991c-3c95c5457d61,//download.snec.org.cn/SNEC/article/2024/08/28//甬创嘉泽logo合集-7-92382305.png,pv.snec.org.cn/api/getInviteCompanyList,2026
深圳索瑞德电子有限公司,"SHENZHEN SORO ELECTRONICS CO.,LTD",,,,3c1094c1-a5e3-4944-ad97-4e4969939b44,618bd091-f27e-480f-bf0b-dc81cc5fce9d,61624fc9-5a73-40f2-83bd-1b7fa2863b7f,//download.snec.org.cn/SNEC/article/2024/04/24//LOGO-英文-16783432.png,pv.snec.org.cn/api/getInviteCompanyList,2026
东莞市隆吉仪器有限公司," Dongguan EXAKT & Lucky Co.,Ltd",,,,ab0260b6-cb41-437a-b583-433decae41ec,a54d75ad-3bcb-44eb-894d-a48dbc304924,,//download.snec.org.cn/SNEC/article/2025/05/08//隆吉100-8-15(新)-81982143.png,pv.snec.org.cn/api/getInviteCompanyList,2026
锦浪科技股份有限公司,"Ginlong（Solis) Technologies Co., Ltd",,,,74438d05-a3b2-412d-a18c-b35850f167ce,9fb3da13-92a1-4706-839f-af04c4d15d55,0faa8017-b815-46e7-b309-f4fe515a1156,//download.snec.org.cn/SNEC/article/2023/09/19//上传logo-62013076.jpg,pv.snec.org.cn/api/getInviteCompanyList,2026
深圳市力合微电子股份有限公司,Leaguer MicroElectronics Corp.,,,,e7dc72db-483e-4ca5-9605-cb9ed270cab3,d62b351e-553d-4914-8180-efacf8bef9dd,2b788713-d57e-4913-88d0-0d20ae7a1db7,//download.snec.org.cn/SNEC/article/2024/04/22//170x70 1-41487258.png,pv.snec.org.cn/api/getInviteCompanyList,2026
河北德迈传动机械有限公司,"Hebei Demai Transmission Machinery Co., Ltd. ",,,,79cc90fe-1bcd-4d9f-8307-c15a9daf88d1,76700623-f120-415e-bad2-653c9e344c8d,28582e14-42ff-4c29-9169-5b31407e5ef6,//download.snec.org.cn/SNEC/article/2024/04/08//未标题-1-01-67929878.png,pv.snec.org.cn/api/getInviteCompanyList,2026
杰贝特电气有限公司,"JOBET ELECTRIC CO., LTD.",,,,6270fe4d-787f-4bec-b807-044635eab1f4,784bf766-d80c-463a-b2d0-2197688cc3ee,90af954d-0390-44b8-b6c9-2abb06e1599e,//download.snec.org.cn/SNEC/article/2024/09/02//微信图片_20240902095105-25369252.png,pv.snec.org.cn/api/getInviteCompanyList,2026
江苏宁美新能源有限公司,"Newway Energy Co.,Ltd.",,,,0086d458-e305-4e78-849e-8fc10a6d0790,71471a96-8d5f-4346-8914-bb3cc0e8c057,1764e9ec-3c5a-445d-9f88-3e5c9d570d46,//download.snec.org.cn/SNEC/article/2024/04/22//36c44793e179659ac3c1c83d453e6e6-87184470.png,pv.snec.org.cn/api/getInviteCompanyList,2026
上海派智能源股份有限公司,"Shanghai PYTES Energy Co., LTD",,,,6b858921-6bd1-43b5-b595-80cac8ba15bc,139eb20b-e26e-4428-bc43-37280fb13aff,26c54d5c-18a4-40c2-8ab7-fe928896f769,//download.snec.org.cn/SNEC/article/2024/04/08//PYTES-40580164.png,pv.snec.org.cn/api/getInviteCompanyList,2026
航天新气象科技有限公司,"Aerospace Newsky Technology Co., Ltd.,",,,,50615aee-0650-45a0-a6c9-e20afcbb77b7,6653bc39-46cd-45b6-bc9d-fc1a105d14e6,99cb7362-36b3-407f-9086-20d4fdc930b2,//download.snec.org.cn/SNEC/article/2024/04/12//5-标志标准组合（左右结构）-01-86109757.png,pv.snec.org.cn/api/getInviteCompanyList,2026
苏州海鹏科技有限公司,SUZHOU HYPONTECH CO LTD,,,,1445b652-c331-4724-92f1-dec9781b5fef,a62c2f9e-49f9-471b-b309-f2ba71990570,2c33445c-a24f-4d39-8b76-e5b422044a94,//download.snec.org.cn/SNEC/article/2024/06/03//LOGO-51134217.png,pv.snec.org.cn/api/getInviteCompanyList,2026
苏州科志达新能源有限公司,"Suzhou Costar  New Energy Co. , Ltd.",,,,eefdba14-8f6c-434f-be34-19bca358d88f,5a5785aa-d930-4ecc-9490-d67f5af1dc30,cec96ae4-c03d-4752-b22d-1389858fdd70,//download.snec.org.cn/SNEC/article/2024/06/04//123(1)(1)-04699870.png,pv.snec.org.cn/api/getInviteCompanyList,2026
浙江臻龙能源设备科技有限公司,"ZHEJIANG ZHENLONG ENERGY EQUIPMENT TECHNOLOGY CO.,LTD",,,,94ba8472-fec3-4142-822f-412d659e46ca,fd998dcb-68d0-4678-8dcb-c72bd384c151,,//download.snec.org.cn/SNEC/article/2025/05/27//9e182446d3364452d88cba3addebbde-53837403.PNG,pv.snec.org.cn/api/getInviteCompanyList,2026
深圳市北测新能源技术有限公司,Shenzhen NTEK New Energy Technology Co. Ltd. ,,,,1e31c93f-8d4c-4037-bf5e-2b3eccc53ec8,dd1eba55-c9fb-4bb2-ae5d-f14d49a38f21,e5bfd8aa-33d5-417e-8bbe-d722cf24027f,//download.snec.org.cn/SNEC/article/2024/06/04//北测新能源（logo）02-98897977.png,pv.snec.org.cn/api/getInviteCompanyList,2026
光寶科技股份有限公司,LITE-ON TECHNOLOGY CORP.,,,,135cb439-48ec-4d49-84ee-4ab4820c166e,288d2520-fc8c-4286-8037-1149741571ea,,//download.snec.org.cn/SNEC/article/2025/11/10//20221017_LITEON logo_Print_OL_全彩應用_Pantone_03_英文 1_全彩應用_Pantone_03_英文-1-60267920.png,pv.snec.org.cn/api/getInviteCompanyList,2026
江苏中纯氢能科技有限公司,"Jiangsu Zhongchun Hydrogen Technology Co. , Ltd.",,,,6f84a1b8-1916-47b9-aae2-23cd62f3f171,c2fca6ee-c46e-46f2-92cd-d6df168d4e09,acc4b526-a39a-4599-b3c5-1db77afaa42a,//download.snec.org.cn/SNEC/article/2024/08/22//logo图片-56616866.png,pv.snec.org.cn/api/getInviteCompanyList,2026
广州致远仪器有限公司,"Guangzhou Zhiyuan Instruments Co.,Ltd.",,,,e447c58c-79a0-4205-a1fc-85e939def03c,c4e7df09-0ace-4d52-8c75-9771592dfcca,f65e2986-6069-4aef-bf5d-cf883c4931ff,//download.snec.org.cn/SNEC/article/2024/04/25//ZTMI致远仪器（蓝字）-81265926.png,pv.snec.org.cn/api/getInviteCompanyList,2026
深圳市禾望电气股份有限公司,"Shenzhen Hopewind Electric Co., Ltd. ",,,,c6869ff5-246b-4948-a38a-b2d144e0f80a,8373412b-ff65-4fef-8488-fbcfe250b9cc,fcbb5a5e-8300-453a-8a90-ae4fb7a5570c,//download.snec.org.cn/SNEC/article/2024/08/23//禾望电气新版中文LOGO-0304-01-48166825.png,pv.snec.org.cn/api/getInviteCompanyList,2026
厦门华镨鑫能源科技有限公司,"Xiamen Grengy Photovoltaic Technology Co.,Ltd  ",,,,f46aa6f6-ecd4-4964-97ee-59c7a7534da1,35487e68-f2ee-4921-bd78-6d928649a8e3,,//download.snec.org.cn/SNEC/article/2025/05/23//微信截图_20250523154243-92808527.png,pv.snec.org.cn/api/getInviteCompanyList,2026
宁波市俊翔智能装备有限公司,"NINGBO JUNXIANG INTELLIGENT EQUIPMENT CO.,LTD. ",,,,cc406cd9-7b33-43f9-b05a-1a8f9f23d5f7,a20b2fa0-940c-4f8c-a515-3693d8ed384d,,//download.snec.org.cn/SNEC/article/2025/05/28//公司LOGO-08700918.png,pv.snec.org.cn/api/getInviteCompanyList,2026
苏州瑞兴源光伏科技有限公司,"Resun Solar Energy Co., Ltd.",,,,20216218-3b36-4d55-88f7-95a2f7f5f181,51365940-bc7e-4f85-9f69-8c50bc4fd1f0,87b6aa5a-e3ed-4a45-93be-7a7d15578764,//download.snec.org.cn/SNEC/article/2024/04/09//RESUN logo-47292932.png,pv.snec.org.cn/api/getInviteCompanyList,2026
福建久策气体股份有限公司/久策气体（苏州）有限公司,,,,,94a40733-5f73-482b-b34a-908f01c432df,cca7108b-c610-4cbb-b05f-8f417af0d008,6002224f-0cc6-4199-861d-40d623279e53,https://download.snec.org.cn/SNEC/article/2025/05/29//久策-81438232.jpg,pv.snec.org.cn/api/getInviteCompanyList,2026
四川零点自动化系统有限公司,"Sichuan Odot Automation System Co., Ltd.",,,,0a06d960-05a2-41dc-86db-b0201b7b9e45,b2757e72-9b92-4e3c-bfcd-90b1decc3978,dc1bb4ff-332b-4484-9e31-eb6c378d19ba,//download.snec.org.cn/SNEC/article/2024/05/08//logo 拷贝1(1)-82833463.png,pv.snec.org.cn/api/getInviteCompanyList,2026
苏州锴威特半导体股份有限公司,"Suzhou Convert SemiConductor Co.,Ltd",,,,96baae74-2afb-41f1-be3c-15f3abce49d4,0bc57fda-d7b9-4bfb-93b1-f026bb9bb8f9,7a13ee42-ec1c-49dc-bc31-3d760a3ff08a,//download.snec.org.cn/SNEC/article/2024/04/11//02-菱形+convert商标（红）-38473678.png,pv.snec.org.cn/api/getInviteCompanyList,2026
科都电气股份有限公司,"KEDU ELECTRIC CO.,LTD.",,,,a2c23c0b-e861-43bd-acc5-ee38e02c9012,718b1b59-b0d7-4b22-b33f-57605953b09c,3251c6fa-2c4e-4705-81e7-5a102f6711eb,//download.snec.org.cn/SNEC/article/2024/04/25//KEDU-170X70-70023830.png,pv.snec.org.cn/api/getInviteCompanyList,2026
北京机床研究所有限公司国际贸易部,Beijing Machine Tool Research Institute Limited Company International Trade Department,,,,e743ab10-2935-43f1-be2e-9ffb29cc209f,16392c72-3bb8-435d-9d15-80f945ce55a4,f21d676a-9040-4963-bd2f-a1565f813dc4,//download.snec.org.cn/SNEC/article/2024/04/26//B-03-01社交媒体头像1_01-83603722.png,pv.snec.org.cn/api/getInviteCompanyList,2026
上海严质检测设备有限公司,"SHANGHAI YANZHI TESTING EQUIPMENT CO.,LTD",,,,2dd22973-7bc0-44d4-8094-ad4e893f3194,c9ff914a-ac5e-41c2-8d26-562c525fc26a,a003db15-9654-49da-b069-21e6a3533a00,//download.snec.org.cn/SNEC/article/2024/04/30//LOGO(1)-14088523.png,pv.snec.org.cn/api/getInviteCompanyList,2026
东莞市伟易鑫电子科技有限公司,"Dongguan Weiyixin Electronic Technology Co., Ltd",,,,0eac3421-6234-4242-968c-32c541157a1d,d33c8e85-0bce-49fc-a373-a12ffeb82a1b,,//download.snec.org.cn/SNEC/article/2025/05/28//QQ_1748414031302-28803242.png,pv.snec.org.cn/api/getInviteCompanyList,2026
RatedPower ,RatedPower,,,,6bc9b80e-f9b5-44cc-8a9d-52aa774b54f5,d63e2a06-7b1c-4163-b490-984e8f6b8171,f484f7a2-4b43-4f3e-8ce9-f01a29d19d47,//download.snec.org.cn/SNEC/article/2024/02/20//LogoRatedPower-69451404.png,pv.snec.org.cn/api/getInviteCompanyList,2026
福建久策气体股份有限公司,,,,,be81c721-648a-4388-9b95-87ee19af5be5,ce70907a-9af5-490e-b42a-454b88eef2db,6d899f3b-1d94-4ef7-ac41-00cd151220f5,https://download.snec.org.cn/SNEC/article/2025/05/29//久策-11881581.jpg,pv.snec.org.cn/api/getInviteCompanyList,2026
棒杰新能源科技有限公司,"Bangjie Solar Technology Co., Ltd.",,,,a8162125-247a-4249-8a82-9fcbe93ccd5a,c4f2ba06-1e91-4b30-be2f-4e4c6a6ef033,809215e3-9756-4f9f-bdb5-520648ffb7f8,//download.snec.org.cn/SNEC/article/2024/04/30//【棒杰太阳能】全彩色Logo-01-76399310.png,pv.snec.org.cn/api/getInviteCompanyList,2026
江苏斯凯氟复合材料有限公司,"Jiangsu Skyflon Composites Co.,Ltd.",,,,56d14087-0bde-411a-8309-751dd177891b,06e3dc36-6c98-4671-85c1-4ff94d48558c,5f940199-1f6a-4085-8cd3-2f9a6d6bac61,//download.snec.org.cn/SNEC/article/2024/05/13//微信图片_20230505093856-83717001.png,pv.snec.org.cn/api/getInviteCompanyList,2026
浙江安川时代电子有限公司,"Zhejiang Anchuan Times Electronics Co., LTD",,,,89636ad7-f20c-46d0-b337-61e7ff75a15a,61caf522-e639-4973-bb00-23e2224f580c,,//download.snec.org.cn/SNEC/article/2025/11/14//LOGO_看图王_副本-76768382.png,pv.snec.org.cn/api/getInviteCompanyList,2026
南京思博拉能源科技有限公司,"SpolarPV Technology Co., Ltd",,,,54f7dfb6-1393-4338-b777-31fea9c0c22e,e57cdca5-fee5-452e-9bfb-c40d1740b7ee,dbb5bba7-ede3-43a7-ae19-dbbb93682f52,//download.snec.org.cn/SNEC/article/2024/04/15//SpolarPV_resized-53221309.png,pv.snec.org.cn/api/getInviteCompanyList,2026
 深圳德康威尔科技有限公司,"Shenzhen dynamikwell technology co., LTD.",,,,47f38fa0-67cb-4665-8bcb-43e01b67a7a4,b24e958d-084c-4171-a0d4-8c1a8c7c776d,2f9954bf-d765-4b6c-bc1b-16dc900c9af6,//download.snec.org.cn/SNEC/article/2024/04/16//logo-95386484.png,pv.snec.org.cn/api/getInviteCompanyList,2026
菲尼克斯电气,Phoenix Contact,,,,2488d95b-2cff-431d-ba0a-32cadb0eadd5,94d648aa-20ce-489d-8273-70051758f38d,564895e8-c7f8-44d7-96ea-5963a1aaed65,//download.snec.org.cn/SNEC/article/2024/04/30//LOGO-黑字-79094843.png,pv.snec.org.cn/api/getInviteCompanyList,2026
山东云洁清洁设备有限公司,"Shandong Yunjie Cleaning Equipment Co., Ltd.",,,,34b24380-e083-4121-991d-f2e31c45a924,035fb4fa-7f5b-4bb2-8290-d79846a3258c,,//download.snec.org.cn/SNEC/article/2025/05/26//画板_1[1]-42484968.png,pv.snec.org.cn/api/getInviteCompanyList,2026
宁波融光纳米科技有限公司,"Ningbo Inlight Technology Co., Ltd.",,,,d44ec7de-c62e-4e47-ba7e-668f18805610,700dfece-229d-4db2-943e-41626790970c,e31b8ae6-a28d-422a-aa35-035f100764fe,//download.snec.org.cn/SNEC/article/2024/04/11//融光纳米logo-51262865.png,pv.snec.org.cn/api/getInviteCompanyList,2026
廊坊荣星工业有限公司, ,,,,824b76d3-43f1-4cf7-b89e-ff4ffac5b5ba,e0c9d609-fbfc-4a60-b6c4-861995fdced2,ac33af27-d6c3-480e-a299-c955723609c9,"https://download.snec.org.cn/SNEC/article/2025/05/29//廊坊荣星工业有限公司 Langfang Rongxing Industrial Co., LTD-98534592.jpg",pv.snec.org.cn/api/getInviteCompanyList,2026
凌云光技术股份有限公司,"LUSTER LightTech Co., Ltd. ",,,,137478d4-96f8-4386-aaa5-750211278da4,4311ea27-1b84-4829-8ef6-773087f5d176,fb31ebe2-ed2e-4a48-98b5-bf1c96c8a834,//download.snec.org.cn/SNEC/article/2024/06/13//缩小-74966725.png,pv.snec.org.cn/api/getInviteCompanyList,2026
宁波许宇机械制造有限公司,"NINGBO XUYU MACHINERY MANUFACTURING CO.,LTD.",,,,f8fd87a3-44d8-43d3-9fcb-1764162e4f23,6cef7abd-f7da-4249-a11a-a69e682c25c3,f3d4599e-e5ca-4b1a-936a-214db909b6d3,//download.snec.org.cn/SNEC/article/2024/06/11//LOGO-18721122.png,pv.snec.org.cn/api/getInviteCompanyList,2026
江苏泽润新能科技股份有限公司,"Zerun Co.,Ltd.",,,,05b869bf-b601-4ade-9b94-69599700bfbd,532a9234-a71f-4a28-b6dc-982202f6173a,48733416-9827-4e10-b764-96d2f06eb93d,//download.snec.org.cn/SNEC/article/2024/04/24//LOGO1219-29399250.png,pv.snec.org.cn/api/getInviteCompanyList,2026
深圳市莱克斯软管有限公司,SHENZHEN LKESS CONDUIT CO.，LTD ,,,,5097bc14-51a7-4f45-918f-d9ecdf03962b,2a3d66ce-1d80-444d-886c-01da9aeb64f3,7b2c7c0d-7435-4e09-ab7f-1040a2737c45,//download.snec.org.cn/SNEC/article/2024/04/28//LOGO-莱克斯-91085668.png,pv.snec.org.cn/api/getInviteCompanyList,2026
福建永福绿能科技有限公司,FUJIAN YONGFU GREEN ENERGY TECHNOLOGY CO.，LED.,,,,ab188b71-27a8-4c18-aea7-75e23754e8cb,f6b59c7d-506f-4229-993f-fe9d786013e3,29c817d3-f6e4-4e81-b4af-961c4f1d8984,//download.snec.org.cn/SNEC/article/2024/04/12//绿能LOGO.1-04972228.png,pv.snec.org.cn/api/getInviteCompanyList,2026
深圳市欧普特工业材料有限公司,"Shenzhen Opute Industry Materials Co., Ltd",,,,479542ea-32f0-4a35-b8d6-9340b6fc29b1,ec217d5c-aae8-4628-b91a-e6ff2671938e,e98fd613-b1d7-43d5-af4f-f581b36c4e2e,//download.snec.org.cn/SNEC/article/2024/04/18//欧普特png LOGO-48182415.png,pv.snec.org.cn/api/getInviteCompanyList,2026
福建华蓄新能源投资集团有限公司,"FUJIAN HUAXU NEW ENERGY INVESTMENT GROUP Co., LTD",,,,b405858e-7dec-4f4a-ba32-6a468a0d615c,ba0d25d0-dbeb-4dc0-9109-9259cd5dd0ea,a2675e91-8768-4364-9c9c-d7bdbc9a2ef8,//download.snec.org.cn/SNEC/article/2024/04/12//华蓄威达LOGO-06764024.png,pv.snec.org.cn/api/getInviteCompanyList,2026
苏州凯伦新能源科技有限公司,"Suzhou Canlon New Energy Technology Co., Ltd.",,,,001ce02b-53a0-4f9b-872f-ea36bf42c208,56eedf3b-0cde-4937-9f45-84deb0733199,265feff6-779a-45ef-84d6-1a971d2aaa17,//download.snec.org.cn/SNEC/article/2024/04/22//未标题-2_画板 1-64631867.png,pv.snec.org.cn/api/getInviteCompanyList,2026
上海沃翊克电子科技有限公司,"ShangHai SUNET-WELINK Electronic Technolegy CO.,LTD",,,,8af73132-ffa8-42ee-8f07-11db487e3218,2050181c-12bb-4e21-959c-371642518dd9,7e85d487-0e89-4f01-8b67-99be3ef7616a,//download.snec.org.cn/SNEC/article/2024/06/03//QQ图片20240603164311-84519730.png,pv.snec.org.cn/api/getInviteCompanyList,2026
浙江中莱电气有限公司,"Zhejiang Zhonglai Electric Co., Ltd",,,,a66499d7-94ed-4e20-b271-876df432510d,31ea1d93-5e24-4fa5-b474-cfaa077ebfd6,730d1813-183f-4183-9c8d-1fe98d4492c8,//download.snec.org.cn/SNEC/article/2024/06/06//微信图片_20240606102605-62172010.png,pv.snec.org.cn/api/getInviteCompanyList,2026
河北天创新材料科技有限公司,"Hebei Tianchuang new material Technology Co., LTD",,,,d1e5ab4e-0100-4545-8a39-83fc320a4d12,f80d34a3-e2a4-487a-af67-30d15b4eb656,33cb621d-e348-47bf-b1d1-860967fc9f04,//download.snec.org.cn/SNEC/article/2024/04/12//天创新材料LOGO终版（左右）小-57575160.png,pv.snec.org.cn/api/getInviteCompanyList,2026
艾佩科（上海）气体有限公司,"APK(SHANGHAI) GAS CO.,LTD",,,,be494c1c-6240-4ad6-86fb-351a35c90c82,72e04ce5-e8ae-4b91-868d-3a3460c2a8dc,ab0c9a3d-de0c-413c-9259-767825879d88,//download.snec.org.cn/SNEC/article/2024/05/30//微信图片_20240530105918-48976347.png,pv.snec.org.cn/api/getInviteCompanyList,2026
江阴市江平机械有限公司,"Jiangyin Jiangping Machinery Co., Ltd",,,,8f0f68aa-106b-4307-8334-b4d65f025a44,1c2b3aa4-8565-441b-8cc2-c9170156ccdf,,//download.snec.org.cn/SNEC/article/2025/05/27//捕获-44511795.PNG,pv.snec.org.cn/api/getInviteCompanyList,2026
苏州快可光伏电子股份有限公司,苏州快可光伏电子股份有限公司 QC Solar (Suzhou) Corporation,,,,44f1099b-5e9b-408b-8c18-b7538ecdfabf,b44cf5d8-e3e4-4433-b68c-f7f3bed387d4,11cfd587-393f-4e40-b258-8ace0581b28a,//download.snec.org.cn/SNEC/article/2024/04/23//QC logo 中文（透明底）-73760977.png,pv.snec.org.cn/api/getInviteCompanyList,2026
深圳驿普乐氏科技有限公司,"Shenzhen EN Plus Tech Co., Ltd.",,,,57691efd-581f-4190-8ce6-d928f5e063a9,0db5583a-7013-4739-b901-ef0b4ee3ffc9,9e72ac6c-08dd-4117-b3c5-7d51193b4ce9,//download.snec.org.cn/SNEC/article/2024/04/22//未标题-1-69117096.png,pv.snec.org.cn/api/getInviteCompanyList,2026
马头动力工具,Desoutter Industrial Tools,,,,64084b68-5989-4089-87c2-e5a0d47ee7ce,123ede47-a441-4229-a7b4-3b4698eea806,61251a59-13a9-452a-95c3-5f8e56b50e91,//download.snec.org.cn/SNEC/article/2024/05/06//未标题-1_画板 1-09281299.png,pv.snec.org.cn/api/getInviteCompanyList,2026
无锡阳光精机股份有限公司,"Wuxi Sunshine Precision Machinery Co.,Ltd",,,,af0777e5-6f2d-491f-8c97-27ab811ff48e,1d6b8d47-2da3-49ec-bfd0-dbbb14986aef,29ffddb8-d082-4e35-ba6f-fd366b773906,//download.snec.org.cn/SNEC/article/2024/05/06//阳光精机logo-37386924.png,pv.snec.org.cn/api/getInviteCompanyList,2026
晶澳太阳能科技股份有限公司,"JA Solar Technology Co., Ltd.",,,,12f550af-88e0-49ba-b11f-4e7c4961315b,c4803dff-6697-4c97-b347-c10aa8284d4d,42db6f69-ade5-4daf-8366-ca291dc632c4,//download.snec.org.cn/SNEC/article/2024/04/23//中文logo-87006190.png,pv.snec.org.cn/api/getInviteCompanyList,2026
杭州玻美文化艺术有限公司,"HANGZHOU BOMEI CULTURE AND ART CO.,LTD",,,,e7f9d794-2176-4474-a29f-be0dbda2d3d2,477536e1-a682-4efc-a7d8-a37ad731c871,8ba3796d-7b62-4c14-8570-9ef850382e89,//download.snec.org.cn/SNEC/article/2024/01/17//玻美商标-54979684.png,pv.snec.org.cn/api/getInviteCompanyList,2026
日置（上海）测量技术有限公司,"HIOKI (Shanghai) MEASUREMENT TECHNOLOGIES CO., LTD.",,,,6cd1e4c3-d6ba-4e29-b0e4-3d355b132faa,fb56371b-dbc7-43d5-9e65-a86380eb1afa,3bc7a207-5cef-4a2a-b77f-a627d99a7731,//download.snec.org.cn/SNEC/article/2024/05/22//新logo蓝黑（简称）（白底）-39112894.png,pv.snec.org.cn/api/getInviteCompanyList,2026
湖北回天新材料股份有限公司,"HUBEI HUITIAN NEW MATERIALS CO.,LTD.",,,,94ccb185-bea0-45f5-bfd5-61490446693e,bbe56b79-cb5a-43d1-af8f-af2b6b54fdf7,,//download.snec.org.cn/SNEC/article/2025/05/27//回天-标准logo-69682748.png,pv.snec.org.cn/api/getInviteCompanyList,2026
深圳市杰普特光电股份有限公司,"SHENZHEN JPT OPTO-ELECTRONICS CO., LTD.",,,,ab9340c8-a94e-4789-a8ab-d18d0b9090ef,bbacce40-2184-48f3-a62b-b1bad837395b,2c9e7a10-92e5-4900-8e78-f31c5ab92bdc,//download.snec.org.cn/SNEC/article/2024/04/15//JPT-logo-红色-00006220.png,pv.snec.org.cn/api/getInviteCompanyList,2026
东晖新能（青岛）新能源有限公司,"Donghui New Energy (Qingdao) New Energy Co., Ltd",,,,98770bf5-b75e-4b90-99eb-1a45a2c47d62,0c45a6e4-aa09-41fc-a5d2-0e41c5fcbbb4,53bd0cc1-3569-4734-8590-655796db2bc4,//download.snec.org.cn/SNEC/article/2024/05/30//东晖新能logo2（压缩版）-82411228.png,pv.snec.org.cn/api/getInviteCompanyList,2026
无锡市科隆丝印机械有限公司/科隆光电工程（张家港）有限公司,"Wuxi Kelong Screen Printing Machinery Co.,Ltd./Kolon Photoelectric Engineering (Zhangjiagang) Pty Ltd.",,,,6a6e5c81-cec4-44a3-80a5-40fa2973be50,a505f94b-3120-400e-8ef8-25d4957fecb4,f5e54110-8117-4f1d-8063-e02fafa1a02e,//download.snec.org.cn/SNEC/article/2024/06/06//{A1FAF3E2-C66E-42df-8E1C-B30A8039CDD2}-13059109.png,pv.snec.org.cn/api/getInviteCompanyList,2026
上海泊嵘新能源科技有限公司,"SHANGHAI BR PV TECH CO., LTD.",,,,26eb68c0-24ba-45d4-82ca-7b0176db3fef,6d0f5c99-f333-4835-aa6b-ff4675c3ad54,f51ca851-9fa3-4a43-a12c-b5a7ae8b97d5,//download.snec.org.cn/SNEC/article/2024/02/26//微信图片_20240219135937-82546468.jpg,pv.snec.org.cn/api/getInviteCompanyList,2026
福建安泰新能源科技有限公司,"Antai Technology Co.,Ltd",,,,c1b9a34d-accb-4b06-8d69-e893f9545fde,fac723db-16ba-4557-b79e-6cfea6a30854,600c8bf2-cf2a-4fad-abc5-6a4ce97419c1,//download.snec.org.cn/SNEC/article/2024/04/26//横版landscape1-27261871.png,pv.snec.org.cn/api/getInviteCompanyList,2026
江西仁江科技有限公司,"Jiangxi Renjiang Technology Co., Ltd.",,,,326e2cbb-91f9-4cba-8e87-d31894bf801a,ae67c904-9e08-4a28-9dfc-362b76b9f7d9,,//download.snec.org.cn/SNEC/article/2025/05/23//logo-42585943.png,pv.snec.org.cn/api/getInviteCompanyList,2026
豪之盛新材料(香港）有限公司,"HOSEN NEW MATERIALS (HK)CO.,LIMITED",,,,020b4771-d614-4cdf-bf48-35cf55d4ab42,64137309-97be-43f3-8c31-b6500209d8a8,,//download.snec.org.cn/SNEC/article/2025/05/24//1-38006768.png,pv.snec.org.cn/api/getInviteCompanyList,2026
浙江睿迪安新能源科技有限公司,"Zhejiang RAEDIAN New Energy Technology Co., Ltd.",,,,3f764376-a8b7-4034-a94f-ac76a5ae23e1,f4e46be2-75e0-45d3-8ed7-7783de44d515,34b21f6b-5272-4281-a059-25ff5775f4ec,//download.snec.org.cn/SNEC/article/2024/05/13//WechatIMG3986-26779816.png,pv.snec.org.cn/api/getInviteCompanyList,2026
江苏乐泰宜柯谷林能源科技有限公司,Eco Green Energy,,,,256eda4e-d682-43ab-9514-e896a519e652,68ac790c-8669-470f-97e1-851e0cb33a0e,9b3486d2-c18b-4511-bb8c-b4f36df6fa07,//download.snec.org.cn/SNEC/article/2024/04/23//EGE logo full - long - screen-26317205.png,pv.snec.org.cn/api/getInviteCompanyList,2026
深圳市大族光伏装备有限公司,"Shenzhen Han’s Photovoltaic Equipment Co., Ltd ",,,,e7c93682-2e61-486d-b080-8ec87fb3fbd9,78502590-eea7-4ba3-95de-99e70ca966ee,a105eaa9-0ef2-4a03-a58f-44d9d553d981,//download.snec.org.cn/SNEC/article/2024/04/26//大族光伏logo png-89547140.png,pv.snec.org.cn/api/getInviteCompanyList,2026
宁波弘信新材料科技有限公司,"Ningbo Hongxin New Material Technology Co., LTD",,,,118ab15e-bc10-407a-ab8b-217cd5767b35,e296e30c-c869-41b0-a398-e4a6bf8408b5,ae2f7475-960f-4d8c-8d58-170769a81665,//download.snec.org.cn/SNEC/article/2024/04/17//logo最新版-49339546.png,pv.snec.org.cn/api/getInviteCompanyList,2026
深圳市汉盛制冷科技有限公司,"Shenzhen HanSun Cool Technology Co.,Ltd.",,,,3aff1e83-44ad-479f-afef-f7b5bf48e80a,1635f6b0-9e31-4510-b701-c4644b9a3fa9,8de23b50-9736-4034-b9df-d095a98aa76a,//download.snec.org.cn/SNEC/article/2023/10/17//汉盛制冷LOGO-终-14902037.jpg,pv.snec.org.cn/api/getInviteCompanyList,2026
杭州汇迪电气科技有限公司,"Hangzhou Huidi Electric Technology Co., Ltd",,,,6dfc47c2-d279-4dfa-811a-63b3299c7e7f,e4329666-3b3f-4f77-ad98-02189b6429ed,59d5e8cc-23c4-43c3-b18c-d9c521a61212,//download.snec.org.cn/SNEC/article/2024/04/27//logo-19380085.png,pv.snec.org.cn/api/getInviteCompanyList,2026
星宇电子（宁波）有限公司,"Xingyu Electron (Ningbo) Co.,Ltd.",,,,75cbf708-957f-4c98-b268-65d117e36b7a,8af3672e-ad49-4186-bd26-20e0aebd781b,dca31ae9-4482-4368-8e56-6aaf7ef07ffb,//download.snec.org.cn/SNEC/article/2024/04/02//LOGO横排组合-11756459.png,pv.snec.org.cn/api/getInviteCompanyList,2026
索沃（厦门）新能源有限公司,"Serve (Xiamen) New Energy Co., Ltd.",,,,807dda3f-43dd-444c-ad83-7ac7840b8e07,59798139-a6dc-4352-9ea0-7bafc97b1d3c,595b8595-146c-4e29-afbb-be81f711d35f,//download.snec.org.cn/SNEC/article/2024/04/15//索沃logo新(1)-56022285.png,pv.snec.org.cn/api/getInviteCompanyList,2026
深圳泰合中能机器人有限公司,"Shenzhen Taihe Zhongneng Robot Technology Co., Ltd.",,,,9f9f228d-d3cb-496b-af70-507ef49811c7,306522ae-119e-4cf0-8e4c-0b7dfb1f6e35,41432377-2827-4ba9-9dcb-a0985eefbef6,//download.snec.org.cn/SNEC/article/2024/05/13//机器人-51477113.png,pv.snec.org.cn/api/getInviteCompanyList,2026
北京贝科溥装备有限公司,"Beijing BKP Co.,Ltd",,,,b3ce523a-3f7a-4ce0-8df6-5352b9bb57f0,83655620-bfab-4e71-bf10-268c2e97367c,00d3c917-1246-475f-aba5-f817729a8700,//download.snec.org.cn/SNEC/article/2023/09/26//未标题-1-67810641.jpg,pv.snec.org.cn/api/getInviteCompanyList,2026
无锡天青元储智能科技有限公司,"Wuxi Solinteg Power Co., Ltd.",,,,ff8383ad-35a3-4db4-8779-58efd2d9ccd5,6d2c753c-7f29-4486-8731-c48ad20c2907,0734dfaa-4213-48a0-be2d-ce612dbefcc2,//download.snec.org.cn/SNEC/article/2024/04/23//5eca2615d2ba35c925f882feb426ab7-44892316.png,pv.snec.org.cn/api/getInviteCompanyList,2026
诺斯曼能源科技（北京）股份有限公司,"NorthMan Energy Technology(Beijing) Co., Ltd.",,,,c64e2845-e943-48e9-96ac-f44c23d36538,da3cd9ed-7c8b-458e-afa5-fc2c35068c86,385e3244-554e-417c-aefb-5117e71fdd55,//download.snec.org.cn/SNEC/article/2024/04/12//(NETlogo)LOGO使用标准-03114195.png,pv.snec.org.cn/api/getInviteCompanyList,2026
上海三为科学仪器有限公司,"Shanghai Sanotac Scientific Instruments Co.,Ltd",,,,d71388af-51c2-415e-96c7-d8f9a2dd2692,e07c6adf-2267-4906-a577-a95d8e28579c,3b2b27e5-bf75-4319-ad1e-00037abb164e,//download.snec.org.cn/SNEC/article/2024/08/06//三为科学LOGO-202408-32137170.png,pv.snec.org.cn/api/getInviteCompanyList,2026
晋能清洁能源科技股份公司,JINNENG CLEAN ENERGY TECHNOLOGY LTD,,,,02017cdc-0760-4683-8021-35e16dcd4eb1,b7750f5c-cab2-439f-955e-ffb585942345,06e02694-573a-420d-8d34-4636fd326fa8,//download.snec.org.cn/SNEC/article/2024/05/06//jinergy 组合logo-78477561.png,pv.snec.org.cn/api/getInviteCompanyList,2026
常州超越特种电缆有限公司,"Changzhou Chaoyue Special Cable Co.,LTD",,,,fa7f7a50-759f-4e92-996d-4d8c4d645a8f,a375b23f-30d2-43da-9a4e-3e13d9c5c490,c215b0f5-285a-4138-b075-d795770d9cd6,//download.snec.org.cn/SNEC/article/2024/04/03//微信图片_20240402133007-36661323.png,pv.snec.org.cn/api/getInviteCompanyList,2026
霆翔电气（上海）有限公司,"Tingxiang Electric (Shanghai) Co., Ltd.",,,,b6674087-7fcd-4458-a242-b0a3d47be02e,19e47e34-d478-49c7-8ca1-49f3a2c01edc,dbe08370-7750-47e1-93f1-319e7f647615,//download.snec.org.cn/SNEC/article/2024/08/07//logo-png-03114591.png,pv.snec.org.cn/api/getInviteCompanyList,2026
浙江美卡智能电气有限公司,"Zhejiang IMEGA Electric Co.,Ltd.",,,,0fb7b425-36a1-4d0c-9d07-f68f68d0fa66,40ab101e-1054-4e15-90bc-3e91611912b3,3dbdae07-d349-4151-b2ad-d681b11a2507,//download.snec.org.cn/SNEC/article/2024/04/23//捕获(1)-29513683.png,pv.snec.org.cn/api/getInviteCompanyList,2026
甘肃郝氏炭纤维有限公司,"HAOSHI CARBON FIBER CO., LTD GANSU",,,,a27f9231-4fe3-4b62-aa8a-154ba869d088,274d2c1d-ae4b-4950-824c-1fd38cfb8766,62025945-0af4-4b54-9f8b-89d88be4ba34,//download.snec.org.cn/SNEC/article/2024/04/09//微信图片_20240409173212png-26303558.png,pv.snec.org.cn/api/getInviteCompanyList,2026
无锡市和光新能源科技有限公司,"WUXI CITY HEGUANG NEW ENERGY TECHNOLOGY CO., Ltd. ",,,,e0fb2b54-53ea-4497-b01e-837f7e00fca4,44cbcefb-18a7-45d6-8653-c1a6c6fb21a0,dc90c6c0-bb4b-464c-95d2-1383675e1aa4,//download.snec.org.cn/SNEC/article/2024/04/15//新LOGO2023_画板 1-15033793.png,pv.snec.org.cn/api/getInviteCompanyList,2026
衡视智能科技（上海）有限公司,"Heinxs  Intelligent Technology (Shanghai) Co., Ltd.",,,,6b61ee6d-5b7a-4773-9f2c-64b1e062a958,11dc32b6-58d4-49ca-b843-247dcf857410,f33cc179-1f71-41fb-ad60-0dda00c9a9e6,//download.snec.org.cn/SNEC/article/2024/05/14//1-62216180.png,pv.snec.org.cn/api/getInviteCompanyList,2026
成都德芯数字科技股份有限公司,Dexin Digital Technology Corp. Ltd.,,,,eda2dc1a-f557-4c72-8fbc-3b2768a4ef0a,ccb50324-3c1b-49af-8a5e-e6b881260454,3730028c-96af-4030-a44f-b494579431e5,//download.snec.org.cn/SNEC/article/2024/04/20//德芯LOGO 没有底色-25269185.png,pv.snec.org.cn/api/getInviteCompanyList,2026
优能电气,UCanPower,,,,8d6555ca-7e98-47e0-8b70-dc251c024094,2728ce7b-9993-4f50-be42-57ede1323082,7313a9ac-125f-436f-b1ce-b3f564452fa5,//download.snec.org.cn/SNEC/article/2024/04/28//6.UCANPOWER2-24261139.png,pv.snec.org.cn/api/getInviteCompanyList,2026
南京亚派科技股份有限公司,"Nanjing Apaitek Science &Technology Co., Ltd.",,,,cbd27010-d52a-4265-ac7e-7f3b6eb106dd,eb62a17c-c562-4536-b967-fdefef198dca,,//download.snec.org.cn/SNEC/article/2025/05/27//亚派-17478080.png,pv.snec.org.cn/api/getInviteCompanyList,2026
沧州万集集装箱有限公司,"Cangzhou Wanji Container Co., LTD",,,,6e97826f-1046-412c-ae42-3bf42c1b3801,c7cfa0ba-b4d7-45ae-9070-17ac71a759b6,a81cb7f2-8afb-47d1-856d-0de99c9286ea,//download.snec.org.cn/SNEC/article/2024/05/22//25-92177148.png,pv.snec.org.cn/api/getInviteCompanyList,2026
诺德凯（苏州）智能装备有限公司,"Nordkette (Suzhou) Intelligent Equipment Co.,Ltd.",,,,98a6fe31-2e77-4ec8-aa39-bf2bda998212,f96f023e-db7d-4954-a9f0-dfa96a2ea05a,ae095399-5100-4147-b7ac-a41737f66250,//download.snec.org.cn/SNEC/article/2024/04/10//诺德凯-中英文 -正色-52073265.png,pv.snec.org.cn/api/getInviteCompanyList,2026
斯凯蒙太阳能集团,Skycorp Solar Group Ltd.,,,,63c683f7-90aa-4f2c-bb60-3ea2b0c84135,3e549dbc-3d28-4e29-b20d-fa58a11d11af,07147f84-2512-4709-90bc-e57c33c15d41,//download.snec.org.cn/SNEC/article/2024/04/18//skycorp-31404524.png,pv.snec.org.cn/api/getInviteCompanyList,2026
江苏海钜星新能源科技有限公司,"Jiangsu G-star new energy Technology CO.,ltd",,,,987cba50-5873-493e-bf5a-b415b5f253ee,2b740750-44a6-414d-af68-f698922dec48,5c94f6eb-d445-414d-979c-e16046d5ac07,//download.snec.org.cn/SNEC/article/2024/05/22//企业LOGO-87406052.png,pv.snec.org.cn/api/getInviteCompanyList,2026
南京国晨化工有限公司,"Nan Jing Guo Chen Chemical.,LTD",,,,ae7cfe1d-b47f-4b3a-b79c-263bb4630eb5,4d4889de-9bf5-483c-9ea6-e0a01f539b32,5366628a-274a-4069-a565-c509682f66d8,//download.snec.org.cn/SNEC/article/2024/01/10//LOGO 图片-72278873.jpg,pv.snec.org.cn/api/getInviteCompanyList,2026
广东凯特精密机械有限公司,"GUANGDONG HEIGHT PRECISION MACHINERY CO.,LTD.",,,,4386cefb-fc8d-4e3a-9e89-28a0cab8f967,14a8aca7-b5db-44ce-af39-bcfebfec7b17,3d9c58df-5d17-4be4-bf98-23b1526daf9c,https://download.snec.org.cn/SNEC/article/2023/05/13//logo-39488802.jpg,pv.snec.org.cn/api/getInviteCompanyList,2026
 奥展实业股份有限公司,"Ao Zhan Industrial Co., Ltd.",,,,50094c2a-a840-4b19-ac13-37a7ea265306,681b46e3-90c9-4467-8081-cd52fdccf4eb,,//download.snec.org.cn/SNEC/article/2025/05/23//1747986523433(1)-88972867.png,pv.snec.org.cn/api/getInviteCompanyList,2026
福建星云电子股份有限公司,"Fujian Nebula Electronics Co., Ltd.",,,,f2c113db-29c6-4a2e-88bc-d18095ba85fa,d0bdb4ab-ed88-4742-893f-872592019dd4,09227ea9-0847-4519-8e49-a88dec890847,//download.snec.org.cn/SNEC/article/2024/04/24//微信图片_20230629141303-42848178.png,pv.snec.org.cn/api/getInviteCompanyList,2026
湖州拓高机械有限公司," Huzhou TUOGAO Machinery Co., Ltd.",,,,55ba99d6-6654-4ba0-b247-8d7f9623aa9c,d32acc8d-61a1-48bb-8d01-d156227859d5,8ec6bdfa-fd3e-410b-af76-855f9440fdfd,//download.snec.org.cn/SNEC/article/2024/01/23//f79bbf12d70268b236cebe15930aa8b-86024717.jpg,pv.snec.org.cn/api/getInviteCompanyList,2026
上海郑升轴承有限公司,"Shanghai Zhengsheng Bearing Co., LTD",,,,9dc45fbb-e9f4-465e-ae9c-d692f7d6713e,465505cc-a149-4a4f-9af0-80577381aed7,3e6d91d6-cdfa-423b-92e3-de328f1e5d5d,//download.snec.org.cn/SNEC/article/2024/05/07//公司LOGO-80078338.png,pv.snec.org.cn/api/getInviteCompanyList,2026
艾德克斯电子有限公司,"ITECH ELECTRONIC CO.,LTD",,,,ebcd5bb5-1eda-409d-839e-c15425eae293,5169ebdd-781d-4d4f-b449-6a5b642bd340,b7de0769-d0c2-4c6f-bb48-b2148a7b4f87,//download.snec.org.cn/SNEC/article/2024/04/16//logo-91607014.png,pv.snec.org.cn/api/getInviteCompanyList,2026
杭州飞鹿新能源科技有限公司,"Hangzhou Feilu New Energy Technology Co., Ltd. ",,,,b96c28bd-a82e-411a-a534-8f45677fec21,d36bed26-25bc-4b85-b67d-002bcb3a9248,2317aceb-0995-4491-a27f-1b8b2c0ce0ca,//download.snec.org.cn/SNEC/article/2024/05/14//飞鹿LOGO原文件-04779104.png,pv.snec.org.cn/api/getInviteCompanyList,2026
正奇光能科技有限公司,"ZQi SOLAR TECHNOLOGY CO.,LTD.",,,,83005e98-2ee4-4b66-a18f-357a64a521f6,377a9f3a-6161-40af-9265-bb23c1e41cf0,1ef77e0c-a6eb-4a53-8d8e-08f1ee87039d,//download.snec.org.cn/SNEC/article/2024/05/07//logo2-08772001.png,pv.snec.org.cn/api/getInviteCompanyList,2026
飞锃半导体（上海）有限公司,APS Shanghai Ltd.,,,,df54fb29-6e0e-458d-870b-62439d5d0097,6d86bcfa-90e5-4d5b-9a83-ca6aa64654c8,58c30a3a-bb37-4f6d-a897-ae5789e94005,//download.snec.org.cn/SNEC/article/2024/04/03//飞锃logo-39813527.png,pv.snec.org.cn/api/getInviteCompanyList,2026
广东省豪鹏新能源科技有限公司,"Guangdong Highpower New Energy Technology Co., Ltd.",,,,fc579d30-6006-4179-b9ca-f31cdccb68f6,54f863a4-fa64-4dce-aa6d-0c228d02a387,7e28436e-a132-4232-8f22-d14d23cd6721,//download.snec.org.cn/SNEC/article/2023/09/23//logo 1- 豪鹏中文-17354470.png,pv.snec.org.cn/api/getInviteCompanyList,2026
台佳中央空调,TECKA,,,,61e95667-f9af-45c6-8db5-90f0650dcc79,36a84dfe-9bd6-43ff-af75-bbc7072a707a,09d0e8ad-edb2-4449-b7f5-f7a634a7dbcf,//download.snec.org.cn/SNEC/article/2024/05/14//台佳logo-01-14119125.png,pv.snec.org.cn/api/getInviteCompanyList,2026
安徽汉星能源有限公司,"Aulanbel Energy Co., Ltd",,,,1711afc5-a2cf-447d-8738-23f9ee0f04e6,2079b22c-8d33-4f76-83d3-7af69395a761,,//download.snec.org.cn/SNEC/article/2025/05/26//汉星logo1-07426331.png,pv.snec.org.cn/api/getInviteCompanyList,2026
中国电力建设集团有限公司,Power Construction Corporation of China (POWERCHINA),,,,0604f911-aef2-4b58-94ed-8f6e0aef1b05,d8581528-2da0-4a21-820e-c20653760bbe,585a0f35-f667-4e16-b24b-a35913341cf9,//download.snec.org.cn/SNEC/article/2024/04/28//电建集团全称-1-64875512.png,pv.snec.org.cn/api/getInviteCompanyList,2026
阳光电源股份有限公司,"Sungrow Power Supply Co., Ltd.  ",,,,da57568b-ffe0-4218-abab-32d59a8bd442,e689d44f-8891-4cb9-8411-393ab12e9607,53d3cfaf-41f6-4a7c-b74e-b1dcc8760cd5,//download.snec.org.cn/SNEC/img/2024/04/10//中英文标识_CMYK-90514079.png,pv.snec.org.cn/api/getInviteCompanyList,2026
常州君合科技股份有限公司,"Changzhou Junhe Technology Stock Co.,Ltd.",,,,8bec863d-5a3e-447a-96d5-e3125e3c4600,9e8c4482-b81c-4d1f-b392-c9fdf2b9655f,16e26f52-d82f-49d3-8c2c-8ed14a329bd9,//download.snec.org.cn/SNEC/article/2024/04/15//Weixin Image_20240415102003-33983528.png,pv.snec.org.cn/api/getInviteCompanyList,2026
苏州普炬照明电器有限公司,"Suzhou Pouge Lighting Electrical Appliance Co., Ltd.",,,,ebfc3834-3476-470b-84c7-95be6424099d,32cb714f-4a84-4cec-bda5-7dae75cb4ef3,4085fd8e-6a31-4b69-b587-af5df730ffa7,//download.snec.org.cn/SNEC/article/2024/05/30//普矩LOGO-56044287.png,pv.snec.org.cn/api/getInviteCompanyList,2026
长美能源股份有限公司 台湾,GOOGOL COMPANY TAIWAN,,,,f3aca156-717f-4323-b47e-70dad910dd30,2ec7d049-9dac-49ad-8cde-f5ed6294a09c,1c66f682-2607-4c5b-ab1e-f3f97190384c,//download.snec.org.cn/SNEC/article/2024/05/07//長美能源logo-s-1-62927578.png,pv.snec.org.cn/api/getInviteCompanyList,2026
苏州晶洲装备科技有限公司,"Suzhou Kzone Equipment Technology Co.,Ltd.",,,,4b303461-f463-4555-bc5d-13279dac5832,46e289d4-2658-4c3c-891f-546484b7a940,994ccc77-a7ab-4f0b-b0ff-7f25131286d2,//download.snec.org.cn/SNEC/article/2024/01/24//晶洲logo-73416094.png,pv.snec.org.cn/api/getInviteCompanyList,2026
阳光水面光伏科技股份有限公司,"Sungrow FPV Sci&Tech Co.,Ltd",,,,78e85a9c-dbe2-41ac-8f97-0359c4065834,564e0edf-0281-4c7f-a731-11cfd71384b6,3b93b2cc-6b84-4b7e-8ad4-1644ff697e85,https://download.snec.org.cn/SNEC/article/2025/05/29//阳光水面光伏(1)-24511261.png,pv.snec.org.cn/api/getInviteCompanyList,2026
陕西保宝储能科技有限责任公司,"Shaanxi Baobao Energy Storage Technology Co.,Ltd ",,,,3b53f20b-dc31-427f-96e9-7276760d3622,b9823290-8cb4-415c-816b-094e50bd4385,77757373-f614-46b6-8dea-af49e5f232a2,//download.snec.org.cn/SNEC/article/2024/04/07//NPS宝保储能(1)-98846659.png,pv.snec.org.cn/api/getInviteCompanyList,2026
合肥中南光电有限公司,"Chinaland Solar Energy Co.,Ltd.",,,,8a825dba-6c25-4e8f-a25f-af32a1f3da48,b6fb9a16-db35-4f12-849f-aac878a1c797,d6c73cbc-eae8-4cbd-8897-3b66639a662b,//download.snec.org.cn/SNEC/article/2024/04/24//透明中南logo-91951838.PNG,pv.snec.org.cn/api/getInviteCompanyList,2026
中能锂电科技泰州有限公司,"Zhongneng Lithium Battery Technology Taizhou Co., Ltd.",,,,3ae36589-9f16-45d4-b02c-59a6065322b1,5c69d8a1-8cb2-47c7-8615-9680727c06ed,240681e9-6d9c-4789-bc54-01fafce8bc7b,//download.snec.org.cn/SNEC/article/2024/05/08//cfd8b64f3fe869ac8ccf7a554831e846-45416276.png,pv.snec.org.cn/api/getInviteCompanyList,2026
杭州海康机器人股份有限公司,"Hangzhou Hikrobot Co., Ltd.",,,,a2328784-f3db-408f-b229-8c6eafebc262,c9a674e4-1483-4145-8ee5-7baf13f51b64,867aae78-7412-4b55-b370-0f045eed5966,//download.snec.org.cn/SNEC/article/2024/05/22//HIKROBOT-中英组合-01-94682108.png,pv.snec.org.cn/api/getInviteCompanyList,2026
美宝泵业,MEIBAO PUMP,,,,6d004f25-83ac-4878-802f-e5162baf5ea6,0d7aa44e-4f27-4749-9ed0-05bb8d7fb76c,472afde8-a73a-41be-82f7-700531cb18c5,//download.snec.org.cn/SNEC/article/2024/04/24//未标题-1-32202007.png,pv.snec.org.cn/api/getInviteCompanyList,2026
芜湖艾尔达科技有限责任公司,Wuhu Aldoc Technology Co. Ltd.,,,,7b44607e-1497-4b67-963b-4306d58b07d9,eb4f7a7f-c1cc-4510-a160-793402ea2186,5c0a7d86-44b4-4bc0-a583-5052230a881d,//download.snec.org.cn/SNEC/article/2024/01/23//艾尔达LOGo (3)-00973920.jpg,pv.snec.org.cn/api/getInviteCompanyList,2026
深圳市格雷特通讯科技有限公司,"SHENZHEN GRT COMMUNICATION SCIENCE & TECHNOLOGY CO.,LTD",,,,85c8354d-c85e-4364-b77f-3416a0d10fc8,657ea649-5e7e-4a20-9cb5-f59da85059cc,,//download.snec.org.cn/SNEC/article/2025/05/27//格雷特logo-91835818.png,pv.snec.org.cn/api/getInviteCompanyList,2026
深圳市三力电源科技有限公司,"SHENZHEN POWERKINGDOM CO., LTD",,,,15be2a74-533c-48c5-a214-f9564fef827e,051b6aad-e9de-4e62-8be4-393e746dbeee,75c7301d-f16e-4aa2-ac57-f4b08dc4d341,//download.snec.org.cn/SNEC/article/2024/04/03//微信图片_20240319172600-72147321.png,pv.snec.org.cn/api/getInviteCompanyList,2026
东莞市铭旺电子有限公司,"Dongguan Mingwang Electronics Co., Ltd.",,,,fa51f547-9a63-4511-a7d2-4e5b808cafc0,61dddd10-93c3-4463-a9f7-04e5b18aa1a7,0cfd6651-f408-4bc4-924b-d54a254ae787,//download.snec.org.cn/SNEC/article/2024/04/01//专注散热(170x170)-79044020.png,pv.snec.org.cn/api/getInviteCompanyList,2026
上海众之鑫智能化设备有限公司,"Shanghai Zonzsin Intelligent Equipment Co.,Ltd.",,,,43803d27-18c3-4786-b205-17fa56f2d447,ccd10dc5-6c8f-4994-b2e2-e07357417a9f,36581857-19f0-4d65-b9c0-3ed1dfcad13c,//download.snec.org.cn/SNEC/article/2023/10/11//未标题-1_画板 1-43030157.jpg,pv.snec.org.cn/api/getInviteCompanyList,2026
浙商中拓集团电力科技有限公司,"Zheshang Development Group Electric Technology Co., Ltd.",,,,f8f53953-2261-4309-8599-1178461d2603,813477b9-491a-4cb6-9bdb-ad32afe4d01c,f0dfb34f-08e1-4925-88eb-36bbd856f7e9,//download.snec.org.cn/SNEC/article/2024/04/07//浙商中拓logo+文字-透明-05505549.png,pv.snec.org.cn/api/getInviteCompanyList,2026
深圳大深传感科技有限公司  ,"Shenzhen Dass Sensortech Co.,Ltd.",,,,31432e96-a4ed-4d4f-9259-de0bc62aee0e,d4127577-35b7-42f9-a67c-99a3d71b1c1f,0fdb5a4b-f04f-4377-a5c4-457bde47a41a,https://download.snec.org.cn/SNEC/article/2023/05/11//头像-57772590.jpg,pv.snec.org.cn/api/getInviteCompanyList,2026
深圳市亿方电子有限公司," Shenzhen Yifang Electronics Co., Ltd",,,,5d49d0c5-a936-4fe1-858c-4e5e76dcaf86,4f4ed5e4-895f-48c4-a527-b4e0a82208ac,,//download.snec.org.cn/SNEC/article/2025/05/29//亿方-74507949.png,pv.snec.org.cn/api/getInviteCompanyList,2026
深圳市深视智能科技有限公司,"SHENZHEN SINCEVISION TECHNOLOGY CO.,LTD.",,,,53d63453-072e-40f1-8647-ec0d3640301b,e2df2401-cb5c-4909-9259-eaf2b2444bbb,d211d221-6430-4775-81ee-b438de2ca0e3,//download.snec.org.cn/SNEC/article/2024/04/23//深视智能logo-90132956.png,pv.snec.org.cn/api/getInviteCompanyList,2026
广州希森美克新材料科技股份有限公司,"Guangzhou Sysmyk New Materials Technology Co., Ltd",,,,ce1a4e54-ebf0-4f66-991f-1083b6cfcf5c,c858aede-d964-408a-a71f-d0433b5c06b6,179ef066-46fd-4ba0-999b-c8ff78b4975d,//download.snec.org.cn/SNEC/article/2024/04/25//希森美克logo-24545777.png,pv.snec.org.cn/api/getInviteCompanyList,2026
上海红波电器有限公司,"Shanghai Hongbo Electrical Appliance Co., Ltd",,,,901a8a5b-110e-4851-a5ab-3377e9570e65,2054ba60-a4c0-4187-ac63-ad076bda0934,a95e207c-5e91-4398-858f-d1174b4f9bbf,//download.snec.org.cn/SNEC/article/2024/04/12//logo1(1)-04550169.png,pv.snec.org.cn/api/getInviteCompanyList,2026
诸暨市神通机电工业有限公司,"Zhuji Shentong Machinery & Electric Industrial Co., Ltd",,,,d7aa5344-7b67-4500-890c-0b5d9b6e0ad0,97e3caac-6979-4fd8-a668-eb8f637d2b0e,631be9f0-6e20-47b0-9363-f65386764e6a,//download.snec.org.cn/SNEC/article/2023/10/02//公司LOGO_00-02914862.png,pv.snec.org.cn/api/getInviteCompanyList,2026
上海多通机电科技有限公司,"Shanghai Duotong Electric Co.,LTD",,,,922b2b47-d743-4423-a4b1-158e2fde78a6,6cf68ccd-23ed-49cb-b504-615b4944b71a,825db142-4c3d-422c-a8c8-60ffa3cd1aa9,https://download.snec.org.cn/SNEC/article/2025/05/29//上海多通机电科技有限公司 LOGO(1)-06870479.png,pv.snec.org.cn/api/getInviteCompanyList,2026
兆德（南通）电子科技有限公司,"Mu- Edel ( Nantong) Electronic Technology Co., Ltd.",,,,4cacb0b2-c036-42c6-98de-8df4609eeba6,b9bc41b4-fcda-44a4-bcd5-4cf01f208153,6e523f25-89a4-4e73-92ca-8c7f080db0fa,//download.snec.org.cn/SNEC/article/2024/05/14//20180525013741-31709444.png,pv.snec.org.cn/api/getInviteCompanyList,2026
山东有人物联网股份有限公司,"Shandong PUSR IOT Co., Ltd.",,,,306cf6e2-785d-4314-b1ea-6715c53a774b,d9590544-1ea1-4a41-a9d3-ef6a86f66d2a,979e5013-ac23-4b72-b73f-fd766d1f474a,//download.snec.org.cn/SNEC/article/2023/10/09//有人物联logo--44209944.png,pv.snec.org.cn/api/getInviteCompanyList,2026
杭州康奋威科技股份有限公司," Hangzhou ConfirmWare Technology Co., Ltd.",,,,66df08e4-9974-4127-b5cb-fe7307a5a8ce,fd73bc84-497b-49b6-9fbb-04b506e86926,d48d244a-d2fb-4323-8148-3f7efbab377b,//download.snec.org.cn/SNEC/article/2024/04/17//未标题-1-21218153.png,pv.snec.org.cn/api/getInviteCompanyList,2026
浙江日风电气股份有限公司,"Zhejiang HRV Electric Co,ltd",,,,c432165a-1917-4515-b8a7-5a4c1fe88dd1,d69e6f69-3872-4003-972b-fc8a8fa94506,1c111873-5c6d-4065-9b95-075b3c548042,//download.snec.org.cn/SNEC/article/2023/10/12//公司logo-55649696.png,pv.snec.org.cn/api/getInviteCompanyList,2026
南京四象新能源科技有限公司,"TMR Energy Co.,Ltd",,,,2781ff53-829a-48e5-806a-1464c0a881f4,13f4dd13-599a-49f4-89c3-d0526903d785,20ca6cdf-c10c-497e-a83f-e8e88bded698,//download.snec.org.cn/SNEC/article/2023/09/27//四象 logo 2-31223384.png,pv.snec.org.cn/api/getInviteCompanyList,2026
深圳天邦达科技有限公司,"Shenzhen Tian-Power Technology Co., Ltd.",,,,64713146-7152-46e3-9952-be55ab955ca5,9da608cb-21e1-4a1c-abb7-e033951ee1ed,68488874-c3bc-4f64-8b15-b2d56bcb1417,//download.snec.org.cn/SNEC/article/2023/09/14//天邦达logo(蓝1)-68354860.png,pv.snec.org.cn/api/getInviteCompanyList,2026
宝山钢铁股份有限公司,"Baoshan Iron & Steel Co., Ltd. ",,,,5861f70e-b6d8-43e8-9236-86a4ba2b4a68,339d405d-e2c7-4b30-97cd-ac623bc70e3d,e6ea11cc-5b64-4713-84ce-ee9093e2ac30,//download.snec.org.cn/SNEC/article/2024/04/09//宝钢股份LOGO2-06170557.png,pv.snec.org.cn/api/getInviteCompanyList,2026
国家电投集团氢能科技发展有限公司,"STATE POWER INVESTMENT CORPORATION HYDROGEN ENERGY TECH CO., LTD.",,,,78943acb-adf6-4a3d-904e-60d883933f37,caa06e3c-36ac-4c66-93dd-8a581388eafe,71752744-3bea-4e64-97ec-ac054279206b,//download.snec.org.cn/SNEC/article/2024/04/11//公司新版简称和全称_画板 1 副本-61597607.png,pv.snec.org.cn/api/getInviteCompanyList,2026
北京卫蓝新能源科技股份有限公司,"Beijing Welion New Energy Technology Co,Ltd.",,,,6dcb80d7-fc85-407a-86e1-a4bf7071a1f1,d39a9982-c4a1-4092-9384-fdb9af6e03bc,948c273b-88fe-40ab-ac63-aff1b2dc98b8,//download.snec.org.cn/SNEC/article/2024/05/30//微信图片_20240530175853-39502543.png,pv.snec.org.cn/api/getInviteCompanyList,2026
九域半导体科技（苏州）有限公司,"Semianaly semiconductor technology (Suzhou) Co., Ltd",,,,ccce1f97-80ee-488b-b8f4-ba6be7a08462,225517d0-995d-430b-bd7d-4f387f2dc3c3,b53eb222-cb97-41b8-b446-15aa873c6c9f,//download.snec.org.cn/SNEC/article/2023/12/12//九域LOGO-07459611.jpg,pv.snec.org.cn/api/getInviteCompanyList,2026
深圳市迪维迅机电技术有限公司,"Shenzhen DVS Mechatronics Co.,Ltd",,,,eb7caed3-1870-411b-8d9b-16a70954768d,0c224fb9-2cfa-4f07-afb5-55c964895d04,52aaa288-2c55-4c9f-a315-c81fca03f00d,//download.snec.org.cn/SNEC/article/2023/10/11//logo_画板 1-67722918.png,pv.snec.org.cn/api/getInviteCompanyList,2026
北京英博电气股份有限公司,"Beijing IN-POWER Electric Co., Ltd.",,,,6e8d8bd1-e4cb-48ab-902d-4a8f6eeb539d,9fa6fef0-4da5-47c0-b01d-cf7f81c9f2d7,1e3f052f-aa59-40cd-bf53-1de39446dbd0,//download.snec.org.cn/SNEC/article/2024/04/19//北京英博电气LOGO-01-05470139.png,pv.snec.org.cn/api/getInviteCompanyList,2026
双良节能系统股份有限公司,"shuangliang eco-energy systems co.,ltd",,,,71df82dc-c004-4cb1-8641-6de57e59ef7e,f903192f-c990-461b-b1f5-bb4663b60bb5,9304182c-ec33-4762-9177-f0743399dcb1,//download.snec.org.cn/SNEC/article/2024/04/12//跑道标 [转换]-19196905.png,pv.snec.org.cn/api/getInviteCompanyList,2026
江苏佰睿安新能源科技有限公司,"Jiangsu Bairuian New Energy Technology Co., Ltd",,,,9db6c5d4-411b-442c-aa58-006d1c63b6d4,63b3d5ed-9cfb-4e8a-ae24-4ea5b56e5aaf,1e8ca072-be0e-44da-aba7-22a351edf9ae,//download.snec.org.cn/SNEC/article/2023/10/26//85682e956e356280aa8b96db8ef0505-60584447.jpg,pv.snec.org.cn/api/getInviteCompanyList,2026
 厦门法拉电子股份有限公司,"XIAMEN FARATRONIC CO., LTD.",,,,8e20c7a4-548e-4f52-90b1-b5c4f6913d72,012b5317-3fab-4946-8305-47b4f24c0654,a8cd9cfe-4c9d-4acd-b190-a5cdc909a3f4,//download.snec.org.cn/SNEC/article/2023/09/19//法拉LOGO-图形 文字_fara_with_title_trans-47731699.png,pv.snec.org.cn/api/getInviteCompanyList,2026
江苏宏基高新材料股份有限公司,"Jiangsu Hoken High Tech Material Co.,Ltd",,,,1241be1e-cf96-4e73-a736-9bbdf6cd228a,c1a58e57-45c0-4c25-9778-cff4c172c593,ebf44344-59fb-4d4c-a0aa-cf867474285a,//download.snec.org.cn/SNEC/article/2024/02/21//公司logo-25964263.png,pv.snec.org.cn/api/getInviteCompanyList,2026
中创新能网络科技有限责任公司,"Wealthy Power Network Technology Co.,Ltd.",,,,ed39e342-55ee-45a3-887b-a3820b2b8380,c5fd3245-7251-4a94-97c2-f3ecf26d3ff1,db55f66f-137a-401d-b386-6c6fb6b88abd,//download.snec.org.cn/SNEC/article/2024/03/20//1中创logo-64920849.png,pv.snec.org.cn/api/getInviteCompanyList,2026
夏能科技(北京)有限公司,"UNISOLAR Technology(Beijing) Co., Ltd",,,,1ac583cf-00fc-4794-a458-ad8a7de6df78,78197c0b-f8d8-4d1e-9b94-1e501d4d4d22,a79bfa4b-d231-4c91-98bc-bd2b8655ebe9,//download.snec.org.cn/SNEC/article/2024/05/14//夏能科技logo-19563282.png,pv.snec.org.cn/api/getInviteCompanyList,2026
弗莱博电气（浙江）有限公司,"Frabo Electrical (Zhejiang) Co., Ltd",,,,c4b9880d-ffa6-4b14-b5c1-3fd461e2ab26,1383e250-1aa1-445c-96df-11a89b17a53d,89811c28-33c5-4c4f-a431-caafa6867b61,//download.snec.org.cn/SNEC/article/2023/10/06//弗莱博logo-43369811.jpg,pv.snec.org.cn/api/getInviteCompanyList,2026
深圳市锦凌电子有限公司,"SHENZHEN JINLING ELECTRONICS CO., LTD.",,,,298d8112-9e1c-46ca-8336-686b7729c00a,ef78fd17-6280-4712-a9fc-e3541bf70376,53c104fb-c642-4afa-8fb4-1cacca2c5e94,//download.snec.org.cn/SNEC/article/2023/10/12//123-58353304.png,pv.snec.org.cn/api/getInviteCompanyList,2026
逸莱轲软件贸易（上海）有限公司,Trace Software International,,,,35dd0ebc-7653-4210-a4ba-5a7b4d68d8c7,0ea150c5-cad4-4db8-9de7-15668884a3f5,116dd6cf-574c-48e5-99ab-1187ca010c4d,//download.snec.org.cn/SNEC/article/2024/03/19//Logo_tracesoftware_170x44-93067935.jpg,pv.snec.org.cn/api/getInviteCompanyList,2026
深圳众诚达应用材料股份有限公司,Shenzhen APG Material Company Limited,,,,2368bf3b-9d74-4f0a-b64d-3dc5b34fa4d5,10d13028-8f0d-4aea-bcc5-599c6a82965a,5a704525-702b-4fa1-9bff-059ca08bc9b6,//download.snec.org.cn/SNEC/article/2024/01/24//2024SNEC PV_线上展厅logo-31636546.png,pv.snec.org.cn/api/getInviteCompanyList,2026
江苏国嘉导体技术科技有限公司,"JIANGSU POWFAC TECHNOLOGY CO.,LTD.",,,,c1092f6e-a534-4a20-813a-06266b0784fd,81d44662-9bfc-4f3c-accc-759fd3e38881,d62e9fed-cfa8-4116-8916-ee1cea7359e0,https://download.snec.org.cn/SNEC/article/2023/05/11//78e44931a91e3240cc759815c3b00a3-52220334.png,pv.snec.org.cn/api/getInviteCompanyList,2026
协鑫科技控股有限公司,GCL Technology Holdings Limited,,,,81cd0c96-ce7f-4eae-b898-edbddfd4fef0,14869fa0-5556-467a-97dc-f1c5c843a30a,6a5be32e-b921-4287-aa09-eeafc45b8f2e,//download.snec.org.cn/SNEC/article/2023/05/21//微信图片_20230521204959-30995019.jpg,pv.snec.org.cn/api/getInviteCompanyList,2026
天津胜泽宏业钢铁有限公司,"Tianjin Shengze Hongye Steel Co., Ltd.",,,,2a2f26f8-6a05-466b-9ea6-f832fa8b6112,e636cec6-62f2-4985-a2b2-28af1df03cbb,,//download.snec.org.cn/SNEC/img/2025/05/21//图片1-86759639.jpg,pv.snec.org.cn/api/getInviteCompanyList,2026
傲晖数据软件(南京)有限公司,"AUVESY Data Management Solutions Co., Ltd.",,,,f87b779e-e224-42e4-aed2-f94675abb66e,a1b3f6be-0ccf-4f0b-b281-4e537605613b,687ae2c2-f410-4de6-8a72-f4e6a2870daf,//download.snec.org.cn/SNEC/article/2023/05/17//170x70-29176729.png,pv.snec.org.cn/api/getInviteCompanyList,2026
深圳市金诺达铁氟龙电热科技有限公司/江苏金士领精密科技有限公司,"SHENZHEN JINNUODA TEFLON ELECTROTHERMAL TECHNOLOGY CO.,LTD.",,,,b0257a66-f5b1-4bb8-9048-73bd2367d760,43080b93-dcc4-47a4-8f88-2e781710de4a,32fc9f4d-3f5d-43f4-808b-5eb78c960b4a,https://download.snec.org.cn/SNEC/article/2025/05/29//深圳市金诺达铁氟龙电热科技有限公司LOGO(1)-60045957.jpg,pv.snec.org.cn/api/getInviteCompanyList,2026
深圳市永铨源储能有限公司,"Shenzhen Youess Energy Storage Technology Co.,ltd",,,,39480453-87dc-4923-b321-092d25760bb6,1105f9bf-dfc8-400c-8771-16610ca87feb,a1c6df21-2b1c-4343-b8d4-baa939a7625d,//download.snec.org.cn/SNEC/article/2024/03/04//youess(200x200）-35735715.jpg,pv.snec.org.cn/api/getInviteCompanyList,2026
浙江晟泰新能源股份有限公司,"ZHEJIANG SHENGTAI ENERGY CO., LTD",,,,828fcc3a-5c21-4402-ae8a-e886997e8309,761df4dd-ba1d-4001-8757-ce9a95ea0297,f67ec849-4734-4204-b0ba-90de87122c77,//download.snec.org.cn/SNEC/article/2024/05/23//726b5b6fe9e4c968cdb6157e2f6b8c4-51062903.png,pv.snec.org.cn/api/getInviteCompanyList,2026
无锡江岚智能装备有限公司,"WUXI RIVHILL INTELLIGENT EQUIPMENT CO., LTD.",,,,82eccf61-d7cd-482c-913e-01c40890fe74,105cd2d5-f3fc-417d-ad17-ffa569151c97,08f7b9e1-1d47-4912-8d91-1469aefb4182,//download.snec.org.cn/SNEC/article/2024/06/04//微信图片_20240604215422-88425738.png,pv.snec.org.cn/api/getInviteCompanyList,2026
嘉兴海纳紧固件有限公司,"Jiaxing Haina Fastener Co.,Limited",,,,5812dbe9-5adb-44a0-a21a-3c88804bfaf6,fa1829c6-6b94-4638-b334-b4e0901668a0,021d361d-e19d-4479-9ede-41535e6ab36a,//download.snec.org.cn/SNEC/img/2025/04/23//haina-logo---41873818.jpg,pv.snec.org.cn/api/getInviteCompanyList,2026
苏州腾晖光伏技术有限公司,"Suzhou Talesun Solar Technologies Co., Ltd.",,,,11010b6e-913f-4f44-b355-d6658be0b06f,4028ecd2-264e-4d44-af52-6d8b90e630cc,f902918f-caa0-4b75-b286-3c371a66f275,https://download.snec.org.cn/SNEC/article/2025/05/30//腾辉LOGO 高清-80397351.jpg,pv.snec.org.cn/api/getInviteCompanyList,2026
上海鸣志电器股份有限公司,"Shanghai MOONS' Electric Co., Ltd.",,,,e5472d3b-ac9f-47a5-9bc6-d502b1c521d3,12d86a5c-465d-4c12-a079-4bf6cce1bdd6,7d355613-d9bc-46b3-a53b-ca714a761b51,//download.snec.org.cn/SNEC/img/2025/04/18//微信图片_20240809143724-29914001.jpg,pv.snec.org.cn/api/getInviteCompanyList,2026
浙江奔一新能源有限公司,"Zhejiang Benyi New Energy Co.,Ltd. ",,,,bd56777e-1ed5-4a5b-bf58-3c525738a7f9,ea2ec58a-5a0d-4f71-b552-9b5717b27219,360b03f1-15de-483e-8218-43314ac12ed0,//download.snec.org.cn/SNEC/article/2024/05/31//BENY [转换]-26110336.png,pv.snec.org.cn/api/getInviteCompanyList,2026
江苏新煜达新材料科技有限公司,"Jiangsu Xinyuda New Material Technology Co., Ltd",,,,a6177c12-396b-4821-bef0-bb91fbb8c678,9087aab4-8f1f-41f1-baae-044f9df8f8a3,7f142ce1-15b4-4bd8-981b-fefe97744ae3,//download.snec.org.cn/SNEC/article/2024/05/23//微信图片_20240523154841-01088175.png,pv.snec.org.cn/api/getInviteCompanyList,2026
楚能新能源股份有限公司,"CORNEX NEW ENERGY CO., LTD.",,,,7a45b8d0-39c2-4bda-99e1-0226384b36a8,d1aed482-a79b-419c-9519-2b6db9fdaa5b,cca0732c-3787-42f3-a931-9ef1481961fe,//download.snec.org.cn/SNEC/article/2024/05/15//logo+slogan-57283135.png,pv.snec.org.cn/api/getInviteCompanyList,2026
浙江华周智能装备有限公司,"Zhejiang Huazhou Intelligent Equipment Co.,Ltd",,,,824531a7-edcd-4389-a13c-4e3e875417f2,0a5ff086-05f6-410d-9f92-cd402a717477,c95441cc-e8d9-4840-ae11-60a2d260fff6,https://download.snec.org.cn/SNEC/article/2023/05/15//华周-64004003.png,pv.snec.org.cn/api/getInviteCompanyList,2026
河北翰朝精密零件制造有限公司,"Hebei Hanchao Precision Parts Manufacturing Co., Ltd.",,,,6bfc6a66-a32f-4088-a020-5e92ec573e04,09503902-1ed5-4577-b6d9-4bce1c4934c0,,//download.snec.org.cn/SNEC/article/2025/05/28//QQ_1748397940627-38504942.png,pv.snec.org.cn/api/getInviteCompanyList,2026
江苏北人新能源科技有限公司,"Jiangsu Beiren New Energy Technology Co., Ltd",,,,ad69a22a-d244-40ae-996a-98f4b538db16,8f05efd5-0103-4895-b5fe-143c2827c79d,cb5aa3cd-b687-43b9-8d40-849eaa79609f,https://download.snec.org.cn/SNEC/article/2023/05/16//微信图片_20230516114952 - 副本-48033816.png,pv.snec.org.cn/api/getInviteCompanyList,2026
江门凯益盟能源科技有限公司,"KEM Energy, Inc. ",,,,f663db11-c49d-4e1e-8606-b97e2ac6d4b2,90521ce6-5e3d-41ed-8dbe-56ec9c30eeec,d32c57c3-70c6-4ea8-9896-23f86142bbbd,https://download.snec.org.cn/SNEC/article/2023/05/08//energy-2-05416257.png,pv.snec.org.cn/api/getInviteCompanyList,2026
杭州电缆股份有限公司,"Hangzhou Cable Co. , Ltd.",,,,ca688919-8313-4792-a5c4-a8e2c90885d8,fe606ecf-bd63-4a54-857a-ecfeee326dd7,7475d4af-4553-4124-894b-6a2967ca462e,https://download.snec.org.cn/SNEC/article/2023/05/11//企业logo-84826996.png,pv.snec.org.cn/api/getInviteCompanyList,2026
浙江日月光能科技有限公司,Zhejiang Lunisolar Co.，Ltd.,,,,1178d86a-c3e0-41bf-a4d2-553b59b168d4,680eef3f-eaaa-4be6-b5bf-4d9d7511b55c,6fc0e4a7-8768-4227-a3a3-f5cf74957fbc,//download.snec.org.cn/SNEC/article/2024/04/03//日月光能LOGO-45008337.png,pv.snec.org.cn/api/getInviteCompanyList,2026
长风绿能（苏州）科技有限公司,"Changfeng Green Energy(Suzhou ) Technology Co.,Ltd",,,,1fb4b515-9198-4fc2-b357-873a84016eb1,0fadfcd1-721d-4023-b295-f6cd4165a6a1,,//download.snec.org.cn/SNEC/article/2025/05/26//未标题-1-38308701.png,pv.snec.org.cn/api/getInviteCompanyList,2026
宁波市丽辉光伏科技有限公司," NINGBO LIHUI  PHOTOVOLTAIC TECHNOLOGY CO.,LTD",,,,cc6052ad-380d-4f35-94f2-2a3094349e53,b4c4a0b4-c631-43f2-afaa-5057a0ad0a56,9e0b8929-068e-43a6-9964-58a79a62034b,//download.snec.org.cn/SNEC/article/2024/04/11//3b52d1bc565781559a6876112c09736-67334460.png,pv.snec.org.cn/api/getInviteCompanyList,2026
杜肯（武汉）绝热材料有限责任公司,"Durkee （Wuhan）Insulation Material Co.,Ltd",,,,4ef05ecf-dcb1-4c7f-ae82-2edbd06cf244,f0d39f2e-8427-4a5f-ab56-01bc872a090a,848ce56f-12b9-4ba1-b240-7342617a425a,//download.snec.org.cn/SNEC/article/2024/04/26//logo-270※70-40821046.png,pv.snec.org.cn/api/getInviteCompanyList,2026
苏州市兴鲁空分设备科技发展有限公司,"Suzhou Xinglu Air Separation Plant Science and Technology Development Co., Ltd.",,,,0397bf5b-66e9-415a-87fe-070168e536d3,483f40b6-147c-4fac-8444-4929e1d262c6,c1fb2127-1c62-4575-85a2-b89dbd3f5321,//download.snec.org.cn/SNEC/article/2024/05/15//642712647a0aaf07827ea0a652cc93c3-97061596.png,pv.snec.org.cn/api/getInviteCompanyList,2026
镇江市瑞科新材料有限公司,"Zhenjiang Reco New Material Co.,LTD",,,,580fdaad-6074-46d4-adbc-32d13b90d4f8,70d88c52-89e3-41b4-a08f-6cc0e55da211,,//download.snec.org.cn/SNEC/article/2025/05/26//司标截图-73784378.png,pv.snec.org.cn/api/getInviteCompanyList,2026
东莞市永招电子有限公司,"DONGGUAN YONGZHAO ELECTRONICS CO.,LTD",,,,419db11c-c242-4822-a00d-df5e75983a18,89f60e92-b6c5-4ca9-8081-d3b0266480eb,,//download.snec.org.cn/SNEC/article/2025/05/27//永超LOGO-66957539.png,pv.snec.org.cn/api/getInviteCompanyList,2026
杭州杭途科技有限公司,"Hangzhou Hangtu Technology Co., Ltd.",,,,b336258e-92bc-45c2-a07e-3b1de5ab0038,6916548d-2017-445f-8dcd-26c90b42cfbe,417585e9-8d88-40ea-be6c-9d376dae7201,https://download.snec.org.cn/SNEC/article/2023/05/16//logo-01-48500074.png,pv.snec.org.cn/api/getInviteCompanyList,2026
河北英沃新能源科技有限公司,"Hebei Yingwo New Energy Technology Co., Ltd",,,,7b962cfc-46ee-45be-89f2-79b03b53021b,170ee2a3-6189-4955-9e96-07ba12278ecf,7afb163a-d14c-47fc-80ac-1c005f26f956,//download.snec.org.cn/SNEC/article/2023/05/18//英沃商标-89744065.png,pv.snec.org.cn/api/getInviteCompanyList,2026
杭州华鼎新能源有限公司,HANGZHOU HUADING NEW ENERGY CO.，LTD.,,,,29a6ebbf-ff59-4b91-b1c0-5732f9c3f287,42895f5d-674b-4307-b7b5-42fc6a4151f7,,//download.snec.org.cn/SNEC/article/2025/05/28//未标题-1-02-13185912.png,pv.snec.org.cn/api/getInviteCompanyList,2026
浙江驰马电力科技有限公司,,,,,f6c867ad-91a5-4384-a6df-58166c2bf381,fd84ab72-69ba-4e2e-8230-9a4a1859c334,1bfaabd2-bee6-48a1-af89-a464540a2f1e,https://download.snec.org.cn/SNEC/article/2025/05/29//浙江驰马电力科技有限公司 LOGO(1)-99253148.jpg,pv.snec.org.cn/api/getInviteCompanyList,2026
北京研华兴业电子科技有限公司,"Advantech Co., Ltd",,,,5efa5102-2444-40a1-aa61-28a12e7267c6,80a6323d-acaa-4539-9249-ac3d851c4fdc,2dec650e-d258-4d64-b916-4e53ad41097d,//download.snec.org.cn/SNEC/article/2024/04/10//05corporate signature_2-49789672.png,pv.snec.org.cn/api/getInviteCompanyList,2026
江苏氢港新能源科技有限公司,"Jiangsu Qinggang New Energy technology Co.,Ltd.",,,,9223cccd-9a22-4421-8486-cbaeb41cb1ac,0aae6841-98e6-488c-af03-bbe383698356,b0cd9582-023f-44b0-b18e-03ba8397dfaf,//download.snec.org.cn/SNEC/article/2024/05/06//氢港LOGO-18706425.png,pv.snec.org.cn/api/getInviteCompanyList,2026
拓创智能制造（江苏）有限公司,"Tuo Chuang Manufacturing Intelligent Manufacturing (Jiangsu) Co. , Ltd.",,,,6cf53ce9-e33c-44e4-828e-498415941ded,b4e8e720-73c9-4ddd-a527-a832c22125ff,32c24303-5ca5-4e58-b682-c74d05db4d39,//download.snec.org.cn/SNEC/article/2024/05/15//b1db9e784e542b826f2e472a7e91263-49597588.png,pv.snec.org.cn/api/getInviteCompanyList,2026
安徽诺益科技有限公司,"Anhui NOY Technology Co., Ltd. ",,,,557bf227-5b63-42d9-bd24-c06ae4ebc024,5d7d28f5-f799-41f9-90c4-240ba704b53b,f2fb7640-3dd1-4824-b9eb-34bb05af9d16,//download.snec.org.cn/SNEC/article/2023/05/18//logo+名称-58489970.png,pv.snec.org.cn/api/getInviteCompanyList,2026
杭州安普鲁薄膜科技有限公司,"Hangzhou IPRO Membrane Technology Co., Ltd",,,,f0fd55f4-44c6-4726-9778-b2d29ac93cef,b95d0517-1eb1-41a1-98c3-bd2ea92d1ba3,543cf289-1027-4a85-8009-8b58fe010098,https://download.snec.org.cn/SNEC/article/2025/07/28//微信图片_20250728134807-88663514.png,pv.snec.org.cn/api/getInviteCompanyList,2026
星逻智能科技（苏州）有限公司			,"Skysys Intelligent Technology (SuZhou) Co., Ltd			",,,,ba412bfb-ae6b-4367-a5fa-443148403c38,2512ccbf-ffa1-43cd-9e75-a86b8b6d8f8e,4b3a948d-6b28-4717-831b-7cbf8abe5a63,https://download.snec.org.cn/SNEC/article/2023/05/10//170x70-64433844.png,pv.snec.org.cn/api/getInviteCompanyList,2026
威睿电动汽车技术（宁波）有限公司,"Viridi Energy Mobility Technology Co., Ltd.",,,,3e287485-1749-4093-8f98-8697393babaa,dc95c0ac-1aff-4a0a-8443-b087b08f3f64,01199a82-120f-4f94-86c5-74851050340c,//download.snec.org.cn/SNEC/article/2023/09/21//logo排版-01-39022137.png,pv.snec.org.cn/api/getInviteCompanyList,2026
中澳储能电力科技(西安)有限公司,"Alpha Lithium Energy Storage Technology (Xi'an) Co., Ltd.",,,,6902e5a2-4078-48e0-aebe-5885636c6361,950f0649-f754-4d77-aeec-d5c38a728e54,9b60b1cd-014a-44ca-b408-e34f9db25a1e,//download.snec.org.cn/SNEC/article/2024/04/03//9cf41347ed3f9cab15794665b5c6adf-96555597.png,pv.snec.org.cn/api/getInviteCompanyList,2026
苏培（武汉）智能科技有限公司,"Superisys (Wuhan) Intelligent Technology Co., LTD",,,,ca1f9ded-459d-4bbe-a6d8-a670e67a44f1,a0985a28-f1d6-4c2b-8155-0f45b62ee383,43342909-e9a9-4dfe-a53c-e0ece56e1bdf,//download.snec.org.cn/SNEC/article/2024/04/09//1110-26578049.png,pv.snec.org.cn/api/getInviteCompanyList,2026
创实气体控制设备（上海）有限公司,"Spectron Gas Control Systems (Shanghai) Co., Ltd.",,,,9fca7585-0523-4d2c-8a1c-ef16458cf198,f3a435fb-cbdc-4ccd-8ec7-5b0e558a26e8,eb421d61-2486-4c45-86ca-e8237b1cbc4f,//download.snec.org.cn/SNEC/article/2024/04/01//spectron logo-06428208.PNG,pv.snec.org.cn/api/getInviteCompanyList,2026
无锡鼎桥新能源科技有限公司,WUXI DINGQIAO NEW ENERGY TECHNOLOGY CO LTD,,,,b462a26c-71e6-46cd-86b6-a7e92284b95c,32d0bfd4-da83-4c36-b1de-0b21545b7142,,//download.snec.org.cn/SNEC/article/2025/05/28//b83c0efff574904175f50d74ab59826-40913740.png,pv.snec.org.cn/api/getInviteCompanyList,2026
深圳安博检测股份有限公司,Shenzhen Anbotek Compliance Laboratory Limited,,,,865a8154-5708-4daa-be6f-2a9138b42e72,7928a482-6acb-43a4-b247-e05273402a2f,d1f071c3-bf61-41cb-91c0-e0d2d6449437,//download.snec.org.cn/SNEC/img/2025/04/23//安博检测-63257078.png,pv.snec.org.cn/api/getInviteCompanyList,2026
天津文程新能源科技有限公司,"Wencheng Solar Co.,Ltd",,,,81573b65-cffb-409f-b4d4-836fb60e9ab5,453d3ef0-c0d0-4783-a7d4-13c05f327bed,dc2d7dcc-4d97-4c59-b85b-4cbb5033e01b,//download.snec.org.cn/SNEC/article/2024/04/08//微信图片_20220425085839-54883295.png,pv.snec.org.cn/api/getInviteCompanyList,2026
苏州禾川化学技术服务有限公司,"Suzhou He-Chuan Chemical Technology Service Co.,Ltd.",,,,4eb25b53-5b53-43a6-92bc-d10452464b19,d96554ef-d37b-4655-8d6b-82114e194f70,48264d13-2323-418e-941e-e710d65fa6f2,//download.snec.org.cn/SNEC/article/2024/03/22//logo1-61715543.PNG,pv.snec.org.cn/api/getInviteCompanyList,2026
镇江浩博智能装备有限责任公司,Zhenjiang Haobo Intelligent Equipment company,,,,c7bb0253-c84f-4621-8f8e-18e2afdaab92,ae73d416-5dda-44a0-80fb-6593cbd1cb27,,//download.snec.org.cn/SNEC/article/2025/05/28//QQ_1748398147658-62725554.png,pv.snec.org.cn/api/getInviteCompanyList,2026
青岛特锐德电气股份有限公司,"Qingdao TGOOD Electric Co., Ltd.",,,,455547fe-98cd-4797-86de-96f4e25e8607,bf46990d-56f3-41db-9b6b-ac658d6bf952,b21dc793-4f1d-4404-a02a-f6c82ade1a0c,//download.snec.org.cn/SNEC/article/2024/04/24//170x70_画板 1-72952419.png,pv.snec.org.cn/api/getInviteCompanyList,2026
辽宁北方机械股份有限公司,Liaoning North Machine Co. Ltd.,,,,4ea32465-1d5e-4044-9b82-a5e339d1405a,95ff227e-d80b-46e1-8779-05b5dd663b71,6fe8a481-d2ca-423f-8626-33004ca5993d,//download.snec.org.cn/SNEC/article/2024/04/02//logo-82382619.png,pv.snec.org.cn/api/getInviteCompanyList,2026
江门市皇宙实业有限公司," JIANGMEN WONDER INDUSTRIAL Co., Ltd.",,,,6ae43073-c5be-4789-9c6c-85d2a56efa7e,1c7513c4-a706-4df7-9025-eb738c27ff26,,//download.snec.org.cn/SNEC/article/2025/05/27//资源 8@2x-32320607.png,pv.snec.org.cn/api/getInviteCompanyList,2026
上海安守电器有限公司,"ONCCY ELECTRICAL CO., LTD",,,,2419ab5f-ba49-49c2-ae59-83728991756c,46e944ee-ff92-478a-85f5-01aafd385e47,b6437900-0668-4eae-9c7c-423cc09029b5,//download.snec.org.cn/SNEC/article/2024/04/24//ONCCY LOGO-77099117.png,pv.snec.org.cn/api/getInviteCompanyList,2026
武汉伟立德新能源有限公司,"Wuhan Welead New Energy Co.,Ltd",,,,4b7f6e63-1019-4d25-b949-9a89bdc9d2f4,478ad711-a682-43c4-91c7-7f230a7d3f0c,,//download.snec.org.cn/SNEC/article/2025/05/23//加字LOGO（左右）-53632521.png,pv.snec.org.cn/api/getInviteCompanyList,2026
南通冠科新能源有限公司,"Nantong Gamko New Energy Co., Ltd",,,,44664ced-3e8d-4aee-8916-50b03dfe75ef,d206cd26-b7ea-483b-959c-f542a3e67bec,54849947-6e00-4f25-a749-69e7090e9be3,//download.snec.org.cn/SNEC/article/2024/05/15//GAMKO 主LOGO 2400x1800-91415670.png,pv.snec.org.cn/api/getInviteCompanyList,2026
杭州福膜新材料科技股份有限公司,"Hangzhou Foremost Material Technology Co., LTD.",,,,5232864a-b835-4a1e-94f4-077bd0f58ae2,9b5180fe-3bd9-47e2-947c-ef68fbc0cccc,fbe8d175-7342-4cf7-a612-ef021364b923,//download.snec.org.cn/SNEC/article/2024/04/10//福膜LOGO-24902173.png,pv.snec.org.cn/api/getInviteCompanyList,2026
浙江巨磁智能技术有限公司,"ZHEJIANG MAGTRON INTELLIGENT  TECHNOLOGY  CO.,LTD",,,,90461b2d-d63a-4ccb-bef8-fc4351d3569d,7b5a5149-cd56-4f7e-b6b9-b0046fe6a1f0,1b8bb929-0123-4420-8f67-2414307bac40,//download.snec.org.cn/SNEC/article/2023/09/19//Magtron透-01547926.png,pv.snec.org.cn/api/getInviteCompanyList,2026
西安泰力松新材料股份有限公司,"Xi'an Telison New Materials Co.,Ltd.",,,,bf5c0f34-33fd-4883-8511-17706bbeb215,e8b1cda2-99e5-48b0-b096-922423e6b442,b6f79d56-2f32-4df8-9df3-b22932c3d5e6,//download.snec.org.cn/SNEC/article/2024/05/15//QQ图片20180918163444-22568123.png,pv.snec.org.cn/api/getInviteCompanyList,2026
杭州之江有机硅化工有限公司,"HANGZHOU ZHIJIANG SILICONE CHEMICALS CO.,LTD",,,,4ed1de41-dc87-440b-8cd4-915f3ed07f32,1189e303-3828-49fd-9c41-8bb4c4ca2b7c,2c93fefd-154b-4cf3-a066-bdc9b68d643d,//download.snec.org.cn/SNEC/article/2024/04/10//a1ab51d02f1f099fa02f3184fadb02b-80268481.png,pv.snec.org.cn/api/getInviteCompanyList,2026
上海电享信息科技有限公司,enjoyelec,,,,2bd9a3e2-e05e-411f-8c0c-5c91fb8115e7,d4c74cb9-7e29-4ccc-9817-ef5862dfe01c,56266747-dc13-4471-9612-b6372193a926,//download.snec.org.cn/SNEC/article/2024/04/03//LOGO-92119277.png,pv.snec.org.cn/api/getInviteCompanyList,2026
金阳（泉州）新能源科技有限公司,Golden Solar(Quanzhou) New Energy Technology CO.LTD.,,,,c2163856-9f0e-405a-9962-6c26c482ec5b,3289dff0-c981-415f-a4b4-5ddd2121782f,2ab17160-907d-4f1c-95ca-db99f2f177e4,//download.snec.org.cn/SNEC/article/2024/04/01//LOGO-16909103.png,pv.snec.org.cn/api/getInviteCompanyList,2026
浙江银河熔断器有限公司,"ZHE JIANG GALAXY FUSE CO., LTD.",,,,52c0cf31-f7ab-474c-abb2-a39872c491ae,84920821-6286-41c1-bc6a-24ee37da43fa,37635a97-44a4-4fc4-a39e-655b1236ca5d,//download.snec.org.cn/SNEC/article/2024/04/08//公司LOGO PNG格式1-84954407.png,pv.snec.org.cn/api/getInviteCompanyList,2026
山东朝日新能源科技有限公司,"SHANDONG ZHAORI NEW ENERGY TECH. CO., LTD.",,,,58624a16-18dd-44da-8253-1a2a5e639240,37efcd26-1be5-43c3-8050-d0712b7935d9,9f2f3038-abff-4197-9998-6aa3155a1c7e,//download.snec.org.cn/SNEC/article/2024/04/10//Logo-83741797.PNG,pv.snec.org.cn/api/getInviteCompanyList,2026
深圳市英威腾光伏科技有限公司,"INVT Solar Technology (Shenzhen) Co., Ltd",,,,fab49297-af91-4211-8ae4-c2be37b5c3ef,ffc5c33f-d4ac-481b-b285-7c3c87e05e0d,253ea65f-cf96-4ce7-8de6-babcbd9089ae,//download.snec.org.cn/SNEC/article/2024/04/11//LOGO+英威腾上下组合-56599057.png,pv.snec.org.cn/api/getInviteCompanyList,2026
苏州沃特维自动化系统有限公司,"Suzhou Autoway system Co.,Ltd",,,,7f86b671-c180-4eac-b243-315138a58bc5,36448c0c-4a9d-4a8a-b9e3-3f93a77aa407,39519629-fd95-47d5-b1e5-fcdd24106501,https://download.snec.org.cn/SNEC/article/2025/05/29//苏州沃特维(1)-39649126.png,pv.snec.org.cn/api/getInviteCompanyList,2026
爱默科高性能材料（江苏）有限公司,"Emerco High Performance Materials (Jiangsu) Co., Ltd.",,,,4f45bf85-d46b-46d2-9af2-6acdfe32ecba,17d1b161-6eac-4803-a43a-ad2fd9c9a55c,58fe3904-cf43-4fc3-a19a-b953eb1d0ad4,//download.snec.org.cn/SNEC/article/2024/04/08//微信图片_20230510181143 --94450514.png,pv.snec.org.cn/api/getInviteCompanyList,2026
福建玮晟机械有限公司,"Fujian Wellson Machinery Co.,Ltd.",,,,90e09f2b-8b6a-4f6f-ae90-70b70a8b8fee,e7dde846-c25b-45eb-88d5-fbc69a648f4c,f91f994c-eb28-40f9-9df5-82f5aceb6aec,//download.snec.org.cn/SNEC/article/2024/04/09//英文logo-76587746.png,pv.snec.org.cn/api/getInviteCompanyList,2026
浙江德毅隆科技股份有限公司,"Zhejiang Deyilong Technology Co., Ltd",,,,61a05bfa-93e3-44f6-ae21-2109d2cf9790,5ceeb77e-a052-4fb6-ad27-1a1f0b2f8d43,72a3a111-d3ee-4fda-8835-39118fb1c4b7,//download.snec.org.cn/SNEC/article/2024/04/09//德毅隆-01-48165272.png,pv.snec.org.cn/api/getInviteCompanyList,2026
东莞市维品电子科技有限公司,"WINPIN Electronics Technology Co.,Ltd",,,,00091f53-78bc-447c-8a74-828885eec5ae,69d9f68a-97e3-423a-a363-1ffdf4a67255,2d098283-46d2-4bb1-a922-75c9023fa3d3,//download.snec.org.cn/SNEC/article/2024/04/09//LOGO-WINPIN003-1-34917114.png,pv.snec.org.cn/api/getInviteCompanyList,2026
天津市盛隆泽新能源科技有限公司,"Tianjin Shenglongze New Energy Technology Co., Ltd. ",,,,9f59d0aa-a52d-48f3-a52d-593d642f6caf,3bd38911-1d4a-42b2-a7dc-7f3142cf57eb,7d8eeba5-d2e1-46ca-ba4b-619eac64b519,//download.snec.org.cn/SNEC/article/2024/04/24//logo-35927077.png,pv.snec.org.cn/api/getInviteCompanyList,2026
苏州陆腾精密机械科技有限公司,Suzhou lotus energy technology Co. Ltd.,,,,f821c22b-273d-4072-a488-62db5919fab6,855dbb54-ddcf-42e6-a3fe-caa2823a7811,,//download.snec.org.cn/SNEC/article/2025/05/27//bea086fa62867f87392c7f13c736323-63885666.png,pv.snec.org.cn/api/getInviteCompanyList,2026
深圳市恩玖科技有限公司,"Shenzhen Enjoy Technology Co., Ltd.",,,,ef812c1d-9c6f-42e2-b7a5-d579a54cde3e,e0ccd0f7-d929-44ba-a426-a14fe079e5cc,8d9e6780-12a1-4976-8122-d5b9d986d4fe,//download.snec.org.cn/SNEC/article/2024/05/07//资源 1-36530818.png,pv.snec.org.cn/api/getInviteCompanyList,2026
浙江弗沙朗能源股份有限公司,"Zhejiang Forsol Energy Co., Ltd.",,,,12f5c387-a620-41a4-9a16-67d0cc234783,c166e3a1-8cf8-48ac-8ba0-92121684dd60,52307c86-8dbb-400b-ba93-1a413741149d,//download.snec.org.cn/SNEC/article/2024/04/24//微信截图_20211123131718-47774853.png,pv.snec.org.cn/api/getInviteCompanyList,2026
上海涟屹轴承科技有限公司,"Shanghai Lianyi Bearing Technology Co., Ltd",,,,534f3c26-a955-44c5-b07c-a83776005f5c,1032d1f2-8df7-4680-86e5-58c431d3739f,fade64f7-b3e7-4bf7-bfe6-ed94a0cc29e7,//download.snec.org.cn/SNEC/article/2024/04/24//涟屹科技_Logo-01285927.png,pv.snec.org.cn/api/getInviteCompanyList,2026
兆易创新科技集团股份有限公司,GigaDevice Semiconductor Inc.,,,,a3fcf601-5ac3-483d-95e4-1d3a58261926,39d5579a-2b1c-4559-8f74-f3cee7dc0807,3390979d-afa4-4ad2-9f24-883a66457163,//download.snec.org.cn/SNEC/article/2024/04/29//主logo（横式）-标志与英文简称横式组合-49566225.png,pv.snec.org.cn/api/getInviteCompanyList,2026
Soltec,Soltec,,,,758622a7-9238-467f-ad70-f4792bdda288,b1887308-eb46-45b0-a4dd-8aee48083667,99482909-9f02-4717-950b-cf13caf4603b,https://download.snec.org.cn/SNEC/article/2023/05/15//Logo Soltec Vertical CMYK - GR-BLUE-00462946.png,pv.snec.org.cn/api/getInviteCompanyList,2026
弘正储能（上海）能源科技有限公司,"Shanghai Hoenergy Power Technology Co.,Ltd",,,,c4ff570f-53be-42ec-801a-a9dde420ceea,26c2d53d-babe-4366-99b1-aa3befd021af,,//download.snec.org.cn/SNEC/article/2025/05/28//弘正LOGO2024新版定稿 - 简版-01-61825412.png,pv.snec.org.cn/api/getInviteCompanyList,2026
上海朗达电缆（集团）有限公司," Shanghai Ronda Cable (Group) Co., Ltd",,,,792fbe01-b1e4-4c8c-bf9c-da45b6909c4d,1fe23ee3-1027-408f-9429-4c8e0661241e,0fe9029d-6a06-468f-83bf-7687edc075c6,//download.snec.org.cn/SNEC/article/2024/04/12//朗达集团logo-70239689.png,pv.snec.org.cn/api/getInviteCompanyList,2026
中国电子科技集团公司第四十研究所,The 40 institute of china Electronics Technology Group ,,,,3f8fef94-b284-460c-8149-286268e02352,c4aa85de-e264-48f0-9c49-97f51571cb8c,36f3e780-a06d-4577-938e-dc546ed8ac9a,//download.snec.org.cn/SNEC/article/2023/10/07//40所logo-14348111.jpg,pv.snec.org.cn/api/getInviteCompanyList,2026
斯德宝泵阀(苏州)有限公司,"Stuebbe Pumps & Valves (Suzhou) Co.,Ltd",,,,07002518-5cab-4781-9d3f-5df5d9f830d4,3bb62b3d-fd30-4069-a334-28e2922eafa0,4d170953-b65e-453c-b56b-514cee500c5b,//download.snec.org.cn/SNEC/article/2024/04/03//公司Logo-44444735.png,pv.snec.org.cn/api/getInviteCompanyList,2026
威科（广东）储能科技有限公司,"WeCo (Guangdong) Energy Storage Technology Co., Ltd.",,,,7a571b7c-da36-4a23-a0d3-3c6d9758ccdd,3bffcb96-e20b-4087-be19-72762c9fbda7,12488601-a537-4612-b5ce-18d28e7507f3,//download.snec.org.cn/SNEC/article/2024/05/14//weco矢量图-92366693.png,pv.snec.org.cn/api/getInviteCompanyList,2026
拓能（江苏）石英科技有限公司,Tuoneng(Jiangsu) Quartz Technology Co.，Ltd,,,,c98a1cb0-63ab-4fb6-bd83-2a379c1e5d0a,e3bc0a7c-7466-478b-a3ee-e92edf041559,8db8f8ee-dca4-4cdb-ba13-8996a38d5eae,//download.snec.org.cn/SNEC/article/2024/04/08//标志2-05877599.png,pv.snec.org.cn/api/getInviteCompanyList,2026
深圳市乐腾科技有限公司,"Shenzhen Letsolar Technology Co., Ltd.",,,,3369d1d1-0979-4881-8d25-bb217c499b03,54163821-0bc1-4a4c-b1a1-55640451aef1,6dc41c64-8cc7-4d1c-8432-5f69f5704386,//download.snec.org.cn/SNEC/article/2022/09/06//89d82240ecd74ed9bb49056710a78f08.png,pv.snec.org.cn/api/getInviteCompanyList,2026
无锡胜维电气有限公司,"Wuxi Swell Co., LTD.",,,,976faadb-deb7-4ccf-8d77-b8ebede11ddc,af8273e4-9a84-4112-9c90-06f5e232b3f1,80bc9bdc-effe-4a7d-9894-7b5003e7586c,//download.snec.org.cn/SNEC/article/2023/09/28//logo2-64540687.png,pv.snec.org.cn/api/getInviteCompanyList,2026
泰永长征技术股份有限公司,"Taiyong Long March Technology Co., Ltd",,,,ad35a829-4990-4967-b2ce-cb17638ff78c,e9dc7406-bc25-4967-8c65-b1d8f6e3b4c4,502201de-9679-4e82-9df1-f46c54ec1bd9,//download.snec.org.cn/SNEC/article/2024/05/15//企业标志 - 副本-88695492.png,pv.snec.org.cn/api/getInviteCompanyList,2026
安徽楚峰电缆有限公司,CHUFENG  CABLE,,,,d17118d6-8655-4b1a-b764-c371761047fd,42956bd4-3f06-4466-ba77-ccc8b9fd9716,,//download.snec.org.cn/SNEC/article/2025/05/27//楚峰电缆LOGO-19325238.png,pv.snec.org.cn/api/getInviteCompanyList,2026
上海承盛电子科技有限公司,"Chip Shine Electronics Technology Co., Ltd.",,,,f6912a0d-1696-4d77-87e6-77b8b00b4e69,4a33a9f8-a8fa-4123-8112-ab182eb2c94f,,//download.snec.org.cn/SNEC/article/2025/05/23//chipshine-39283822.png,pv.snec.org.cn/api/getInviteCompanyList,2026
苏州钢盈金属制品有限公司,"Suzhou Ganginn Metal Products Co.,Ltd",,,,ca73e88c-d002-421a-aa49-31e0d0998879,89fe932a-7630-4480-b74c-6ccdb21ce392,26c42a23-d0cd-47f3-a356-ac571b7c8baa,https://download.snec.org.cn/SNEC/article/2023/05/11//钢盈logo-62914209.jpg,pv.snec.org.cn/api/getInviteCompanyList,2026
南通普奥电子科技有限公司,"Nantong Puao Electronic Technology Co. ,Ltd.",,,,6962f95c-f20f-4557-8abc-434cfa79e4ed,fd4f4742-3266-4b87-8667-b8bee54aa61e,,//download.snec.org.cn/SNEC/article/2025/05/27//4800_图片1(09-18-13-15-08)-21190612.png,pv.snec.org.cn/api/getInviteCompanyList,2026
大同特殊钢株式会社,"Daido Steel Co.,Ltd.",,,,c01879d3-aa06-4ea9-8f58-0f4f805480fb,cb025435-a2be-4d6d-b940-6c8383f00240,18762c8a-23e5-48a1-9cab-28675b740d5b,//download.snec.org.cn/SNEC/article/2024/07/23//J2(PNG)----18956854.png,pv.snec.org.cn/api/getInviteCompanyList,2026
江苏帕卓管路系统股份有限公司,"JIANGSU PETRO HOSE&PIPING  SYSTEM STOCK CO.,LTD",,,,3568700f-8e3c-41e5-b34c-a8beea9db330,734631c4-bf32-4b42-b2f6-c99cbebcef29,1f5edb4b-0665-4240-ad04-61a866536c38,https://download.snec.org.cn/SNEC/article/2023/05/09//Logo-39348905.jpg,pv.snec.org.cn/api/getInviteCompanyList,2026
常州斯威克光伏新材料有限公司,CHANGZHOU SVECK PYNEW MATERIAL CO .，LTD,,,,8a32ed2a-ef95-450c-8677-66a7b2e2fbd1,2407e240-a0f8-496b-a1f2-b810b455062c,,//download.snec.org.cn/SNEC/article/2025/05/27//8c69a87e099ed25143112a5f4a5d1d7-05794331.png,pv.snec.org.cn/api/getInviteCompanyList,2026
无锡冠亚恒温制冷技术有限公司,"Wuxi Guanya Refrigeration Technology Co., Ltd. ",,,,1f13f14f-024d-4b21-b698-e9db38abd158,9dcd27df-b685-409d-9679-0539458c3bfc,396e1508-7f57-4966-ba65-f6c57a4a9f8d,//download.snec.org.cn/SNEC/article/2024/04/01//0943E7D8-E98B-4929-A66B-F0C64515BBF8-50788088.png,pv.snec.org.cn/api/getInviteCompanyList,2026
视觉动力（北京）科技有限责任公司,"Visual Dynamics(Beijing) Science & Technology Co., Ltd.",,,,f4672ff1-a681-4cab-9c2b-dec5a7cd5660,d50049ee-7e10-4137-84a6-39b7c3bf0c0c,,//download.snec.org.cn/SNEC/article/2025/05/23//____________logo_light_720-22192639.png,pv.snec.org.cn/api/getInviteCompanyList,2026
河北星翰光电科技有限公司,"Hebei Xinghan Photoelectric Technology Co.,Ltd.",,,,bcb792b5-8e52-44de-a25a-0f40d9b7cae5,46ae27a5-540a-4ed4-9c32-259c2a6e3375,,//download.snec.org.cn/SNEC/article/2025/05/27//星翰PNG-43775234.png,pv.snec.org.cn/api/getInviteCompanyList,2026
润建股份有限公司,RunjianCo.Ltd,,,,06269357-b25b-44e3-8fc1-ed9181c4579f,5414d8f6-62f6-46e7-91a4-ed8e00b220a0,,//download.snec.org.cn/SNEC/img/2025/04/18//润建股份Logo-34895818.png,pv.snec.org.cn/api/getInviteCompanyList,2026
天津市沣林钢铁制造有限公司,,,,,2158ff57-4378-46e3-b599-06d6eb8a8c46,01bf55b9-94bc-423a-82da-35ed05622111,3b473174-7329-40b2-961c-aa79035aaf75,//download.snec.org.cn/SNEC/img/2025/04/24//b578c58aa043dd190895ae0a80c1f9e-13395545.png,pv.snec.org.cn/api/getInviteCompanyList,2026
浙江先导精密机械有限公司,"ZheJiang Advanced Precision Machinery Co,Ltd.",,,,4a5369f1-a17c-4953-85ac-ba91c8e69e07,3163f7e3-f963-42f8-b01b-9718d11ddf9d,0bb6c359-0746-48ec-98dd-9a682cdcba53,//download.snec.org.cn/SNEC/article/2024/04/25//★ferrotec1logo-40601629.png,pv.snec.org.cn/api/getInviteCompanyList,2026
上海寅铠精密机械制造有限公司,"Shanghai YK Precision Machinery Manufacturing Co.,Ltd.",,,,f249b976-f69e-4b34-8174-05f384af88a5,e76d93d2-488a-4c5b-b9e3-e1fd1bf18cfb,d78b7506-805d-4374-837a-93514e231c28,//download.snec.org.cn/SNEC/article/2024/06/03//logo1-27991683.png,pv.snec.org.cn/api/getInviteCompanyList,2026
江苏科曜能源科技有限公司,"Jiangsu KOYOE Energy Technology Co., Ltd.",,,,9184429f-921a-4a56-bfaa-8ac9b82ae4f7,8ba21cde-60b0-4029-9d76-3142bcf527c5,ffe7f59d-cead-4691-88d9-653155636096,//download.snec.org.cn/SNEC/article/2024/06/03//中文-小 (1)-13562573.png,pv.snec.org.cn/api/getInviteCompanyList,2026
利星行能源（昆山）有限公司,"LEI SHING HONG ENERGY (KUNSHAN) CO., LTD",,,,fbbfbea1-dc03-4ca1-b2ed-e2cc4e1f4263,855d1659-ba01-4724-9fd5-764527b4c17d,91b82f5c-d795-4a18-823a-2185714c6a62,//download.snec.org.cn/SNEC/article/2024/04/30//lshe -48956111.png,pv.snec.org.cn/api/getInviteCompanyList,2026
宁波贝递同步带有限公司,"NINGBO BEIDI SYNCHRONOUS BELT CO., LTD.",,,,60801cd6-88d2-42f7-a393-309438439df6,46010820-f334-4e1c-a058-7f78ce857cc1,,//download.snec.org.cn/SNEC/article/2025/05/23//11-88591580.png,pv.snec.org.cn/api/getInviteCompanyList,2026
江苏林洋能源股份有限公司/五河耀洋新能源科技有限公司,LINYANG ENERGY,,,,e0466049-92f5-4f31-90e1-8c9d6664979d,44ffdf95-a34f-4c8a-b3b4-a3609198be26,b6ed893c-3845-4d70-8e78-fab1d04918fe,https://download.snec.org.cn/SNEC/article/2025/07/28//林洋能源logo(1)(1)(1)-66495537.jpg,pv.snec.org.cn/api/getInviteCompanyList,2026
苏州英皇工业设备有限公司,"Suzhou Yinghuang Industrial Equipment Co.,Ltd.",,,,e271deab-32f0-420a-8495-c2ecf4e2561c,cc058610-e1ab-4b92-a69c-16af5a0a7a5a,,//download.snec.org.cn/SNEC/article/2025/05/23//公司logo-56824836.png,pv.snec.org.cn/api/getInviteCompanyList,2026
海燕接线盒有限公司,"Haiyan Junction Box Co., Ltd",,,,87e2fa3c-f32b-4404-ab89-3e10b37d7d38,6602dd67-5b49-4764-8277-1faac313f81c,,//download.snec.org.cn/SNEC/article/2025/05/23//未标题logo-68977983.png,pv.snec.org.cn/api/getInviteCompanyList,2026
黄骅市远立五金制品有限公司,yuanliwujin,,,,ff9dfc46-435d-478d-ace5-306876d2603c,8407bbba-e816-44d0-9a7e-a14c04874405,,//download.snec.org.cn/SNEC/article/2025/05/27//123-34048232.png,pv.snec.org.cn/api/getInviteCompanyList,2026
江苏亚电科技股份有限公司,"Jiangsu Asia Electronics Technology Co.,Ltd.",,,,3316db3a-6426-4479-9e01-3d1d2e9bfba7,97ba734d-2a74-437d-a43a-e0ca42e177e0,4b1fab1d-19bb-457b-802d-2b0325f18591,//download.snec.org.cn/SNEC/article/2024/03/26//亚电科技-46587468.png,pv.snec.org.cn/api/getInviteCompanyList,2026
苏州同泰新能源科技股份有限公司,"SUZHOU UKT NEW ENERGY TECHNOLOGY CO., LTD.",,,,2b0a19b0-dd0f-4cce-a15c-a2ab880f24fd,f9902c01-0824-4da8-b235-7d565e3f6ff9,10077559-3b5d-41a5-9e6e-40bc06f527fc,//download.snec.org.cn/SNEC/article/2024/06/04//LOGO-45152842.png,pv.snec.org.cn/api/getInviteCompanyList,2026
江苏富仁能源科技有限公司,"Jiangsu Furen Energy Technology Co.,Ltd.",,,,e52bb443-542e-4269-be8f-a550e06518db,aec29fc8-e6b8-4aec-ba92-1f2719a697bd,,//download.snec.org.cn/SNEC/article/2025/05/19//logo效果图_00-10597229.png,pv.snec.org.cn/api/getInviteCompanyList,2026
正泰安能数字能源（浙江）股份有限公司,"‌Chint Anneng Digital Energy (Zhejiang) Co., Ltd.",,,,0bed3cf6-f999-47a9-bcb1-bd26243da923,eb63417f-1127-4608-9a76-8fe7e4e3c45c,,//download.snec.org.cn/SNEC/article/2025/05/23//20250523-162443-04252527.png,pv.snec.org.cn/api/getInviteCompanyList,2026
深圳市海鹏信电子股份有限公司,"SHENZHEN HAIPENGXIN ELECTRONICS CO., LTD.",,,,93ee7d0a-90ed-4bec-b532-126f1c8586df,da9454d7-06b5-453f-8b7d-9db6f00a7d01,,//download.snec.org.cn/SNEC/article/2025/05/28//QQ_1748397765563-06203889.png,pv.snec.org.cn/api/getInviteCompanyList,2026
东莞市夏阳新材料有限公司,"Dongguan XY New Material Co.,ltd.	",,,,4e05d453-066f-4896-9232-85d14d5dda8c,3ee3ec88-1580-408e-931f-527fa43356bc,,//download.snec.org.cn/SNEC/article/2025/05/23//最终版-46292860.png,pv.snec.org.cn/api/getInviteCompanyList,2026
上海京硅智能技术有限公司,上海京硅智能技术有限公司,,,,85b893eb-e8b4-46a0-857f-c14a7a6666cf,79892e1a-6b48-4045-ad50-c8d6fc4aa5c3,,//download.snec.org.cn/SNEC/article/2025/05/23//微信图片_20250523155117-78964137.png,pv.snec.org.cn/api/getInviteCompanyList,2026
东莞市皇捷通讯科技有限公司,"Dongguan HuangJie Communication Technical Co., LTD",,,,9c565249-e696-40c4-8774-3d4dbb57fb70,bd13d0d5-f6a6-4820-9142-2b5beac9c07c,,//download.snec.org.cn/SNEC/article/2025/05/29//公司LOGO-97043628.png,pv.snec.org.cn/api/getInviteCompanyList,2026
深圳顺霆科技有限公司,"Shenzhen Shunting Technology Co., Ltd.",,,,68f7e918-5288-4848-9a1d-275dd22c739d,1e8ccc03-037d-41b2-8bf2-9bd8616bda4e,e8323490-8462-44cb-9f38-74bb1d4c1d25,//download.snec.org.cn/SNEC/article/2024/08/12//f271d9b563a1187705a4a79b9542555-53389040.png,pv.snec.org.cn/api/getInviteCompanyList,2026
宜兴市和恒精密陶瓷有限公司,"Yixing Heheng Precision Ceramics Co.,Ltd.",,,,c3cc2947-9c11-4b16-853a-4c8198e4c88a,c6b1da69-b769-4422-9742-f66aef0e4106,,//download.snec.org.cn/SNEC/article/2025/05/28//QQ_1748398280688-67183024.png,pv.snec.org.cn/api/getInviteCompanyList,2026
常州市运控电子有限公司," Changzhou Yunkong Electronic Co., Ltd. ",,,,68795cda-4211-44a3-9538-93f640b665f5,3540ad16-67b3-43dc-bb6b-a7b6885536ed,a52bfb6c-1d4f-4f2d-adaa-fcbadd46bd5c,//download.snec.org.cn/SNEC/article/2024/04/29//光伏展线上展厅logo-35436059.png,pv.snec.org.cn/api/getInviteCompanyList,2026
南京实点电子科技有限公司,"Nanjing Solidot Electronic Technology Co.,LTD.",,,,88d0bd9f-9710-451c-b6d6-d40f41861f55,09f92774-3625-449b-89db-4e0c6dc55f8c,2bc056ea-028c-4ffc-88bc-534e73e58c98,//download.snec.org.cn/SNEC/article/2024/04/12//白底LOGO透明-49618521.png,pv.snec.org.cn/api/getInviteCompanyList,2026
苏州合美制冷设备有限公司," Suzhou Hemei Refrigeration Technology Co., LTD",,,,f8af55b5-552b-4d73-8b1b-95f5365978d0,14bb10a7-fbcf-4169-97d3-3804e0b50cff,,//download.snec.org.cn/SNEC/article/2025/05/23//公司LOGO-63770331.png,pv.snec.org.cn/api/getInviteCompanyList,2026
湖北兴发化工集团股份有限公司,"HUBEI XINGFA CHEMICALS GROUP CO.,LTD.",,,,1ef419f0-1aef-48fd-bbc2-bc2bbf546182,79435bca-7a41-4bd8-9d57-3bfad93eefba,,//download.snec.org.cn/SNEC/article/2025/05/23//股份横板logo-46427923.png,pv.snec.org.cn/api/getInviteCompanyList,2026
东方日升新能源股份有限公司,"Risen Energy Co., Ltd.",,,,90d66a7e-0037-4fc1-a518-8adafad4a7e4,b72758a3-4c85-47f7-a17c-d2b936d03a68,,//download.snec.org.cn/SNEC/article/2025/05/23//logo-84180249.png,pv.snec.org.cn/api/getInviteCompanyList,2026
宜兴汇新能源科技有限公司,"YIXING HUIXIN POWER CO., LTD",,,,55f98e83-4189-4649-bcc8-e81a61ad48e1,a14b8ad7-cb8b-48d6-9b5f-6d72ea526e40,dd483c96-490c-45ce-9663-8f483b9eb2d9,//download.snec.org.cn/SNEC/article/2023/02/09//27593a8b0b7db48f6c9163b5e638527-02723426.png,pv.snec.org.cn/api/getInviteCompanyList,2026
德申电气科技有限责任公司,"DESHEN ELECTRICAL TECHNOLOGY CO.,LTD",,,,3355f847-6560-4b6d-a421-7b63b2b81b2d,a3f51b6d-5bc0-4634-a0a5-8e1ffe92f3be,,//download.snec.org.cn/SNEC/article/2025/05/23//930f9e54af0d01fd22f6b99ef3c31b1-27970404.png,pv.snec.org.cn/api/getInviteCompanyList,2026
基迈克材料科技(苏州)有限公司,"Gemch Material Technology (Suzhou) Co.,Ltd.",,,,5761d19c-e03c-42a7-826b-c4877e49c075,20253c12-7448-4e07-99ee-882abaf8b6c4,,//download.snec.org.cn/SNEC/article/2025/05/23//微信图片_20250523162147-73144444.Png,pv.snec.org.cn/api/getInviteCompanyList,2026
镇江苏仪德科技有限公司,"Zhenjiang Solead Technology Co.,Ltd",,,,60c99697-d151-4d74-beb8-8f6ffe639835,ce870f07-5859-47a4-9129-7637e9ebb2c9,,//download.snec.org.cn/SNEC/img/featureImg-1619150062778.png,pv.snec.org.cn/api/getInviteCompanyList,2026
大连连城数控机器股份有限公司,LINTON Technologies Group,,,,2bf42a4d-a11d-4bc3-9d1b-435d28851d1f,04b6078f-f40c-47c6-8c1a-175f4e6c6b02,7f526a06-2860-4ef8-a3ee-aa797373ff03,//download.snec.org.cn/SNEC/article/2024/05/13//资源 1-43749643.png,pv.snec.org.cn/api/getInviteCompanyList,2026
浙江奥力弗绿能科技股份有限公司,"Olive Green Energy Co., Ltd",,,,e7446829-9ba4-4d91-8fba-338a13d46581,17e18943-a763-4157-99bf-d49eb688c48f,,//download.snec.org.cn/SNEC/img/2024/04/12//LOGO-93208159.jpg,pv.snec.org.cn/api/getInviteCompanyList,2026
厦门中惠空调有限公司,"Xiamen AlR-ERV Technology Co., Ltd",,,,2ab24f51-7340-4841-b6fb-b49d95041295,f127dfe7-27ad-40b1-a70d-49f1ccb4cf71,,//download.snec.org.cn/SNEC/article/2026/04/22//lgoo中_画板 1-57186567.png,pv.snec.org.cn/api/getInviteCompanyList,2026
惠州亿纬锂能股份有限公司,"EVE Energy Co., Ltd ",,,,3b8b2390-b4a2-4f60-8707-7acd58b14be2,dd6d1bdd-4582-4f24-927b-8216ce47416d,f2ade1f4-d110-47d1-80da-3b4107b837fa,//download.snec.org.cn/SNEC/article/2024/09/11//EVE 亿纬锂能-64797863.png,pv.snec.org.cn/api/getInviteCompanyList,2026
西安爱科赛博电气股份有限公司,"XI'AN ACTIONPOWER ELECTRIC CO., LTD.",,,,328bf2b3-6b77-4aa7-afb6-c6f38dc0daaa,45a23293-6bd2-4ac2-9cfb-3fef36a5c24b,1d15f9ee-9f82-4f9f-8dcd-eca58eb7f675,//download.snec.org.cn/SNEC/img/2024/04/24//爱科赛博标志9.0-03247797.jpg,pv.snec.org.cn/api/getInviteCompanyList,2026
天津力神新能源科技有限公司,"Tianjin Lishen New Energy Technology Co., Ltd",,,,b5585d24-c92c-4386-99c5-8fc315ea83c8,dbf8c503-ac35-4525-889c-0cf367c813ea,6c889315-5112-4277-be7f-f1d134919b31,//download.snec.org.cn/SNEC/img/2025/04/22//力神（青岛）logo-58676323.jpg,pv.snec.org.cn/api/getInviteCompanyList,2026
北京京运通科技股份有限公司,"Beijing Jingyuntong Technology Co., Ltd.",,,,d1e5e3df-f132-4880-8aab-9f4488b2c20e,d80459d1-0970-498c-a640-4710453e9de5,,//download.snec.org.cn/SNEC/article/2025/05/23//微信图片_20250523155022-58448550.png,pv.snec.org.cn/api/getInviteCompanyList,2026
江苏浚辉新能源有限公司,"JIANGSU JUNCESS ENERGY CO., LTD.",,,,93382075-9453-4bb3-81d1-4ccd5f605a6c,f1078974-7fbf-4424-8569-eec227bccba8,,//download.snec.org.cn/SNEC/article/2025/05/21//juncess--01-29560479.png,pv.snec.org.cn/api/getInviteCompanyList,2026
廊坊浩阔能源科技有限公司,"Langfang Haokuo Energy Technology Co., Ltd",,,,17e62146-9f33-4541-86cf-04843c0882d0,f044f677-60b7-49a7-a3fe-8230558f1f33,,//download.snec.org.cn/SNEC/article/2025/05/27//廊坊浩阔Logo设计-38130850.png,pv.snec.org.cn/api/getInviteCompanyList,2026
埃森特科技（苏州）有限公司,"Essent Technologies (Suzhou) Co., Ltd.",,,,bf9c98b2-4035-453d-9e56-3f813634398b,5b5b656b-d429-47cf-9379-52fc4c367dd8,f4def717-843b-4142-96e3-9310e9cc7b9e,//download.snec.org.cn/SNEC/article/2024/08/21//埃森特-95965578.png,pv.snec.org.cn/api/getInviteCompanyList,2026
东海县太阳光新能源有限公司,"DONGHAI SUNLIGHT NEW ENERGY CO.,LTD",,,,040ca95f-091b-4ebf-b291-dc99681f5826,c1b539a7-7965-4717-8175-31e74aa36ce4,,//download.snec.org.cn/SNEC/article/2025/05/29//太阳光-54832457.png,pv.snec.org.cn/api/getInviteCompanyList,2026
浙江新力熔断器有限公司,"ZHEJIANG XINLI FUSE CO.,LTD.",,,,a832b63a-a8f2-4700-8634-13ea4b648d76,6ccd392f-9013-491c-b3b4-f3c051803962,,//download.snec.org.cn/SNEC/article/2025/05/23//商标图样-74307230.PNG,pv.snec.org.cn/api/getInviteCompanyList,2026
珠海聚阳科技有限公司,"Zhuhai Ju Yang Technology Co.,Ltd",,,,bc73ca5e-3dce-4313-a6ce-4026b2349804,7dce04a9-139a-4c28-bb8b-35ef81dca1b4,,//download.snec.org.cn/SNEC/img/2025/04/28//聚阳Rlogo-03833732.jpg,pv.snec.org.cn/api/getInviteCompanyList,2026
东方旭能（山东）科技发展有限公司,"East energy(Shandong) Technology Development Co., Ltd",,,,21499643-c6fc-4995-8521-fa158ca0bd5e,77ac2ff7-17dc-4e02-b984-e8d408b18786,c6d50403-91fc-4b15-a0e9-841458760a4f,//download.snec.org.cn/SNEC/article/2024/09/03//62eb3c8b69f91274cc7f2a40ee2f150-57077350.png,pv.snec.org.cn/api/getInviteCompanyList,2026
科思创（上海）投资有限公司,"Covestro (Shanghai) Investment Co., Ltd",,,,12524801-3929-4527-a3eb-17e5091c2585,d543d612-119e-4eee-ba60-9a30342e027c,,//download.snec.org.cn/SNEC/article/2024/04/03//中文logo-69699594.png,pv.snec.org.cn/api/getInviteCompanyList,2026
金宏气体股份有限公司,"JinHong GAS CO., LIMITED",,,,971795b4-0899-4c9c-aeeb-6bfa4f5e064e,8a6df05a-6258-4b61-b126-28672103d154,ebd4e37d-665f-4758-926c-b58e72a328b9,//download.snec.org.cn/SNEC/article/2024/04/22//公司LOGO2-63248105.png,pv.snec.org.cn/api/getInviteCompanyList,2026
上海索凯实业有限公司,"SKYIN (SHANGHAI) INDUSTRIAL CO., LTD",,,,4d2924a8-11ed-40ea-9ade-3091c142f79b,f3185ea9-e62f-426d-ad8c-729dcfec028e,,//download.snec.org.cn/SNEC/article/2025/05/23//1747986133981-08530418.png,pv.snec.org.cn/api/getInviteCompanyList,2026
优利德科技（中国）股份有限公司,"UNI-TREND TECHNOLOGY（CHINA）CO., LTD.",,,,d1aff88d-d057-46dd-b0c0-9d39b1d7611d,95f49142-ce7a-4a38-a608-15ec372002bd,,//download.snec.org.cn/SNEC/article/2025/05/23//Logo 中文-75082018.png,pv.snec.org.cn/api/getInviteCompanyList,2026
深圳市远信储能技术有限公司,"RelyEZ Energy Storage Technology Co.,Ltd.",,,,814725df-30b9-4975-945b-1f55fb17c0f0,d4e351c3-4375-47dc-ac94-663c8d825504,,//download.snec.org.cn/SNEC/article/2025/05/26//横板-07868300.png,pv.snec.org.cn/api/getInviteCompanyList,2026
京华兆建,Jinghua Zhaojian Metal,,,,140b339b-048d-4c23-b564-874967feb5e4,dc126943-3d61-46ca-b82f-2d7aa68130f4,,//download.snec.org.cn/SNEC/article/2025/05/23//京华兆建横版logo（黑）-50735801.png,pv.snec.org.cn/api/getInviteCompanyList,2026
淮安华创新材料有限公司,"Valtro New Material Co.,Ltd.",,,,4a5c1ee7-15a8-45bd-ae1f-23e6a07dd975,67c1555c-a9b2-4e61-9758-47a51cd6a2cd,,//download.snec.org.cn/SNEC/article/2025/05/23//华创新材料 LOGO_画板 1-16091230.png,pv.snec.org.cn/api/getInviteCompanyList,2026
浙江东睦科达磁电有限公司,"ZHEJIANG NBTM KEDA MAGNETOELECTRICITY CO., LTD",,,,400d5fd6-9277-4d85-8cad-97de3e6ff7a4,309a5291-c092-4d33-869b-f6143e611f5e,,//download.snec.org.cn/SNEC/article/2025/05/23//6e094ccde2d6bce9653afadf3075292-04548507.png,pv.snec.org.cn/api/getInviteCompanyList,2026
浙江东政电机有限公司,"ZHEJIANG DONGZHENG MOTOR CO.,LTD",,,,879c583f-0471-4976-ac51-9b8c382b4386,1d328782-3bd1-4716-8110-1c7882a78ffd,,//download.snec.org.cn/SNEC/article/2025/05/23//公司LOGO-48972855.png,pv.snec.org.cn/api/getInviteCompanyList,2026
无锡市索克赛斯科技有限公司,"WUXISUCCESS TECHNOLOGY CO.,LTD.",,,,cc7e70b3-1ef7-411b-b63c-051f97fa129c,991910b8-84e6-4fdd-83c9-4c077b269008,,//download.snec.org.cn/SNEC/article/2025/05/27//QQ20250527-194722-48437549.png,pv.snec.org.cn/api/getInviteCompanyList,2026
青岛国林半导体技术有限公司 ,"Qingdao Guolin Semiconductor Technology Co.,Ltd.",,,,a430453b-3cce-4d24-93a9-6eed298fc6cd,325606c5-289e-4566-ba2f-55c0baacd723,608a7c31-ab90-4a59-8df2-e7fceee58ce6,//download.snec.org.cn/SNEC/article/2024/04/18//公司logo1-75543147.png,pv.snec.org.cn/api/getInviteCompanyList,2026
连云港市瑞诺电子产品有限公司, lianyungang  ruinuo  Electronics  Co.  Ltd,,,,9644a243-1172-4f8b-89a7-f356298c33c6,cb00b68f-a4cd-4900-9a1f-49a8982e4a2e,7cfec897-930b-40b7-ad1a-7c884a4dd719,//download.snec.org.cn/SNEC/article/2024/10/15//LOGO2-27188347.PNG,pv.snec.org.cn/api/getInviteCompanyList,2026
苏州红恩新材料科技有限公司,苏州红恩新材料科技有限公司,,,,c0f233a4-a137-4d41-bb8e-5ba3cad56c8f,48131dbd-5372-4293-a903-ffc8eb59e5f2,30160b4d-4759-4e67-8826-5286abd41539,//download.snec.org.cn/SNEC/article/2024/09/09//logo1-35353169.png,pv.snec.org.cn/api/getInviteCompanyList,2026
国民技术股份有限公司,Nations Technologies Inc.,,,,bfaf127a-3711-43d6-b79a-a766936a86be,7ff16a80-442f-48f7-b65e-79c2d4bef8dd,,//download.snec.org.cn/SNEC/article/2025/05/22//国民技术logo-竖版-90160735.png,pv.snec.org.cn/api/getInviteCompanyList,2026
福建恒申电子材料科技有限公司,"Fujian Highsun Electronic Material Technology Co.,Ltd",,,,ca569338-d5b7-4cdd-8a31-83daf69f8f0f,2e427050-d143-4cd4-8f5d-b97ebbf54694,,//download.snec.org.cn/SNEC/article/2025/05/23//logo2-38174595.png,pv.snec.org.cn/api/getInviteCompanyList,2026
康达新材料（集团）股份有限公司,"Kangda New Materials（Group）Co., Ltd.",,,,3191f3ee-170f-45cf-af08-3d2c4d698f86,fdf46e66-c17f-46c5-a646-8319a2b81cf8,,//download.snec.org.cn/SNEC/article/2025/05/23//微信图片_20250523152325-63093659.png,pv.snec.org.cn/api/getInviteCompanyList,2026
秦能光电,Q-SUN,,,,b2b86266-ccb3-4907-84f0-a683576d88af,3481c414-a0df-4845-9e5a-f9e3e87898e1,beefb0ed-0c73-4861-9fe8-9d4eff086d0f,//download.snec.org.cn/SNEC/article/2024/04/03//微信图片_20240403101215-28486025.png,pv.snec.org.cn/api/getInviteCompanyList,2026
浙江润海新能源有限公司,"Zhejiang WINHITECH New Energy Co. ,Ltd.",,,,f50449bd-913e-4f10-8867-7cf4e764680e,d6d5dc91-ca26-4ef4-a5ee-3b52b83c1cc8,801027a5-7eb7-4197-b99b-328abe9f4fc4,//download.snec.org.cn/SNEC/article/2024/04/11//site_logo-33979748.png,pv.snec.org.cn/api/getInviteCompanyList,2026
苏州微奈智能科技有限公司,"Suzhou Weinai Intelligent Technology Co., Ltd",,,,7f7f8bdb-48ba-4738-8659-a0e07410f200,59eff248-7665-4648-a05a-8ff32e44df40,,//download.snec.org.cn/SNEC/article/2025/05/23//苏州微奈智能科技有限公司_画板 1-24578952.png,pv.snec.org.cn/api/getInviteCompanyList,2026
矽翔微机电系统有限公司,Siargo Ltd.,,,,697a7435-3924-46a9-a37d-3e8c7e29cd5c,a16c430b-23d3-409b-8ca3-07aa870603f5,,//download.snec.org.cn/SNEC/article/2025/05/23//LOGOPNG-58211913.png,pv.snec.org.cn/api/getInviteCompanyList,2026
北京卓越信通电子股份有限公司,"Transcend Communication Beijing Co., Ltd.",,,,a85c75b4-7ae8-46eb-b08e-1f2960dee666,685adb53-9fa3-4c8e-843a-948f47ac1718,,//download.snec.org.cn/SNEC/article/2026/04/22//卓越信通logo-01-05440996.png,pv.snec.org.cn/api/getInviteCompanyList,2026
青岛精锐机械制造有限公司,"QINGDAO ELITE MACHINERY MANUFACTURE CO.,LTD.",,,,893a9fe1-2ec5-495b-9279-4bb41ac4dd10,6935d2d2-6eb6-463f-ad7f-3db80017adf6,bbb920de-8d8b-4305-9b08-35875c0363d7,//download.snec.org.cn/SNEC/article/2024/04/22//170x70-72087596.png,pv.snec.org.cn/api/getInviteCompanyList,2026
兴储世纪科技股份有限公司,Zonergy,,,,8cd8f276-1e0e-4c5a-954b-03c83fdb29e9,9713e7b3-5006-443f-8bfb-4e0a72510373,3402cfaf-6131-4676-8d31-a35c6b7e81ab,//download.snec.org.cn/SNEC/article/2024/04/30//微信图片_20211104135209_副本-20630714.png,pv.snec.org.cn/api/getInviteCompanyList,2026
苏州梓硕能源科技有限公司,"Su Zhou ZiShuo Energy Technology Co.,Ltd",,,,db256210-f3ee-4841-8943-3794c16ac0b4,78fb412d-a6f8-4c6b-a861-cd379620ca9e,a0ad51f9-a698-472d-8941-42404608e1bd,//download.snec.org.cn/SNEC/article/2024/04/10//梓硕源文件_画板 1-86995978.png,pv.snec.org.cn/api/getInviteCompanyList,2026
纳峰真空镀膜（上海）有限公司,"Nanofilm Vacuum Coating (Shanghai) Co., Ltd.",,,,ec5e13df-4b81-4beb-abe0-515c38a5a9a6,431e8541-12b6-4d97-b4bc-7915f41b02be,7007fb3b-539d-43ff-a227-99aafd2d84e4,//download.snec.org.cn/SNEC/article/2024/04/07//纳峰logo1-80275697.png,pv.snec.org.cn/api/getInviteCompanyList,2026
浙江泰德汽车零部件有限公司,TECHRAD(ZHEJIANG) AUTOMOTIVE THERMAL SYSTEMS CORP.,,,,80b37c8d-bc23-4b6c-906d-17c675658766,d0938ef0-a543-429f-b57f-7afbbb50f70e,,//download.snec.org.cn/SNEC/article/2025/05/23//TECHRAD LOGO_副本-50465495.png,pv.snec.org.cn/api/getInviteCompanyList,2026
河北格阳龙金属丝网制品有限公司,"Hebei GeyangLong Wire Mesh Products Co., Ltd",,,,e941048b-b821-48c9-850f-4d6dada536b0,656bb292-5ea3-48c3-937b-99513e4a8b54,,//download.snec.org.cn/SNEC/article/2025/05/23//LOGO1-44184843.png,pv.snec.org.cn/api/getInviteCompanyList,2026
河北兰瑞电器有限公司,Hebei lanrui Electric Appliance Co.Ltd,,,,c265524e-cc9f-499f-a315-68bd47b656e0,a17ab52f-a663-44c2-910b-74dded90dd70,,//download.snec.org.cn/SNEC/article/2025/05/23//兰伯瑞logo(1)-58123831.png,pv.snec.org.cn/api/getInviteCompanyList,2026
北京昊克赛尔科技有限公司,HuksefluxChina,,,,bca82336-a645-4321-89ff-031bbaa7e93c,e5c4ec14-841e-422f-8347-a2588245a498,,//download.snec.org.cn/SNEC/article/2025/05/24//HuksefluxChina-logo-07440676.png,pv.snec.org.cn/api/getInviteCompanyList,2026
上海台罡机械设备有限公司,Shanghai Tsigang Machinery Equipment C0；Ltd,,,,4cd1efed-17f5-4243-b9a6-3b75c622f337,e67761c5-4ba6-438e-b5f4-7679505b46b3,344d6311-1127-4d39-98e5-9333b5e78673,//download.snec.org.cn/SNEC/article/2024/04/09//logo-44722542.png,pv.snec.org.cn/api/getInviteCompanyList,2026
英孚康（浙江）工业技术有限公司,Information Convergence Technology,,,,d299c7c1-2fb8-49da-8792-458dc11e79a2,8177d19a-f801-486f-8d78-0186499eab8f,,//download.snec.org.cn/SNEC/img/2023/04/12//英孚康-67403175.jpg,pv.snec.org.cn/api/getInviteCompanyList,2026
厦门市裕金祥工贸有限公司,"Xiamen Yujinxiang Industry and Trade Co., Ltd",,,,2fcbc649-dac5-477f-aff9-da8a8e9b6b22,6b08da08-27ed-413e-b26e-020878de0b4f,,//download.snec.org.cn/SNEC/article/2025/05/23//logo-07142320.png,pv.snec.org.cn/api/getInviteCompanyList,2026
辉县市鑫盛模具有限公司 ,XINSHENG MOULD,,,,9b3a9393-dba1-4f93-8603-142e06bae0cc,3f2605af-ee95-4e96-af2b-a4e57693a997,,//download.snec.org.cn/SNEC/article/2025/05/27//微信图片_20250527195101-16269847.png,pv.snec.org.cn/api/getInviteCompanyList,2026
浙江晟霖益嘉科技有限公司,"Zhejiang SEMRISE Technology Co.,Ltd",,,,f66b1b5f-d278-485f-a382-6b733fb6f033,ea1e5784-3ddb-45a9-8b8b-9ae92ece3618,6c8e4a12-1ccf-47a4-9151-07dad76b81f8,//download.snec.org.cn/SNEC/article/2024/10/30//869556a1ea861f469210aca6eef0e458-32077795.png,pv.snec.org.cn/api/getInviteCompanyList,2026
苏州柯派自动化设备有限公司,"Suzhou KOPAD Automation Equipment Co., Ltd",,,,b63e06ed-db7c-458b-bb03-6b49927ae476,17e8bbdf-ec40-4c8b-aa93-79491ee280ed,,//download.snec.org.cn/SNEC/article/2025/05/24//发包logo-81666191.png,pv.snec.org.cn/api/getInviteCompanyList,2026
江苏德鑫新材料科技有限公司,"Jiangsu Dexin New Materials Technology Co., Ltd.",,,,f28eee96-a3fe-4679-937d-8bffcf79c752,d8e68777-3333-4572-a894-3caf8e7801df,,//download.snec.org.cn/SNEC/article/2025/05/24//微信图片_20250524214651-68808222.png,pv.snec.org.cn/api/getInviteCompanyList,2026
普尔世电源(苏州)有限公司,"PULS Power (Suzhou) Co., Ltd.",,,,dc1de0b0-0e47-47c4-841a-c5bb891bd5a1,11f15ef1-ff4b-445d-9f56-b0c13bce0adf,,//download.snec.org.cn/SNEC/article/2025/05/23//PULS_Blau_100c80m-65365150.png,pv.snec.org.cn/api/getInviteCompanyList,2026
曲靖阳光新能源股份有限公司,"QJ Solar New Energy Co., Ltd. ",,,,4d5c5c37-9e2a-4cc0-9987-482d662dcdab,dd924081-9e36-4aa9-a4f1-286cc699e0db,,//download.snec.org.cn/SNEC/article/2025/05/23//logo png-03-51608389.png,pv.snec.org.cn/api/getInviteCompanyList,2026
上海品诚晶曜光伏科技有限公司,"POLYSHINE SOLAR CO., LTD.",,,,4f9170f5-67d8-41f8-b912-c076df9e465d,7826699b-c521-4ea0-a492-b00f4e715e41,907ced3a-f65b-4c71-8dd9-d4bb5dffac89,//download.snec.org.cn/SNEC/article/2024/04/22//未标题-1-23631532.png,pv.snec.org.cn/api/getInviteCompanyList,2026
浙江民数科技有限公司,"ZHEJIANG MINSHU TECHNOLOGY Co., LTD",,,,f11d601d-f7a9-40fd-bdac-114df967c133,3151e4b7-c0a7-4127-99fd-4899782cbbe0,,//download.snec.org.cn/SNEC/article/2025/05/23//17070-99158153.png,pv.snec.org.cn/api/getInviteCompanyList,2026
青岛欣欣向荣智能设备有限公司,"Qingdao Sacpack Intelligent Equipment Co., Ltd.",,,,a2cdb707-2387-4e25-8fc2-a42f67a0a310,18ff2342-135d-46a7-8879-5def5e0a699f,,//download.snec.org.cn/SNEC/article/2025/05/23//logo-横-42384115.png,pv.snec.org.cn/api/getInviteCompanyList,2026
株式会社NBC纱网技术,NBC Meshtec inc.,,,,15e79368-ae7e-4183-b560-f335317cad9c,af70450a-dff9-40b5-932b-eec0b55fcc6e,,//download.snec.org.cn/SNEC/article/2025/05/28//QQ_1748391161386-79925430.png,pv.snec.org.cn/api/getInviteCompanyList,2026
深圳市合信自动化技术有限公司,"COTRUST TECHNOLOGIES CO.,LTD.",,,,65487981-e298-4179-8b7d-0479dd39ea3e,3fd05553-cf78-4664-a677-e1089d549d75,d07eeae1-5f4e-4c6d-85ae-e06c85306c96,//download.snec.org.cn/SNEC/article/2024/04/22//标准logo-02-74783337.png,pv.snec.org.cn/api/getInviteCompanyList,2026
江苏鑫亿鼎石英科技股份有限公司,"Jiangsu Xinyiding Quartz Technology Co., Ltd",,,,07aeea47-4a18-4504-ab92-c84b62a0c593,b21be713-e98f-42bc-a946-27b3120d06e7,,//download.snec.org.cn/SNEC/article/2025/05/25//图片1-47009246.png,pv.snec.org.cn/api/getInviteCompanyList,2026
上海西马特机电科技有限公司,"SHANGHAI SIEG MECHANICAL&ELECTRICAL TECHNOLOGY CO.,LTD",,,,b325cdb4-1c1e-4f60-be4d-536511678689,80f826f8-32b5-436d-bcb0-380a7b071c52,,//download.snec.org.cn/SNEC/article/2025/05/23//logo-25992830.png,pv.snec.org.cn/api/getInviteCompanyList,2026
柳州凌桥预应力机械有限公司,LIUZHOU LINGQIAO PRESTRESED MACHINERY CO .LTD.,,,,fee6960d-0914-4eb8-abac-de1cc15deaa8,2e8e88bd-c09b-45a1-a67c-1a485452ecd1,,//download.snec.org.cn/SNEC/article/2025/05/23//1549242_7e28ef7e-5199-40cb-92b1-f13b103fc764-56112648.png,pv.snec.org.cn/api/getInviteCompanyList,2026
苏州凯而高电子有限公司,"SuZhou KEG Electronics Co.,Ltd.",,,,3c54cccc-7f81-4234-b474-d883cc76e0da,1b509548-25ba-4566-b73c-1085b2102550,,//download.snec.org.cn/SNEC/img/2024/04/18//KEG  LOGO-62873251.png,pv.snec.org.cn/api/getInviteCompanyList,2026
深圳锦凌电子股份有限公司,"Shenzhen Jinling Electronics Co., Ltd",,,,bd08d7c6-ce5c-4702-b0c8-4c49121b2039,cc86c673-ab95-44b8-a0a5-af7fc082d259,,//download.snec.org.cn/SNEC/article/2025/05/23//logo横版已转曲-透明-11861661.png,pv.snec.org.cn/api/getInviteCompanyList,2026
苏州斐尔西科技有限公司,"Suzhou Fly Solar Technology Co.,Ltd",,,,65482054-ee59-49b8-bc12-37a2b7264a31,daba4478-d88a-4aeb-8023-3a69d306c309,,//download.snec.org.cn/SNEC/article/2025/05/23//公司logo1-34371170.png,pv.snec.org.cn/api/getInviteCompanyList,2026
焱图慧云（苏州）信息科技有限公司,"YANTU SMART(SUZHOU) INFORMATION TECHNOLOGY CO.,LTD.",,,,0f68e507-9827-49f1-96b7-4d7d103b3814,dc56fafd-7752-4582-9335-884775c29c69,,//download.snec.org.cn/SNEC/article/2025/05/23//logo170-57476285.png,pv.snec.org.cn/api/getInviteCompanyList,2026
恩智（上海）测控技术有限公司,"Next Generation Instrumental (Shanghai) T&C Tech. Co., Ltd.",,,,44851141-df8d-4886-adae-efb00a9f8c7f,e98d63d6-b4b7-4c0a-b6dc-3160b5e3df61,,//download.snec.org.cn/SNEC/article/2025/05/23//风扇丝印-69416506.png,pv.snec.org.cn/api/getInviteCompanyList,2026
嘉兴南博精密制造股份有限公司,JIAXING NANBO PRECISION MANUFACTURING CO.. LTD,,,,b657f575-dc28-4a25-a298-d966617360ce,f507b5e5-8ccf-4b38-bd12-829aa072f0f6,,//download.snec.org.cn/SNEC/article/2025/05/23//使用工具生成图片副本-76326221.png,pv.snec.org.cn/api/getInviteCompanyList,2026
河北华伦线缆有限公司,"HUALUN CABLE CO.,LTD",,,,fc406054-269a-43e2-b09a-fd56bd850390,9c351bf8-db6a-4b55-a584-0583d0d37656,,//download.snec.org.cn/SNEC/article/2025/05/25//华伦线缆-04078108.png,pv.snec.org.cn/api/getInviteCompanyList,2026
合肥朵泽电子科技有限公司/宁波宏杰电子科技有限公司,宁波宏杰电子科技有限公司/合肥朵泽电子科技有限公司,,,,af0d8f1b-e4e7-4644-ac98-e25710728541,2af7d038-1f44-4062-999a-a9b34ce16790,7d203c4e-dbbb-426c-a06c-8d43e3e4a5b8,//download.snec.org.cn/SNEC/article/2024/04/18//DZ标志 - 副本_副本-01855177.png,pv.snec.org.cn/api/getInviteCompanyList,2026
邯郸市宁远紧固件制造有限公司,"Handan Ningyuan Fastener Manufacturing Co., Ltd",,,,b444d1c5-8646-4b7c-8d5e-15f4f26d2e39,25a30b7c-4b5e-4aad-bf18-9002745bf938,,//download.snec.org.cn/SNEC/article/2025/05/23//未标题-1_副本-92210769.png,pv.snec.org.cn/api/getInviteCompanyList,2026
深圳市贝尔太阳能技术有限公司,"Shenzhen Bluetech Solar Power Co.,Ltd",,,,2885f5c4-c2a1-4476-a49c-568bc2bebf42,47ae17f4-cb58-45cc-9523-5ee2499a09a9,,//download.snec.org.cn/SNEC/article/2025/05/23//logo-png-00215601.png,pv.snec.org.cn/api/getInviteCompanyList,2026
亚洲龙电气股份有限公司,"Asiaon Electric Co., Ltd",,,,ce9f562f-35a6-4201-831a-2596bfd670e7,85bc4660-205f-4a13-8a4f-37fcfd45ca6e,,//download.snec.org.cn/SNEC/article/2025/05/23//Asiaon Logo 图片-97557772.png,pv.snec.org.cn/api/getInviteCompanyList,2026
极电光能,UtmoLight,,,,d96ec522-fce0-493d-a9e2-f0ad77a78917,609a36f4-579f-40a3-8e6e-90afcbe0e474,1e3875a2-2283-4bed-a9ee-958cfbb96f19,//download.snec.org.cn/SNEC/article/2024/04/15//极电光能LOGO上下组合-彩色去底-28503534.png,pv.snec.org.cn/api/getInviteCompanyList,2026
深圳市锐钜科技有限公司,"Shenzhen Lytran Technology Co., Ltd.",,,,cbebdba3-2522-4561-883e-d55f325ee72b,11c52654-8a7b-4cea-b060-8d019d1ebd4e,b79e87a7-8fbc-464c-89ea-1f17bbf3564b,//download.snec.org.cn/SNEC/article/2024/04/23//ccc577126cb97707e8375fe1a6b2e1e0_-69489797.PNG,pv.snec.org.cn/api/getInviteCompanyList,2026
广东诺能泰自动化技术有限公司,"Guangdong NNT Pneumatic Technology Co., Ltd.",,,,578683aa-5c96-4736-9e50-54e5ba7dd2d8,4d2f6dc6-614e-43e6-bb46-33c7c4b4b494,,//download.snec.org.cn/SNEC/article/2025/05/26//未标题-1-36931548.png,pv.snec.org.cn/api/getInviteCompanyList,2026
博山新微电机厂 , ,,,,13c18534-46b0-4af4-8680-fbb2e16894c9,b3f4367a-56fd-4e85-9111-3210c32d4be9,,//download.snec.org.cn/SNEC/article/2025/05/28//QQ_1748392387004-08812081.png,pv.snec.org.cn/api/getInviteCompanyList,2026
厦门国瑞能新能源技术有限公司,"Xiamen Grace Solar New Energy Technology Co., Ltd",,,,9a1944dc-c1c2-4640-b83e-0082d17cbab7,b1dd0238-0451-41e8-a61f-d52f0fb0bcd6,,//download.snec.org.cn/SNEC/article/2025/05/23//国瑞能logo矢量文件-03-23006679.png,pv.snec.org.cn/api/getInviteCompanyList,2026
恩智（上海）测控技术有限公司,"Next Generation Instrumental (Shanghai) T&C Tech. Co., Ltd.",,,,4dafcc88-63c2-4a92-84c1-e372c7dae696,81c71b8a-b768-44d1-8ecc-1840c4c99ec2,4df71671-f339-4c45-a7a7-89b61b4b11e9,//download.snec.org.cn/SNEC/article/2024/04/18//印刷用-NGI恩智-33363978.png,pv.snec.org.cn/api/getInviteCompanyList,2026
汉伏光电技术（南京）有限公司,"HANERSUN ENERGY CO., LTD",,,,2a92f4d2-2dca-4e72-90c1-5b378aa30bd5,9f49e44c-0aac-4c24-a4b7-fb3e80b975b5,,//download.snec.org.cn/SNEC/article/2025/05/28//组合logo2025橙-44749122.png,pv.snec.org.cn/api/getInviteCompanyList,2026
山西日盛达太阳能科技股份有限公司,"RSD SOLAR TECHNOLOGY Co.,LTD.",,,,ae01e5c5-1087-49ab-9911-957f9769cebe,a4a6ad29-f526-4df5-aa8a-f29ad245d459,,//download.snec.org.cn/SNEC/article/2025/05/23//微信图片_20250523112114-77404794.png,pv.snec.org.cn/api/getInviteCompanyList,2026
易得福（浙江）流体科技有限公司,"YDFLOK（ZHEJIANG）FLUID TECHNOLOGY CO., LTD.",,,,27494d13-118a-462c-9d4f-44f12a5df624,8efc659f-bbce-48b8-a11a-0dbe8488b847,,//download.snec.org.cn/SNEC/article/2025/05/24//22222-45644911.png,pv.snec.org.cn/api/getInviteCompanyList,2026
量化能源（南京）有限公司,Quantified Energy,,,,de0bed9c-9a97-4a24-976f-49260a9389fe,6acaf7a3-d72e-4ecc-9fd6-47036547d4c1,,//download.snec.org.cn/SNEC/article/2025/05/23//QE_Logo Main Nanjing-58246170.png,pv.snec.org.cn/api/getInviteCompanyList,2026
江華晟瑞電子有限公司," SHORI ELECTRIC CO., LTD.",,,,2dbf48d9-9ad7-4746-b353-e4c8af21a3ae,d9b190d7-f2a1-4812-b4f2-234db62b4068,,//download.snec.org.cn/SNEC/article/2025/05/23//1-06406724.png,pv.snec.org.cn/api/getInviteCompanyList,2026
中检集团南方测试股份有限公司,"CCIC Southern Testing Co., Ltd.",,,,b1f929d3-58d6-4262-94e6-dd8bf35fd041,1cae2eda-3f98-4399-84fb-87de45f205e6,a6d6de28-8a3a-4fef-9541-0a45a96ed83f,//download.snec.org.cn/SNEC/article/2024/05/06//中检南方logo-29292799.png,pv.snec.org.cn/api/getInviteCompanyList,2026
河南五星新材科技股份有限公司,"Henan Wuxing New Materials Technology Co., Ltd.",,,,4c8427c0-91ad-4097-91cc-58e5b194691b,31db344c-f784-46cd-b24d-0e7e6a9e8c60,,//download.snec.org.cn/SNEC/article/2025/05/23//logo-99098372.png,pv.snec.org.cn/api/getInviteCompanyList,2026
汉伏能源技术（南京）有限公司,"Hanersun Technology Co., Ltd",,,,cd6040c7-06bc-4078-a876-7edaed9959fb,b20f3aac-0e61-4d9e-9253-a667c22ddc85,851e0ab1-ee00-4794-b793-9c2aaa2b978a,//download.snec.org.cn/SNEC/article/2024/04/12//组合logo-76252239.png,pv.snec.org.cn/api/getInviteCompanyList,2026
文安县永兴金属制品厂,YONGXING METAL,,,,3f394552-a537-4012-8174-a9d7a82c50ea,a05be86c-c912-4399-ab77-8d88ea9f9eba,,//download.snec.org.cn/SNEC/article/2025/05/29//永兴-40146626.png,pv.snec.org.cn/api/getInviteCompanyList,2026
无锡市精电技术有限公司,"WUXI JINGDIAN TECHNOLOGY CO.,LTD",,,,c029d4c9-2415-445f-a058-9db340b69327,d399f5ea-f390-48d1-9094-7fa6fcd9154e,,//download.snec.org.cn/SNEC/article/2025/05/23//249ee4b458af4cf69bf167f87643071-48462192.png,pv.snec.org.cn/api/getInviteCompanyList,2026
广东美瑞克微金属磁电科技有限公司,MRKV,,,,49149a56-9da8-4723-9e44-d9ca66a8027a,fbc86c2f-b9f7-47fc-a1f2-ff2449be48ff,,//download.snec.org.cn/SNEC/article/2025/05/26//MRKV最新LOGO-35838259.png,pv.snec.org.cn/api/getInviteCompanyList,2026
上海自立塑料科技有限公司 ,"SHANGHAI ZILI STRAPPING CO.,LTD",,,,93a8cb8f-dafd-49cf-a1e3-f3817214b5ea,5d4da046-5b6c-4d49-8e20-099fa3d72a04,,//download.snec.org.cn/SNEC/article/2025/05/23//未命名的设计-29272179.png,pv.snec.org.cn/api/getInviteCompanyList,2026
精晟鑫科技（深圳）有限公司,"Jingshengxin Technology (Shenzhen) Co., Ltd",,,,f71691fb-4b63-48c6-870e-979f93f873fd,69bd411e-59e1-4589-a3d3-762a52fbcf51,,//download.snec.org.cn/SNEC/article/2025/05/23//1747988508311-91037797.png,pv.snec.org.cn/api/getInviteCompanyList,2026
宁波市先平压铸有限公司,NINGBOXIANPING:DIECASTINGCO.，LTD,,,,e3fc2e14-6b52-46cc-890f-35355010b1cb,974c7b7c-c636-4a0b-a77c-f9961c39215b,,//download.snec.org.cn/SNEC/img/2024/04/24//LOGO-84072176.png,pv.snec.org.cn/api/getInviteCompanyList,2026
国晟世安科技股份有限公司,"Guosheng Shian Technology Co., Ltd. ",,,,31cc0cea-29c8-415c-a195-24feab5d4f47,b0ad6e1d-5098-4901-b1f0-70e377c06d39,1482dfa3-91ac-4876-b71d-477c0110e2e8,//download.snec.org.cn/SNEC/article/2024/04/25//国晟科技-长透的副本-42015616.png,pv.snec.org.cn/api/getInviteCompanyList,2026
山东精工电子科技股份有限公司,"Shandong Goldencell Electronics Technology Co., Ltd.",,,,8f419e35-32fa-40ce-b288-ec56cacddc9a,623e90ce-6c9b-4a21-bf68-1013a3be3cdb,d72d1f8b-0aad-4345-b815-cca0f84ce71d,https://download.snec.org.cn/SNEC/article/2023/05/12//JGNE图标-28350726.png,pv.snec.org.cn/api/getInviteCompanyList,2026
湖南红太阳光电科技有限公司,"HUNAN RED SOLAR PHOTOELECTRICITY SCIENCE AND TECHNOLOGY CO.,LTD.",,,,67c55472-6852-48c6-9366-e4fe933ec4c8,06162cf0-7876-4985-8583-2719256ca3f8,,//download.snec.org.cn/SNEC/article/2025/05/23//CETC中国电科logo（透明底）-74284843.png,pv.snec.org.cn/api/getInviteCompanyList,2026
山西太谷鑫远电力器材有限公司,"Shanxi Taigu Xinyuan Electric Power Equipment Co., Ltd.",,,,af8b0040-0d88-484a-b514-b5760db3eab2,2e4e8894-44b1-417a-bf03-6a28cbd981a1,,//download.snec.org.cn/SNEC/article/2025/05/23//PNG-20217456.png,pv.snec.org.cn/api/getInviteCompanyList,2026
安徽鑫铂铝业股份有限公司,"Anhui Xinbo Aluminum Co., Ltd.",,,,985bc24a-c181-472c-8349-2d7df61265b9,b6cb2092-6073-4837-8b74-0f6041cc8f53,43f05880-b35c-4246-8fe8-6fdb42b05c11,//download.snec.org.cn/SNEC/article/2024/04/15//微信图片_20240302095841-82745665.png,pv.snec.org.cn/api/getInviteCompanyList,2026
斯缇福机械（苏州）有限公司,"STIF (Suzhou) Components Co., Ltd",,,,e94ba225-80cc-411d-a9f8-f33f6df70d83,09d7bb1a-91a0-4f39-a237-cd6411ccf99f,f99831b9-e600-4c5c-9098-dd1c6fbbbb5e,//download.snec.org.cn/SNEC/article/2024/04/30//LOGO_VIGILEX ENERGY_BLEU VERT_700mm-99962331.png,pv.snec.org.cn/api/getInviteCompanyList,2026
深圳崧盛创新技术有限公司,"Shenzhen SOSEN Innovation Technology Co., Ltd",,,,5db6ce3a-9fff-4460-a758-ce7787fb6972,3a692209-7d13-4598-9d9e-3cd2be1aa03c,,//download.snec.org.cn/SNEC/article/2025/05/24//sosen-37165923.png,pv.snec.org.cn/api/getInviteCompanyList,2026
南京建发清洁能源有限公司,"Nanjing C&D Clean Energy Co., Ltd ",,,,a6b467fa-2225-4810-959b-0f9409e9e089,4d176227-a61f-4202-84ff-b9375a3f0756,4bd2197a-16a6-4b01-ae72-f3ca5701e48a,//download.snec.org.cn/SNEC/article/2024/04/17//建发清洁能源_CMYK-03-23508037.png,pv.snec.org.cn/api/getInviteCompanyList,2026
苏州赛伍应用技术股份有限公司,Cybrid Technologies Inc.,,,,aec236aa-c00f-40c8-b7c8-400281f4f0fc,ce1c8086-8e06-4d38-b204-e42282dc04b3,,//download.snec.org.cn/SNEC/article/2025/05/26//cybrid-PNG-50221009.png,pv.snec.org.cn/api/getInviteCompanyList,2026
迈贝特（厦门）新能源有限公司,"XIAMEN MIBET NEW ENERGY CO., LTD.",,,,187049ad-d07f-4395-87db-81b504f7de85,aa696b4c-495b-42b5-916e-43f5d371268c,26ae41c3-c377-424c-ad73-69b1ca897a90,//download.snec.org.cn/SNEC/article/2024/04/30//迈贝特-93179865.png,pv.snec.org.cn/api/getInviteCompanyList,2026
福建省向宝能源科技有限公司,"Fujian Newsunpower Energy Tech. CO., LTD",,,,839bf02c-5751-49aa-8e44-e96625ab46a8,2b8e6363-08cb-445d-8b41-f06164d76a44,,//download.snec.org.cn/SNEC/article/2025/05/23//Newsunpower 横置LOGO-28197889.png,pv.snec.org.cn/api/getInviteCompanyList,2026
宁波高松技术有限公司,DEGSON TECHNOLOGY COLTD.,,,,81ee44cd-7ec5-4f99-9fca-8849639b68a4,96166fbe-281a-4188-9e6c-48fcfdb65029,a9e0fee2-1394-48ae-9bc1-15140514a2bd,//download.snec.org.cn/SNEC/article/2024/04/25//微信图片_20240425182804-78615565.png,pv.snec.org.cn/api/getInviteCompanyList,2026
杭州意泰电气有限公司,"Hangzhou ETEK Electric Co.,Ltd",,,,37ae895d-13a5-4ea4-8476-9fa45ffa7109,79435c9e-a6d0-40d7-bcb9-16c95b6f2b02,6ba268ed-6d3d-4542-95be-80de206137d3,//download.snec.org.cn/SNEC/article/2024/04/22//ETEK商标橙色-85482370.png,pv.snec.org.cn/api/getInviteCompanyList,2026
苏州富斯源智能科技有限公司,"SUZHOUFUSYUANINTELLINGENTTECHNOLOGYCO.,LTD",,,,062b108f-af57-495d-ab2c-323a93d8eec1,04c79e79-d1f5-41b7-98dc-4e9d5f750069,9f79decf-8a9e-4f1b-ac90-6186442dfe43,//download.snec.org.cn/SNEC/article/2023/02/15//LOGO-71946361.jpg,pv.snec.org.cn/api/getInviteCompanyList,2026
成都特隆美储能技术有限公司,Chengdu Tecloman Energy Storage Technology Co. Ltd.,,,,f7a1c7f0-e364-4c7e-804a-22bb7f2ce1bd,401fd021-9bbe-4772-9deb-6b9bbe08b518,,//download.snec.org.cn/SNEC/article/2025/05/23//1d7c124a3c9433bfa4393017ceb8f85b-94750764.png,pv.snec.org.cn/api/getInviteCompanyList,2026
江门明森新能源有限公司,"Jiangmen Mingsen New Energy Co.,Ltd.",,,,e022a43f-87a1-44f9-b731-1e15d8732801,c6c16ce0-109d-4b51-8798-9c26529d0df7,,//download.snec.org.cn/SNEC/article/2026/04/24//LOGO-3-7-22496842.png,pv.snec.org.cn/api/getInviteCompanyList,2026
株洲东亚工具有限公司,"ZHUZHOU DONGYA TOOL CO., LTD",,,,7445ed4a-d3a4-4681-bc30-619158cd3c8c,d676cfb8-75b6-438b-a08e-7b88efcef87f,,//download.snec.org.cn/SNEC/article/2025/05/23//图片1-31595773.png,pv.snec.org.cn/api/getInviteCompanyList,2026
上海汉钟精机股份有限公司,"SHANGHAI HANBELL PRECISE MACHINERY CO.,LTD.",,,,71322fcc-ac9e-48c2-85be-933ea4fedaa4,ac26f17d-e872-453d-9d19-fc0bf27c2dfd,,//download.snec.org.cn/SNEC/article/2025/05/23//微信截图_20250523144252-59289262.png,pv.snec.org.cn/api/getInviteCompanyList,2026
协鑫（集团）控股有限公司,Golden Concord Holdings Limited,,,,fe9869cb-d261-44bd-b797-f11cad6519fd,cae85722-9167-4a61-873c-c0dc3975356b,,//download.snec.org.cn/SNEC/article/2025/05/23//中文logo-86285074.png,pv.snec.org.cn/api/getInviteCompanyList,2026
江苏新恒源能源技术有限公司,Jiangsu Evershine Energy Tecnology Co.Ltd,,,,a960a019-3c89-4859-b4d7-58b9318bae7a,3d61dea7-6e1a-4a8f-8c13-c40cff931e76,,https://download.snec.org.cn/SNEC/article/2025/12/29//新恒源 LOGO-39177503.png,pv.snec.org.cn/api/getInviteCompanyList,2026
中环低碳（安徽）新能源光伏科技有限公司,"CHG EnSOL Renewable Technology Co., Ltd.",,,,76bab72f-ea1c-4680-ac4a-922b4b1972d9,9462b09c-a207-4f3f-87e9-b0da2bc256a3,27e344c0-83be-47c5-b3dd-406d0d3d1595,//download.snec.org.cn/SNEC/article/2024/04/02//zh_logo-62998529.png,pv.snec.org.cn/api/getInviteCompanyList,2026
江西赫纯新材料科技有限公司    ,,,,,da4a882d-d649-4dcc-8bb2-c5cb8cc86d96,105a3f20-c5ba-48aa-8890-de61c0a232e9,5ae6a3b1-3199-4670-9957-2b7257ac35b7,//download.snec.org.cn/SNEC/img/2025/04/21//赫纯logo-90247376.png,pv.snec.org.cn/api/getInviteCompanyList,2026
上海阳尔进出口有限公司,"Shanghai Yang Er Import and Export Co., Ltd.",,,,16629e7b-9a39-4c6a-a92d-554d18060b13,e992fbaa-198c-4151-9de9-3432386bbb9a,4fef5a66-3455-443d-9283-ebcdc56ff723,//download.snec.org.cn/SNEC/article/2024/04/18//logal-95841304.png,pv.snec.org.cn/api/getInviteCompanyList,2026
江苏凌众新能科技有限公司,"Jiangsu Peakup Power Technology Co.,Ltd",,,,9db910e7-9d76-496d-a3ec-a6cfc074b6fb,92477071-08d0-4bbf-bd85-e730293ecb34,a36cfd9c-850c-42ea-96ac-d1b33e7e0a2c,//download.snec.org.cn/SNEC/article/2024/05/03//logo-30917509.png,pv.snec.org.cn/api/getInviteCompanyList,2026
瑞能新能源科技（天津）有限公司,"Ruineng New Energy Technology (Tianjin)Co., Ltd.",,,,6912c2fd-131d-43b7-87e1-4aaf5e8fc92a,96dca5c5-9b7d-4ce5-ade1-094501eccb6c,,//download.snec.org.cn/SNEC/article/2025/05/23//LOGO-93051975.png,pv.snec.org.cn/api/getInviteCompanyList,2026
创佳融资租赁（浙江）有限公司,"CHUANGJIA FINANCIAL LEASING （ZHEJIANG）CO.,LTD",,,,7b66152a-ec88-4896-b3d4-5daff6a30197,5283c576-2645-450b-95bf-0317319b3aed,,//download.snec.org.cn/SNEC/article/2025/05/23//微信图片_20240528154-36625321.png,pv.snec.org.cn/api/getInviteCompanyList,2026
广州爱启提测试仪器有限公司,"Guangzhou HT Test Instruments Co., Ltd.",,,,d573455e-10d4-42be-ab9c-baef8fbac3c8,c039917a-f9c3-4d4b-9c2a-d31fd3dca7d5,,//download.snec.org.cn/SNEC/article/2025/05/23//HTlogo-2-66705751.png,pv.snec.org.cn/api/getInviteCompanyList,2026
陕西光德分布式电站技术有限公司,"Shaanxi Guangde  Sorlar Power Technology Co., Ltd.",,,,76c7574c-6412-4685-b2e9-955ae32875e6,b71c871b-5902-4d6f-b97d-c215a998990e,,//download.snec.org.cn/SNEC/article/2025/05/24//宝秀logo-14177028.png,pv.snec.org.cn/api/getInviteCompanyList,2026
深圳市捷佳伟创新能源装备股份有限公司,Shenzhen S.C New Energy Technology Corporation,,,,06aaae45-3d01-4da4-a5c9-12628949b9f5,a164f47c-1400-4a02-b9f5-cc0e6f428f02,,//download.snec.org.cn/SNEC/article/2025/05/23//微信图片_20230905103918_1-16127519.png,pv.snec.org.cn/api/getInviteCompanyList,2026
天津鑫利祥钢铁有限公司,TiAanjin xinIixiang  Iron and SteeI CO Ltg,,,,7fc89b8d-1b18-4594-b896-af9d5a0fe313,ab8d189e-fc2c-4c46-bfa2-f8856b10b27c,,//download.snec.org.cn/SNEC/article/2025/05/28//8c24f6bcf127cca2037c83a42808f0e-80541354.png,pv.snec.org.cn/api/getInviteCompanyList,2026
苏州迈为科技股份有限公司,"SuZhou Maxwell Technologies Co.,Ltd.",,,,4a9159a4-1df8-46fa-b8d1-7a1a0090c1b1,9892d072-124f-4274-8c74-5aebcd1e5f30,,//download.snec.org.cn/SNEC/article/2025/05/23//K3NVFMVJBX3MA90XROIB2MO-47619872.png,pv.snec.org.cn/api/getInviteCompanyList,2026
江苏东方四通科技股份有限公司,"Jiangsu Eastone Technology Co., Ltd.",,,,776fcd17-15a7-42ad-b14a-16793c3670a9,f7375976-7a06-431c-9362-d5632bdfef42,0e69a566-f5a8-453b-bd27-1416a1f22832,//download.snec.org.cn/SNEC/article/2024/04/22//LOGO-03886968.png,pv.snec.org.cn/api/getInviteCompanyList,2026
江苏海基新能源股份有限公司,"JIANGSU HIGEE ENERGY CO.,LTD",,,,73b09fb6-4669-4d53-85d1-c6e3097dd223,f5538977-cc55-47be-a412-8ebbaef9c827,4e5d9428-bb46-460f-9a92-a6637490d24d,//download.snec.org.cn/SNEC/article/2024/04/02//20180123Higee Logo-01-01-79056535.png,pv.snec.org.cn/api/getInviteCompanyList,2026
苏州玖物智能科技股份有限公司,"Suzhou Junion Intelligent Technology Co., Ltd.",,,,c6df208f-cd67-408b-af82-cdd0d09a669b,11d15553-b239-4b5b-bf00-a1ee1400a37c,,//download.snec.org.cn/SNEC/article/2025/05/23//玖物智能logo-14354775.png,pv.snec.org.cn/api/getInviteCompanyList,2026
温州特富沣不锈钢有限公司,"Wenzhou Tefufeng Stainless Steel Co., Ltd.",,,,1ed9d446-f4d0-40dc-ad3a-3156c6b4f2fa,1c208173-d536-494a-b306-b89cd7e26a61,,//download.snec.org.cn/SNEC/article/2026/05/13//5fbac83d97443d15b08e67d1e7148d6c_副本-85182323.png,pv.snec.org.cn/api/getInviteCompanyList,2026
凯睿达（苏州） 新能源科技有限公司,"Kared Energy Co.,Ltd",,,,fa73b3e5-ba83-440d-87ae-59a29570addd,b4853565-f0e9-4dd1-87ca-09030b879f6d,,//download.snec.org.cn/SNEC/article/2025/05/26//3fcd4c52e07eb6960de82b9c6e152e53_-82981079.png,pv.snec.org.cn/api/getInviteCompanyList,2026
浙江恒臻电力工程有限公司,ZHEJIANG HENGZHEN ELECTRICAL POWER ENGINEERING CO.LTD,,,,0bb904c0-8d0e-4908-a73f-228b0f432647,7737ac43-6841-42b9-8164-87b95518fc6d,f94aabe5-f33d-40fd-a868-a183ec6e5e4d,//download.snec.org.cn/SNEC/img/2025/04/18//8b717b0ecdc8bc5d534ca22dfc8d0e6-10545095.png,pv.snec.org.cn/api/getInviteCompanyList,2026
巴瓦龙传感器（上海）有限公司,"BAWARON SENSOR (SHANGHAI) CO., LTD",,,,0b3b908a-ba07-457d-b979-08d799a559b1,01407f91-ed8d-4c23-9090-739326a59e8d,d2b20751-2dae-410c-8dfa-c1dcb2278980,//download.snec.org.cn/SNEC/img/2025/04/23//英文logo-36122444.jpg,pv.snec.org.cn/api/getInviteCompanyList,2026
北京华丞电子有限公司,北京华丞电子有限公司,,,,20574cbf-c7de-449d-8755-1628e3e19342,4730f0fb-b0b9-45a4-b836-036f37147978,c3339575-eab5-4dcc-959b-0928632c08cb,//download.snec.org.cn/SNEC/img/2025/04/27//81d59f31132638fbc49fe96bc0aedea-93840867.png,pv.snec.org.cn/api/getInviteCompanyList,2026
江苏中信博新能源科技股份有限公司,"Arctech Solar Holding Co., Ltd.",,,,56cd81a9-45d8-4bde-8b12-01865507072f,8ce21cdf-9909-4288-b6d7-e8dc724d6478,b282a689-100f-4770-be94-b1fe99e168e0,//download.snec.org.cn/SNEC/article/2024/04/19//logo-3-32189915.png,pv.snec.org.cn/api/getInviteCompanyList,2026
广州纳优新材料有限公司,,,,,9fdee755-1b8e-4c78-9794-87ba48d02cf3,8e8c42c6-fed9-47c5-b2f9-4a063e9a4d86,a8ffd83c-0c07-4c9b-832e-0a20b0419974,//download.snec.org.cn/SNEC/img/2025/05/07//微信图片_20250507200143-04212885.png,pv.snec.org.cn/api/getInviteCompanyList,2026
湖州上辐电线电缆高技术有限公司,"HUZHOU SHANGFU WIRE & CABLE HIGH TECHNOLOGY CO.,LTD",,,,e526ff9a-6f80-44ec-800c-1fe05cda535c,8a36d0f7-5f21-436e-8f0b-bf59c91f0b55,,//download.snec.org.cn/SNEC/article/2025/05/23//2024LOGO展会彩色-01-06209958.png,pv.snec.org.cn/api/getInviteCompanyList,2026
苏州中来光伏新材股份有限公司,"Jolywood (Suzhou) Sunwatt Co., Ltd",,,,2fedf5f6-9a1c-466e-96a7-082cdfb326fe,f914d508-a25f-4205-af0d-561cb92c7ae5,1474b304-9419-4f89-8fa6-67aa098bd694,//download.snec.org.cn/SNEC/img/2023/04/10//中来LOGO失量版-32548113.png,pv.snec.org.cn/api/getInviteCompanyList,2026
博格思众（常州）热交换器有限公司,"Bergstrom (Changzhou) Heat Exchangers Co., Ltd. ",,,,ff3f778e-ee38-4488-904f-a138dc4d589c,ee306187-fe72-4016-969e-2285004701fd,d2b0bcf3-459a-4cf0-93fd-4737ce110e04,//download.snec.org.cn/SNEC/img/2025/05/07//新Logo-43856674.png,pv.snec.org.cn/api/getInviteCompanyList,2026
浙江聚德鑫新材料科技有限公司,,,,,c32ef3fc-35d3-431f-b077-47bfae3c5dcf,803349b5-7556-4da0-9650-6a2a63b4143c,8ac4cb6f-d216-4662-ac39-a9d112686282,//download.snec.org.cn/SNEC/img/2025/04/30//透明底B-49200115.png,pv.snec.org.cn/api/getInviteCompanyList,2026
深圳度宜特技术有限公司,"ShenZhen Doit Technology Co., Ltd.",,,,d909542a-3643-468b-942c-bb417a7940e6,06f06e2f-05c3-430d-a5d1-9133dd8a2153,1b935d0a-445e-49c2-bb81-42e319427a26,//download.snec.org.cn/SNEC/img/2025/05/07//logo-37252295.png,pv.snec.org.cn/api/getInviteCompanyList,2026
江阴市友聚机械设备有限公司,"Jiangyin Youju Machinery Equipment Co.,Ltd",,,,2f4c2ed0-03b4-40b3-bb75-19f4c4c19924,e689a0bd-43e8-4a95-89ee-0acc22077ffc,a8c3c99c-f837-4ede-bd65-557ef2aeb24b,//download.snec.org.cn/SNEC/img/2025/04/14//YOJU LOGO-92216429.png,pv.snec.org.cn/api/getInviteCompanyList,2026
赫德碳素材料 (浙江) 有限公司," HERD CARBON FIBER (ZHEJIANG) CO., LTD",,,,efa1f9a8-15ce-49d9-9a9d-c116adb3e06b,224d30f4-1c7f-4037-aaa4-d7bf83003608,,//download.snec.org.cn/SNEC/article/2025/05/28//QQ_1748398400282-39196587.png,pv.snec.org.cn/api/getInviteCompanyList,2026
浙江明禾新能科技股份有限公司,"Zhejiang Minghe New Energy Technology Co., Ltd.",,,,402b05cd-8018-484c-a10a-bffaa1744824,5bd7302d-810c-48e0-acd2-1b19e3a84f1c,,https://download.snec.org.cn/SNEC/article/2025/12/29//明禾logo-40153689.png,pv.snec.org.cn/api/getInviteCompanyList,2026
浙江格普光能科技有限公司,"ZHEJIANG G&P SUN ENERGY TECHNOLOGY CO.,LTD.",,,,54d96dbc-9519-499e-8277-72ce481c6e33,ecccba82-fb6e-456f-8ea3-28d6df91f50b,,//download.snec.org.cn/SNEC/article/2025/05/26//格普光能logo源文件-原尺寸_画板 1-01-95123163.png,pv.snec.org.cn/api/getInviteCompanyList,2026
浙江三科线缆股份有限公司,"Zhejiang 3Q wire&cable Co.,Ltd",,,,1ba7d49f-78e1-4efc-b8e5-fad628b44c6f,0119d1b8-fee8-44f9-affb-9fff2a7baaeb,932f8aba-7825-4773-bd9e-8dd41c7b26ce,//download.snec.org.cn/SNEC/img/2023/03/23//三科LOGO-42765957.png,pv.snec.org.cn/api/getInviteCompanyList,2026
河南正阳智能科技集团有限公司,"Henan SUNY Intelligent Technology Group Co., Ltd.",,,,dd65077f-38c4-45d4-bbc9-e3660f29b586,e17c8598-e9d6-4238-85f9-7611b81a7ece,cf6d1901-e7b0-422d-9dda-4a22d8f9f36f,//download.snec.org.cn/SNEC/img/2024/04/25//SUNY LOGO-94908342.jpg,pv.snec.org.cn/api/getInviteCompanyList,2026
绵阳迈科磁元电子有限公司,"MAIKE MAGNETICS CO.,LTD",,,,41d7e5e9-4ecc-4e92-bfe1-ff4ff95803b5,fab45309-fecf-4ec3-8bc6-2d6f237ce7af,ad2cbd6e-371c-4b1e-969d-6fc61f56f305,//download.snec.org.cn/SNEC/img/2025/03/31//LOGO20240318-90929298.jpg,pv.snec.org.cn/api/getInviteCompanyList,2026
无锡泰昌电子有限责任公司,"Wuxi Taichong Electronics Co.,Ltd.",,,,f5d4b1fb-e680-407e-ab86-b6414b824f90,93b45be3-c76c-40b2-b65d-a222d1c7555b,df4308c1-883b-47a9-9074-bfbaf5b6f673,//download.snec.org.cn/SNEC/img/featureImg-1617849297913.png,pv.snec.org.cn/api/getInviteCompanyList,2026
永臻科技股份有限公司,"Yonz Technology Co., Ltd.",,,,3194fc41-252f-4806-a89d-961044244fa3,7388cd84-a8cb-4ac3-8e10-a87f4494b43e,8b19d077-78f4-4fe7-9aa5-a75f2a5de57d,//download.snec.org.cn/SNEC/img/2023/04/17//LOGO横版-23130607.jpg,pv.snec.org.cn/api/getInviteCompanyList,2026
常州尤尼索国际贸易有限公司,Unisol lnternational Ltd,,,,d4fbf4c7-e5f4-4858-81bc-a6d683757c5f,efadb0d3-5793-43fa-ae15-442aacc112d3,,//download.snec.org.cn/SNEC/article/2025/05/28//a5549b21fc0a374b31b14aa11b9c258-41166560.png,pv.snec.org.cn/api/getInviteCompanyList,2026
苏州赛福天新能源技术有限公司,"Suzhou SAFETY New Energy Technology CO,.LTD.",,,,1c2a786c-7e3c-4a19-95d9-5875b96b215c,f51ff885-a670-4161-937c-3670d51395b2,d4f2ae2b-ad34-411a-81a8-0757c80bcb3b,//download.snec.org.cn/SNEC/img/2025/05/20//赛福天Logo_英文竖版标识-16568143.png,pv.snec.org.cn/api/getInviteCompanyList,2026
浙江鸿盛新材料科技集团股份有限公司/浙江鸿盛复合材料科技有限公司,Zhejiang Hongsheng New Material Technology Group Co. Ltd. ,,,,71da2f96-3f83-4c6a-babc-0f8aad3e5153,05fee88e-8276-4301-ba7b-68153c629f7a,a87ea186-c033-4166-8a84-406f1475f34b,//download.snec.org.cn/SNEC/img/2025/04/23//鸿盛复材logo-62893660.png,pv.snec.org.cn/api/getInviteCompanyList,2026
东方电气自动控制工程有限公司,DONGFANG ELECTRIC AUTOCONTROL ENGINEERING CO.LTD,,,,2e7f1583-3521-45c3-b69b-9a1fd4f4f84e,1edbbd6f-895d-47ba-a1c6-04b61fab2a35,d98db692-cfcc-4c3f-8c7a-61fe7a4f5a00,//download.snec.org.cn/SNEC/img/2025/04/24//全称-3-42095830.png,pv.snec.org.cn/api/getInviteCompanyList,2026
浙江雷泰电气有限公司,"Zhejiang Leitai Electric Co., Ltd.",,,,3ea34642-e35c-4ec1-ad0f-39fa268c354d,f3fffbd3-1a3b-44a9-b8db-7daf30ffa8b5,,//download.snec.org.cn/SNEC/article/2025/05/24//雷泰logo-05501059.png,pv.snec.org.cn/api/getInviteCompanyList,2026
苏州市鸿正智能科技有限公司,"Suzhou Honest Intelligent Science and Technology Co., Ltd.",,,,23099373-80ef-4bbc-914e-ee2980347f02,1dd5eaaa-cc82-4c50-9a9c-8cee716cb556,ef82b0f6-ae05-44cc-b2ad-0d9654b7f87f,//download.snec.org.cn/SNEC/img/2025/04/03//鸿正logo-16091768.png,pv.snec.org.cn/api/getInviteCompanyList,2026
广州智光电气股份有限公司,"Guangzhou Zhiguang Electric Co.,Ltd.",,,,ff59b830-f49a-4f5b-ad60-3ac7477aaf5f,803c38fa-29bd-4203-bf40-6c26b4184f2e,0c0c1c71-5640-4185-aa44-2972caaa6f18,//download.snec.org.cn/SNEC/article/2024/04/26//英文logo-30243050.png,pv.snec.org.cn/api/getInviteCompanyList,2026
创岳自动化控制科技（上海）有限公司,"GateWay Motion（Shanghai）Co.,Ltd",,,,d75e0966-9a97-4b0d-8221-d38fd801ae5c,7c9a416a-b81b-4f16-9b51-3d95d34f1640,,//download.snec.org.cn/SNEC/article/2025/01/03//Logo-98910935.png,pv.snec.org.cn/api/getInviteCompanyList,2026
北京德烁科技有限公司,BEIJING DOSERTEC COMPANY,,,,16b42332-92ce-41eb-bd95-2cff3ee6db60,10e7f0a6-e675-40d1-b1b6-b14ab3cb1fbf,,//download.snec.org.cn/SNEC/article/2026/04/15//logo-77906580.png,pv.snec.org.cn/api/getInviteCompanyList,2026
泰州中来光电科技有限公司,"Jolywood (Taizhou) Solar Technology Co.,Ltd.",,,,0f7bd0dd-fd0e-4b95-9860-7cdaa57bf816,cadd4427-1254-4abb-ac4c-f6be1f504c8c,,//download.snec.org.cn/SNEC/article/2025/05/23//中来股份-84416723.png,pv.snec.org.cn/api/getInviteCompanyList,2026
东莞市艾德乐电器有限公司,"ADLER Elektrotechnik Dongguan Co.,Ltd.",,,,e13ff1c3-7b71-486c-9510-4ce57b237c91,7c4e66e0-0ad3-445e-a5a2-4e547f1d296c,2dc2e4ee-d098-4aa3-84ec-e5d599b24d84,//download.snec.org.cn/SNEC/img/2023/04/11//艾德乐logo-50100806.jpg,pv.snec.org.cn/api/getInviteCompanyList,2026
上海质卫环保科技有限公司,"Zealwe Technology Co., Ltd.",,,,a0161d80-84df-433b-85d4-a1a97f8d00f5,166f5b96-577c-4cc0-9f97-c9a9514644c7,eae45ef8-0e11-4b3d-95bc-01a30ff39d6c,//download.snec.org.cn/SNEC/img/2025/04/15//logo1_1-14650157.jpg,pv.snec.org.cn/api/getInviteCompanyList,2026
河南爱丽新能源科技股份有限公司, ,,,,aa6b5777-3122-42b8-8450-c8840ace9850,570f30f0-b6e1-4fb2-a5c4-637301ea7bdc,94dd6923-76e1-4e69-acd7-df17e4b90a40,//download.snec.org.cn/SNEC/img/2025/03/26//爱丽logo灰橙-74189607.png,pv.snec.org.cn/api/getInviteCompanyList,2026
广东普耐达新能源有限公司,"GUANGDONG NPP NEW ENERGY CO., LTD",,,,a1945d88-3670-4173-8b9e-f2ccc05a43fa,60d613ce-f4fa-488b-9e85-05dcd8b13cac,,//download.snec.org.cn/SNEC/article/2025/05/28//QQ_1748409007398-65107824.png,pv.snec.org.cn/api/getInviteCompanyList,2026
广东贝尔试验设备有限公司,"Guangdong Bell Experiment Equipment Co.,Ltd.",,,,2d142eed-9ea3-4b2a-9222-600e271af7ab,84bf7592-10ef-4093-96c8-4d96a54c35b0,9020e365-9d37-4dfc-b930-8522fe1ae300,//download.snec.org.cn/SNEC/article/2024/04/19//广东贝尔-42273178.png,pv.snec.org.cn/api/getInviteCompanyList,2026
四川千页科技股份有限公司,SICHUAN CHNYEA TECHNOLOGY CO.，LTD,,,,0a267f33-9713-405c-b359-cb43f2058b1e,f9443544-5744-45f5-8fd8-c1905b263ab0,,//download.snec.org.cn/SNEC/article/2026/04/16//170.70-36690446.png,pv.snec.org.cn/api/getInviteCompanyList,2026
常州康帕斯德新材料有限公司, ,,,,2f3372fa-27dc-4fdf-9e13-b4ba2ccfb976,e654d4ac-5cb9-434d-988e-1a673a5f0ef1,0505ef3a-9d91-4aec-bc0c-a748a6d0dbdb,//download.snec.org.cn/SNEC/img/2025/04/25//康帕斯德LOGO高清大图-23258710.png,pv.snec.org.cn/api/getInviteCompanyList,2026
莱姆电子（中国）有限公司,"LEM Electronics (China) Co., Ltd.",,,,d8e7a200-7d4d-4ec9-a332-abd7638ea3e1,b73dbe35-1348-473e-964f-dda53ce40905,,//download.snec.org.cn/SNEC/article/2025/05/26//LEM LOGO（PNG）-97641602.png,pv.snec.org.cn/api/getInviteCompanyList,2026
仪征市荣科锻压机械有限公司," Yizheng Rongke Forging Machinery Co., Ltd.",,,,0e600b51-bf97-46fe-b656-4f5340b9626d,9dee1f54-2dd2-433f-b342-997343af4ddc,,//download.snec.org.cn/SNEC/article/2025/05/28//QQ_1748409371269-63016818.png,pv.snec.org.cn/api/getInviteCompanyList,2026
苏州贝尔特光伏电子科技有限公司,"Suzhou Bright Photovoltaic Electronic Technology Co.,Ltd",,,,dbb4ec66-3e22-47eb-ba39-a02e4a8d4540,a5f64f3b-9169-43a1-acf7-fe9f229cf365,,//download.snec.org.cn/SNEC/article/2025/05/28//贝尔特-59317422.png,pv.snec.org.cn/api/getInviteCompanyList,2026
广东光晶能源科技有限公司,"Photon Crystal Energy Technology Co., Ltd",,,,d233000c-a7ed-4493-b449-9141fc17cb92,3564deac-2d4e-4ea8-948d-c823a2d8e1a6,9de7438e-7630-4d7a-aec6-038b926a38e4,//download.snec.org.cn/SNEC/article/2024/04/01//光晶能源Logo内-59758219.png,pv.snec.org.cn/api/getInviteCompanyList,2026
浙江飞越机电有限公司,"ZHEJIANG VALUE MECHANICAL & ELECTRICAL PRODUCTS CO.,LTD",,,,e5a10f12-0e3d-4089-933b-e56948a2d7ee,9e8780bf-2659-4529-ab33-1cb48ca429a0,e9281af7-714f-45b0-92d3-4f2483a45999,//download.snec.org.cn/SNEC/img/2025/05/06//logo-工业真空-11214872.png,pv.snec.org.cn/api/getInviteCompanyList,2026
江阴市飞江塑料包装机械有限公司,Jiangvin FeiJiang Plastic Package Machinery Co.Ltd,,,,1f5a4e84-1c49-4dae-9aca-d0f2945dc6fc,8c872b6f-c720-4cf7-b4af-4e0700b74a3f,971d39d0-3157-42a7-9266-d4791146852a,//download.snec.org.cn/SNEC/img/2023/04/16//微信图片_20230416122317-65685409.jpg,pv.snec.org.cn/api/getInviteCompanyList,2026
无锡萨科特新能源科技有限公司,"Wuxi Sunket New Energy Technology Co., Ltd. ",,,,bcebe3f8-7e8b-418e-aa88-e2412c2f9f70,15a34637-9997-4391-b5f2-df9155041579,ec6982c4-c3e1-4a93-8fcf-317f503b5734,//download.snec.org.cn/SNEC/article/2024/04/15//公司logo.PNG-61870327.png,pv.snec.org.cn/api/getInviteCompanyList,2026
浙江华睿科技股份有限公司,"Zhejiang HuaRay Technology Co., Ltd. ",,,,7ddf730e-44d7-4e00-86a0-8ba2253d05e7,15af1e70-719d-47f4-8a2d-3857f18a3a0c,7313a39b-0196-4cff-9930-662aa677090c,//download.snec.org.cn/SNEC/article/2024/04/07//LOGO-14283284.png,pv.snec.org.cn/api/getInviteCompanyList,2026
浙江泰福泵业股份有限公司, ,,,,361eb367-b32e-4909-b53b-77c078d1d4f8,131a9488-d89a-43f6-bfec-686f942e2ffc,a2bbf2e0-ec36-4665-9560-e2141ee8b97f,//download.snec.org.cn/SNEC/img/2025/03/20//新英文LOGO-有代码 (1)-00403774.png,pv.snec.org.cn/api/getInviteCompanyList,2026
明冠新材料股份有限公司,"Crown Advanced Material Co.,Ltd.",,,,3de8eba5-1ea2-47aa-b1d9-c822ed405e48,7a6e7eae-ac73-46dd-a49d-3cec035221e2,,//download.snec.org.cn/SNEC/article/2025/05/25//LOGO+slogan-04-09927643.png,pv.snec.org.cn/api/getInviteCompanyList,2026
海尔新能源科技有限公司,Haier New Energy Technology Co.，Ltd,,,,12417668-9a0b-4047-bc8d-1e21cc92db7d,0f8a179f-1f19-412e-bdf8-0d777eebac9d,d38d8650-0542-46a3-8ace-a965b649c0fa,//download.snec.org.cn/SNEC/img/2025/05/07//微信图片_20241022165657-75515481.png,pv.snec.org.cn/api/getInviteCompanyList,2026
常州三协电机股份有限公司,"3X Motion Technologies Co.,Ltd.",,,,c22b1aec-c954-471a-b834-50cf45eba2a5,8a45c321-b765-4308-891a-b7952414ae53,6251a614-682b-43c7-aa83-530669b463c2,//download.snec.org.cn/SNEC/article/2024/04/19//英文Logo-03208871.png,pv.snec.org.cn/api/getInviteCompanyList,2026
宁波翼诺新能源有限公司,"NINGBO ENOR SOLAR CO.,LITD",,,,05efe16e-7be9-4772-9f2d-ed6c62508a2b,5caf2e3b-ece9-4bae-b58f-4e32da8ca568,,//download.snec.org.cn/SNEC/article/2025/05/27//微信截图_20250527154729-30136660.png,pv.snec.org.cn/api/getInviteCompanyList,2026
浙江赛唯数字能源技术有限公司,"ZHEJIANG SAV DIGITAL POWER TECHNOLOGIES CO.,LTD",,,,5a6cd458-b4d9-4852-82c0-7057cfc57506,9f6db7cb-cbf4-46e0-9ab9-10be92ef0b78,,//download.snec.org.cn/SNEC/article/2025/05/28//170-70展会用-30171905.png,pv.snec.org.cn/api/getInviteCompanyList,2026
合肥恒力装备有限公司,"Hengli Eletek Co.,Ltd",,,,af6ff0e5-df96-473b-9eef-6384e6c287db,c5bacc5e-475d-468c-932c-5026f4b84642,,//download.snec.org.cn/SNEC/article/2026/04/16//合肥恒力中文-25972282.png,pv.snec.org.cn/api/getInviteCompanyList,2026
江苏东峰电缆有限公司,"Jiangsu Dongfeng Cable Co.,Ltd",,,,0e0bf486-849c-4efc-89dd-2b37d49c2891,cf69624e-55b8-416f-804d-099e5e0b3b30,,//download.snec.org.cn/SNEC/article/2025/05/27//微信图片_20250527154320-54023650.png,pv.snec.org.cn/api/getInviteCompanyList,2026
苏州迈科芯纳智能科技有限公司,"Suzhou Microtront Intelligent Tech Co,Ltd",,,,26d64df4-5a33-4f17-bfab-97d8d249d1cb,f45355c3-8635-4580-a882-58afe6c3617a,aef7526e-2ba0-4ba5-b854-4e11f53ca026,//download.snec.org.cn/SNEC/img/2024/04/30//还原2023041501 [已恢复]_画板 1(1)-09050690.jpg,pv.snec.org.cn/api/getInviteCompanyList,2026
任丘市华恒铝业有限公司, ,,,,7086e2df-ebb5-4c8e-ba05-d18a498e3608,96509f32-185c-4974-9657-b694f31049a7,3fa83c65-464b-47d3-9dd8-b7fe9ce90090,//download.snec.org.cn/SNEC/img/2025/05/19//微信图片_20250519144132-00603904.jpg,pv.snec.org.cn/api/getInviteCompanyList,2026
杭州小辰科技有限责任公司,,,,,b7ba868f-6358-4439-bdf4-ff1e2f4c96ff,04106dcc-d6c8-494e-a51c-bce1d0490292,5accaa2c-275a-48d9-b8b0-e05a8d2c04a1,https://download.snec.org.cn/SNEC/article/2025/05/29//小辰-03461076.png,pv.snec.org.cn/api/getInviteCompanyList,2026
日新鸿晟智慧能源（上海）有限公司, ,,,,e076cb3f-8e11-4bca-a136-f5f7f07936ef,d65737d7-5656-4d57-8ef5-b0fad42231b7,6d63437a-e120-466a-a46f-ecfc2cd973b0,"https://download.snec.org.cn/SNEC/article/2025/05/29//日新鸿晟智慧能源（上海）有限公司Rixin Hongsheng Smart Energy (Shanghai) Co.,Ltd-36160557.png",pv.snec.org.cn/api/getInviteCompanyList,2026
山东红宝电子有限公司,"Shandong Hongbao Electronic Co. , Ltd.",,,,77b39998-8edc-4583-a78d-99ba62a05b02,a7fc45fa-3778-4367-b39f-84ff4b685fb2,,//download.snec.org.cn/SNEC/img/2025/05/07//红宝logo-2024-21986715.png,pv.snec.org.cn/api/getInviteCompanyList,2026
深圳市雷赛智能控制股份有限公司,,,,,c386819c-907b-42c0-8dd0-cc0dd508eabe,05db42ae-daa2-49d3-bc9b-20684a4a465e,5097b8f4-0971-4c62-9063-7be1911d2327,//download.snec.org.cn/SNEC/img/2023/04/15//雷赛智能LOGO -58925752.png,pv.snec.org.cn/api/getInviteCompanyList,2026
深圳市汇川技术股份有限公司,,,,,3270182d-2664-4f3b-a6ed-02d2f03f89c9,34cc9c5c-76c7-4c1e-926f-3af884b01f48,450912d6-355c-489e-8f11-48aea3c77959,//download.snec.org.cn/SNEC/img/2025/05/07//logo (2)-73960605.png,pv.snec.org.cn/api/getInviteCompanyList,2026
北京通嘉宏瑞科技有限公司,"Beijing Grand Ray Tech Co.,Ltd. ",,,,0591810f-2fce-4722-9cfa-af144c8f9f38,b153bb3d-8137-44ca-a8af-b9bcc49b8cab,57a6f6a0-67b1-4fb9-9855-7378f6e36f28,//download.snec.org.cn/SNEC/img/2024/04/30//通嘉科技-81478436.png,pv.snec.org.cn/api/getInviteCompanyList,2026
成都方大炭炭复合材料股份有限公司,"Chengdu Carbon Co., Ltd",,,,b8594485-b1de-4b20-95d2-d93e4e2277a9,0c764e9c-56f2-4ddc-b191-d960292e6998,9d39053b-0421-4899-b71d-d26fb0f5a87f,//download.snec.org.cn/SNEC/img/2025/04/17//logo3-03298832.jpg,pv.snec.org.cn/api/getInviteCompanyList,2026
东莞铭普光磁股份有限公司,"Dongguan Mentech Optical & Magnetic Co., Ltd",,,,4472772b-8468-4f39-ade7-55e49132766b,ef4d117c-2915-4e15-9c84-ebc957bb47d8,9623eabd-4a34-4c42-8e3c-fb8f0efb0917,//download.snec.org.cn/SNEC/img/2025/04/24//铭普中英文组合logo蓝色-RGB-87361483.png,pv.snec.org.cn/api/getInviteCompanyList,2026
陕西光德分布式电站技术有限公司,"Shaanxi Guangde Solar Power Technology Co.,Ltd.",,,,ae869c25-cb96-446d-b49c-552c0cfbd7ac,313326df-40e6-4d54-b3b2-01ff95dfe0d4,f32d1a17-d48b-4779-80f2-c98938367377,//download.snec.org.cn/SNEC/article/2024/04/26//2-53655115.png,pv.snec.org.cn/api/getInviteCompanyList,2026
南京南瑞继保电气有限公司, NR Electric Co.，Ltd,,,,c55671ad-ccc2-4a40-96d5-09ab88ee55d9,a16a2121-4e5a-4245-806f-fc65fa69c521,5dca5661-875f-4feb-94d6-60c8806f9b1f,//download.snec.org.cn/SNEC/img/2023/04/18//南瑞logo-97853109.jpg,pv.snec.org.cn/api/getInviteCompanyList,2026
宁波耐森电气科技有限公司,"Ningbo Naisen Electric Technology Co.,Ltd",,,,dc51e90e-ef73-4d27-8ac7-ae5c769a49e2,bfc6f7ee-cad4-4b16-92bf-ad0c8e63723c,21a923d6-e3f8-4613-a65c-258e925ea559,//download.snec.org.cn/SNEC/img/2025/04/19//微信图片_20220613170935-11525398.png,pv.snec.org.cn/api/getInviteCompanyList,2026
广东绿德线缆有限公司,"LEADER TECHNOLOGY (SHENZHEN) CO.,LIMITED",,,,f293e4b1-f5e2-4aed-890f-a0c1ab1c08a7,8b2e2788-1796-4bac-af72-27e5a9dc03c3,,//download.snec.org.cn/SNEC/article/2025/05/27//LEADER LOGO-48306831.png,pv.snec.org.cn/api/getInviteCompanyList,2026
晶澳太阳能科技有限公司,JASOLAR,,,,69f425cf-55eb-4b4f-b281-5cf5f4d34237,a68ce005-0786-4b3f-a457-04f711fa97ac,c29940df-948d-4d3c-a3e4-309e78572fbe,//download.snec.org.cn/SNEC/img/2025/05/07//中文logo-29749521.png,pv.snec.org.cn/api/getInviteCompanyList,2026
无锡国丰电子科技有限公司,,,,,f93364ea-71e7-4c35-a8f9-57eb22ddc36e,538cbbfc-cf46-41c4-a28a-b2767d45e0c3,a749b6f4-2a37-4975-a013-81b68e0c291c,//download.snec.org.cn/SNEC/img/2025/04/24//岳丰LOGO-39263696.jpg,pv.snec.org.cn/api/getInviteCompanyList,2026
汉阳（杭州）电缆有限公司,"HANYANG(HANGZHOU)CABLE CO.,LTD",,,,2f8dea07-ef00-465a-9949-3e3e9f65c288,acdc8113-bf4d-4b92-ac69-4f338af2848f,,//download.snec.org.cn/SNEC/article/2025/05/26//透明底_副本-97432738.png,pv.snec.org.cn/api/getInviteCompanyList,2026
广东艾思荔检测仪器有限公司,"AI SI LI (CHINA) TEST EQUIPMENT CO., LTD",,,,15f1dc60-955c-4641-95b8-ef112d8e37e0,74dd546b-2206-429d-be06-5f03eb1bea6d,a129cd83-8dc0-4c5e-95fc-5019dac6d314,//download.snec.org.cn/SNEC/img/2025/03/03//微信图片_20250303102524-53214231.png,pv.snec.org.cn/api/getInviteCompanyList,2026
隆基绿能科技股份有限公司,"LONGi Green Energy Technology Co., Ltd.",,,,4d75d5da-b894-4b5d-b731-a4b45d76e666,facf50ca-5f6c-401c-9866-36056f096f17,b808cf9a-9f73-4f5a-a032-681351a0803f,//download.snec.org.cn/SNEC/img/2023/04/12//featureImg-1618212217741-58745985.png,pv.snec.org.cn/api/getInviteCompanyList,2026
Miami Solar LLP,Miami Solar LLP,,,,6c7c4218-137f-4e85-97a7-e91df4352553,9f3a4fa5-c821-4d20-b4e2-69266628a360,00f0017b-fd01-4319-801d-1f0a350c03a0,//download.snec.org.cn/SNEC/img/2025/04/17//Logo Miami Solar-87446892.PNG,pv.snec.org.cn/api/getInviteCompanyList,2026
深圳市永成光电子股份有限公司,"Shengzhen Yongcheng Technology Corp.,Ltd",,,,4666d0c9-9741-4e9a-9191-2d9439780d88,2e6e7a00-d92a-4ceb-88e7-855244ab2bcf,,//download.snec.org.cn/SNEC/article/2025/05/26//永成logo-49311129.png,pv.snec.org.cn/api/getInviteCompanyList,2026
上海康克仕半导体科技有限公司,"Conquest H-Tech (Shanghai) Co., Ltd.",,,,f16a36f6-6891-46fb-a5a8-5a8e495e8f7c,6513257b-9c72-4500-9581-eee31ac39950,,//download.snec.org.cn/SNEC/article/2025/05/28//QQ_1748400569875-99873579.png,pv.snec.org.cn/api/getInviteCompanyList,2026
黄骅市庆军五金制品有限公司,"Huanghua Qingjun Hardware Products Co.,Ltd",,,,d42d4511-fa35-489a-bc17-b108387e64b0,c5ffb6b0-bfbc-448e-b609-35c41c8e234c,,//download.snec.org.cn/SNEC/article/2025/05/23//微信图片_20250523174352-31960028.png,pv.snec.org.cn/api/getInviteCompanyList,2026
金杯电工股份有限公司,,,,,12679335-67ea-484e-af13-2aa98be48d37,f9eb473b-45de-4f1c-aef9-789f577058dd,6b8354c2-511b-44d9-a58e-68fb9f7afb6e,//download.snec.org.cn/SNEC/img/2025/05/07//d0d9a4615827c8993ad904c59ca0e55-35466491.jpg,pv.snec.org.cn/api/getInviteCompanyList,2026
温州华嘉电器有限公司," WENZHOU HUAJIA ELECTRICAL EQUIPMENT CO.,LT",,,,5d3490ff-bf3e-4951-8e3c-760e5859ffc0,6f7ef0c0-92b2-4ea6-bb7b-50c421ba4506,e1cd01ae-01ac-4ff0-ab68-365c9ea654cf,//download.snec.org.cn/SNEC/img/2024/04/23//微信图片_20240423145543-93138358.jpg,pv.snec.org.cn/api/getInviteCompanyList,2026
深圳市星运福科技有限公司,"Shenzhen Xingyunfu Electronic Technology Co.,Ltd.",,,,96ac508a-f134-459a-9fc4-fe54de2359ed,3de420fa-0f7e-4574-9359-5a3e4f559f07,,//download.snec.org.cn/SNEC/article/2025/05/27//星运福PNG-79081057.png,pv.snec.org.cn/api/getInviteCompanyList,2026
常州华耀光电科技有限公司／华耀光电科技股份有限公司,"Changzhou Huayao Photovoltaic Technology Co.,Ltd",,,,181e8cab-1251-4b13-9357-5376543780d0,ce532ecd-1d8c-424f-b54e-7501dd058b2c,693924e5-eaea-495b-86a6-e523036eaa67,//download.snec.org.cn/SNEC/img/2023/03/09//华耀LOGO-53335000.png,pv.snec.org.cn/api/getInviteCompanyList,2026
南京冠隆电力科技有限公司,"Golen Power Technology Co., Ltd.",,,,56352bdb-d8c8-448d-ad08-74a4d77674ad,0de05913-cafa-42c7-b0b4-f5d33266349d,5a580634-0e44-47c5-a950-653a63421030,//download.snec.org.cn/SNEC/article/2024/04/07//未标题-1-70500204.png,pv.snec.org.cn/api/getInviteCompanyList,2026
诚和力创（山东）精工科技有限公司,"Chenghe Lichuang (Shandong) Seiko Technology Co.,  Ltd.",,,,4ab1233f-537e-4b3e-8f34-0373e3a74d51,d4023660-adcb-4e6d-83ba-d126f41f8c70,,//download.snec.org.cn/SNEC/article/2025/05/28//QQ_1748392655777-38065414.png,pv.snec.org.cn/api/getInviteCompanyList,2026
深圳麦格米特电气股份有限公司,,,,,ebf582c7-eb80-454e-9ac7-8a1242781b02,5c392391-bf73-4168-bbfc-c4c886aef6a7,7089ac8e-96c3-4c89-921c-b657bba439e8,//download.snec.org.cn/SNEC/img/2025/04/24//中英标-上下组合-48269308.png,pv.snec.org.cn/api/getInviteCompanyList,2026
中科九微科技股份有限公司,"SINO MULTI-MICRO TECHNOLOGY CO.,LTD",,,,e8f85f85-15f2-4892-bcd0-3efc235b71b9,a5236005-0a8b-4440-ae62-88f0caadf7f0,1d68e2b3-462c-44d2-9f5d-aa767812b644,//download.snec.org.cn/SNEC/img/2023/04/14//中科九微LOGO-96302115.png,pv.snec.org.cn/api/getInviteCompanyList,2026
深圳市纯水一号科技股份有限公司,"Shenzhen Pure Water NO,1 Technology Co., Ltd.",,,,01285215-c807-4381-8072-fec42c8ac35e,cb4c88b1-12c0-4350-b0d8-d6592ef601b3,,//download.snec.org.cn/SNEC/article/2025/05/28//清晰LOGO-03549528.png,pv.snec.org.cn/api/getInviteCompanyList,2026
优鸿蒙智慧能源（无锡）有限公司,"Uhome Smart Energy(Wuxi)Co.,Ltd.",,,,d602ed49-4e78-4caa-bf3f-91466992efa6,aa296283-ae78-4cea-832d-4158f516d008,208a0bbe-27f9-4a8f-9aee-fdf299c8baa2,//download.snec.org.cn/SNEC/article/2024/04/10//logo-26704598.png,pv.snec.org.cn/api/getInviteCompanyList,2026
浙江晶盛机电股份有限公司,"ZHEJIANG JINGSHENG M&E CO.,LTD",,,,72c07e34-613c-44f6-9ef7-e636311033bb,f7e6e1ca-a858-4b07-adaa-09d52d2fd178,7fddec48-7df1-444e-804a-7f144e5c42f9,,pv.snec.org.cn/api/getInviteCompanyList,2026
福建金石能源有限公司,Gold Stone (Fujian) Energy Company Limited,,,,c13c2173-6498-4917-9c34-cfeddaecb7f3,43ce01e9-d52c-49a3-bcb4-b79cddb2aba4,b41ba6aa-b038-47c6-996c-55cbd7f9d4d0,//download.snec.org.cn/SNEC/article/2024/04/16//小图-58222518.png,pv.snec.org.cn/api/getInviteCompanyList,2026
东莞市拓嘉新能源科技有限公司,"TGPRO New Energy Technology Co., Ltd.",,,,5b8ebb27-3434-4a00-b575-2f97f85d4f6a,66533066-421a-495d-a6de-352f96b69f72,b4593232-7aa9-4d3c-86b4-74d20568072e,"https://download.snec.org.cn/SNEC/article/2025/05/29//东莞市拓嘉新能源科技有限公司TGPRO New Energy Technology Co., Ltd.-71064350.png",pv.snec.org.cn/api/getInviteCompanyList,2026
蜂巢能源科技股份有限公司,"SVOLT Energy Technology Co.,Ltd",,,,f844a186-f0eb-42d5-830d-2b5a46a405f5,758b4de9-570f-4909-82d8-e5377e787cb7,bcdb6d17-2265-4270-b0c0-457dececac81,//download.snec.org.cn/SNEC/img/2023/04/14//lQLPDhrK-JXWCO3NAfXNBDiwQiLQrcji-ckBecphaUBMAA_1080_501-31750297.png,pv.snec.org.cn/api/getInviteCompanyList,2026
陕西华晓光伏科技有限公司,"Shaanxi Huaxiao Photovoltaic Technology Co., Ltd.",,,,49cd6755-0b2b-4551-a29a-15099c16780c,337648f3-17c0-4e8c-89b8-a992a74e133c,7688ad32-87a8-48ad-b0f7-be02ba34ce92,//download.snec.org.cn/SNEC/article/2024/01/23//111111111111-11295656.png,pv.snec.org.cn/api/getInviteCompanyList,2026
曼瑞德光储系统(浙江)有限公司,menred group co ltd,,,,6839a78b-5fbb-44eb-a170-3f124232eced,d25a51c2-49c6-4ec5-8bbb-772dc500a2c2,ca8f378e-3796-41a2-8972-bee3f3b6a794,//download.snec.org.cn/SNEC/img/2025/04/24//MENRED  ESS 标准文件红白底-04663679.jpg,pv.snec.org.cn/api/getInviteCompanyList,2026
上海赛南能源有限公司,"SOLUNA(SHANGHAI)CO.,LTD",,,,e77cdf99-49d1-4275-95d9-9fd6977988c7,960d74ee-7433-4c79-b0ac-182dac38db30,01ab6c3d-9b12-4c25-8cd0-519b45aa2801,//download.snec.org.cn/SNEC/img/2025/04/17//Soluna_logo_Dark-01-30421458.jpg,pv.snec.org.cn/api/getInviteCompanyList,2026
广州海关技术中心,GUANGZHOU CUSTOMS DISTRICT TECHNOLOGY CENTER,,,,17d46c4d-d4a6-454e-9713-68b4dadec232,d2e94ce6-b6ec-4295-ba3f-d1d00dd1b963,,//download.snec.org.cn/SNEC/article/2025/05/25//Logo-透明-10116838.png,pv.snec.org.cn/api/getInviteCompanyList,2026
广东泰琪丰电子有限公司,"Guangdong Techfine Electronic Co., Ltd",,,,fb1de68c-6bd8-4348-acdd-95da21eeabc8,fc9b0668-9a6f-46d0-b16e-2ec42e3a1544,97c5c68a-92ae-41dd-97de-0a79255145af,//download.snec.org.cn/SNEC/img/2024/04/24//微信图片_20240424133647-48809102.jpg,pv.snec.org.cn/api/getInviteCompanyList,2026
成都瑞联电气股份有限公司,"Chengdu Reliance Electric Co., Ltd",,,,b0290ee6-1b54-4070-9c90-a48893c5a5ca,bb44f155-d4b3-456b-b714-e4f2a563dceb,449c2655-aa45-45c6-80f6-9d4cd981cba4,//download.snec.org.cn/SNEC/img/2024/04/24//logo-84810663.png,pv.snec.org.cn/api/getInviteCompanyList,2026
福建鑫宏华机械有限公司/福建大山机械有限公司,"Fujian Xinhonghua Machinery Co. ,Ltd.",,,,4d11aac8-95f9-447c-861c-9f3ad98fb249,7700c672-56a0-46a3-9903-9dac4ea105b5,9e1199ec-0c02-4f44-8af6-5df7dffb60ab,//download.snec.org.cn/SNEC/img/2024/04/29//c7c85bd19ec541baa0b5ff7c30c13a9-20403570-50663864.jpg,pv.snec.org.cn/api/getInviteCompanyList,2026
CSA集团,CSA Group,,,,a109e599-e253-45a8-933b-9e6db8692019,b0b2e159-c174-47d6-92fd-a8aa0d6588bd,ee320cfb-5345-49f1-8a70-2dd789ac8d57,//download.snec.org.cn/SNEC/article/2024/04/01//Logo-120x120 - Copy-19552396.png,pv.snec.org.cn/api/getInviteCompanyList,2026
东禾电气有限公司,"DOHO Electric Co., Ltd",,,,b758bda1-52e0-4764-bcbe-4a80fa7001c5,a82360d6-ea83-4fd5-9753-72dfca621e03,94978543-d2cc-43f7-b165-e8c9c3e07fae,//download.snec.org.cn/SNEC/article/2024/03/18//东禾电气LOGO高清-85966304.png,pv.snec.org.cn/api/getInviteCompanyList,2026
新风光电子科技股份有限公司,,,,,c489eb7c-f461-4c18-b72e-c82cd1eebaac,ce49812b-c2ac-4a22-8246-64dc2800a75c,b932b85b-d090-424c-921d-ce417a07976e,//download.snec.org.cn/SNEC/img/2024/04/24//FGi logo-80812750.png,pv.snec.org.cn/api/getInviteCompanyList,2026
蓝茵打印技术（无锡）有限公司,"LIONTEC PRINTING TECHNOLOGY (WUXI) CO., LTD",,,,f6da4aa4-c41d-4744-9582-225d180cb024,040abb95-acba-4227-8803-7d3de586916f,,//download.snec.org.cn/SNEC/article/2026/04/16//logo1520X540printing--35700043.png,pv.snec.org.cn/api/getInviteCompanyList,2026
无锡烁邦智能设备制造有限公司,"Wuxi ShineBonus Intelligent Equipment Manufacturing Co.,Ltd.",,,,13f44fdd-b514-47c6-931e-1c8a1f5810d9,536c8a9c-227c-4ec6-b005-ea6b38e3d9d1,d2c4abb9-cb46-44b5-998e-beb8b26819eb,//download.snec.org.cn/SNEC/img/2025/04/10//烁邦智能LOGO-1-96091119.jpg,pv.snec.org.cn/api/getInviteCompanyList,2026
苏州法拉塔工业科技有限公司,"Suzhou FLT Industrial Technology Co., LTD",,,,33423f53-d7e2-446b-9a4d-38b9b91eb890,30343a35-b282-4c65-9d7f-6cf3c677ef13,,//download.snec.org.cn/SNEC/article/2025/05/28//QQ_1748392821030-75316265.png,pv.snec.org.cn/api/getInviteCompanyList,2026
山东天意机械股份有限公司,,,,,10a25927-a548-4661-9445-6182a900c7e3,b05fe6f1-e615-47fc-9b54-404b3decdb7a,80438595-79bb-43f1-a9ce-7a9162c496c0,//download.snec.org.cn/SNEC/img/2025/05/06//81143eff34e56e4a700d79fc3a8b13a-41267896.png,pv.snec.org.cn/api/getInviteCompanyList,2026
江阴复睿金属科技有限公司,"Jiangyin Free Metal Technology Co., Ltd.",,,,d8c140cb-75d6-4054-9cf6-e06e76b747a5,fe2455b8-7184-4689-9516-56f92049b9f2,ff972689-a286-43ea-829c-f765024b8cdb,//download.snec.org.cn/SNEC/img/2025/04/22//free tech-86852647.png,pv.snec.org.cn/api/getInviteCompanyList,2026
欧姆龙电子部件贸易（上海）有限公司,Omron Electronic Components Trading (Shanghai) LTD.,,,,93170f0b-710a-4a43-a959-2399f959a6a7,3ed9de0a-7348-4ce7-b25b-5dd1fc806acd,3d523787-e279-4fed-94b4-76ece32c0b93,//download.snec.org.cn/SNEC/img/2025/04/21//LOGO-67606202.jpg,pv.snec.org.cn/api/getInviteCompanyList,2026
深圳方正微电子有限公司,FounderMicroelectronicsInc.,,,,bf1246d7-4dec-4b38-98f0-339fdbdaa18d,cac72680-c39d-41cf-9f29-c73470b2e765,7cfa4827-3d9e-488b-8fe0-c84fa359c503,//download.snec.org.cn/SNEC/img/2025/04/20//中文短上下logo-40005347.png,pv.snec.org.cn/api/getInviteCompanyList,2026
常州市创联电源科技股份有限公司,CHANGZHOU CHUANGLIAN POWER SUPPLY TECHNOLOGY CORPORATION,,,,a6cd92ae-0276-4828-8001-0b8a952d7603,b6d61e22-b3c6-4914-b7cf-d301f408bfb9,b597366e-4223-4b91-bd89-625b49a54025,//download.snec.org.cn/SNEC/img/2025/05/12//111-80671706.png,pv.snec.org.cn/api/getInviteCompanyList,2026
小牛电气（苏州）有限公司,Niu-Power（Suzhou）Corporation,,,,dc0521f2-381b-41a1-a9cd-c02111a8bed2,6cb3cf12-4c57-4430-a443-c4e9ab23f69a,d9654d8c-e2d6-4ca8-abb0-e63f9a0bccbb,//download.snec.org.cn/SNEC/img/2023/04/07//小牛电气logo-42277272.png,pv.snec.org.cn/api/getInviteCompanyList,2026
美的集团股份有限公司,"Midea Group Co., Ltd",,,,17b33ebc-272e-4848-94ea-e47b97bfd9f9,4d931dc2-8a5e-4836-971a-61206c4195e5,39b058ff-370b-4b9d-ad9e-d47de6f8cdbf,//download.snec.org.cn/SNEC/img/2025/05/15//美的能源logo-49417765.jpg,pv.snec.org.cn/api/getInviteCompanyList,2026
天津盛源新能源科技有限公司,,,,,27f0dc8d-53bb-406e-b4cf-fec4f3184123,28db5470-860c-4595-bc52-e7e8cd362082,8709675d-d501-49ad-bc22-2c4cb1ffd7aa,"https://download.snec.org.cn/SNEC/article/2025/05/29//天津盛源新能源科技有限公司Tianjin Shengyuan New Energy Technology Co., Ltd-78335255.jpg",pv.snec.org.cn/api/getInviteCompanyList,2026
煜邦智源科技（嘉兴）有限公司,,,,,48c47423-0752-4684-acb3-bbc84b8f44a3,dffd25ec-ff87-4c9a-9b2b-9965bf13fb86,25443fac-c94a-4e69-bcc7-ad87a1c91e1b,//download.snec.org.cn/SNEC/img/2025/04/07//煜邦智源-03 2-67602713.png,pv.snec.org.cn/api/getInviteCompanyList,2026
宁波敦睦密封科技有限公司,"Nningbo dunmu Sealing Technology Co.,Ltd",,,,7fb28ee2-f715-44a0-8532-e1a76727b0c3,94e37083-7f44-42fa-a7e8-d21728bda13c,b50a8a5a-3dde-4b1f-8738-273a065ea1d4,//download.snec.org.cn/SNEC/img/2022/03/24//af41e02408e449688cdc02c66dfcaeb9.png,pv.snec.org.cn/api/getInviteCompanyList,2026
上海惠尚实业有限公司,"Shanghai Hisun Industrial Co., LTD",,,,1fbe8e80-7ad2-460e-8318-b6d9e89e83e8,a18eb4d1-8aeb-4be0-ae91-a93f522f0ac1,6cdb3386-0c23-4fde-a18d-6eb0c9be42f0,//download.snec.org.cn/SNEC/article/2024/04/09//1111-54650157.png,pv.snec.org.cn/api/getInviteCompanyList,2026
徽拓真空阀门（上海）有限公司,"VAT Vacuum valves(shanghai)co,ltd",,,,baf7bd91-d6a7-412f-9a60-2e661c974ae7,eae49692-18db-4281-8922-fae342926490,8a9e5164-f788-4e6e-8d5f-0c0c816b9ad1,//download.snec.org.cn/SNEC/img/2025/04/28//VAT_Logo_Tagline_Vertical_CMYK_Green jpg-38854533.jpg,pv.snec.org.cn/api/getInviteCompanyList,2026
厦门斯英克新能源科技有限公司,"Xiamen Sic New Energy Co., Ltd.",,,,d70f0e2f-291f-4746-89fe-12194f3f0341,3f69fbe2-454e-4f09-90be-a2de3c8234b4,1efd91a1-7ae8-4f3b-a0dc-aec77d3ef30a,//download.snec.org.cn/SNEC/article/2024/04/28//SIC SOLAR_x16-69391974.png,pv.snec.org.cn/api/getInviteCompanyList,2026
麦田能源股份有限公司," FOXESS CO., LTD.",,,,0bcf8443-f3a6-405b-a7e9-232ed2efdca7,360f36d1-086d-46ce-9c80-c952f86aa206,fb5afed9-8c1f-4969-9d5e-1077d66c623d,//download.snec.org.cn/SNEC/article/2024/04/09//logo彩色中文-横-18485997.png,pv.snec.org.cn/api/getInviteCompanyList,2026
厦门华谱光电科技有限公司,,,,,0e74f7c6-59df-4a0b-ab23-151437666d48,dc613a1d-c1a4-4f0d-b7fd-bda43b7f9043,a417f43e-8202-4f5d-81c1-7a2aa28f1600,//download.snec.org.cn/SNEC/img/2022/03/01//e7498fb4508a4faa82682d6b9181be6f.jpg,pv.snec.org.cn/api/getInviteCompanyList,2026
天津恩特能源科技有限公司,"Tianjin Entar Energy Technology Co., Ltd",,,,84360609-e94b-4082-ab86-89bd41c91746,a4883ef6-17ea-437d-9a39-31c4ac9c6cb2,,//download.snec.org.cn/SNEC/article/2026/04/17//恩特能源logo-68251097.png,pv.snec.org.cn/api/getInviteCompanyList,2026
泰州创达电子有限公司,"Taizhou Chuangda Electronic Co.,Ltd",,,,91d571a3-4181-4c43-8b55-8be77fdc09b1,c8908005-06e1-460c-aa0e-159f92b9f37d,,//download.snec.org.cn/SNEC/article/2025/05/28//创达-70166021.png,pv.snec.org.cn/api/getInviteCompanyList,2026
无锡市通合智能装备科技有限公司,"Wuxi Tonghe Intelligent Equipment Technology Co., Ltd",,,,001efa0f-0507-4a81-b126-0152f3cca044,f78b683e-3026-4d3e-8a78-dd79c82c7620,c6140d9d-e376-4d0e-8cfc-3facd84dea6c,//download.snec.org.cn/SNEC/img/2025/05/07//英文与中文简称-31331336.png,pv.snec.org.cn/api/getInviteCompanyList,2026
天合光能股份有限公司 ,"Trinapower Co., Ltd",,,,e817e3b3-403d-4452-9711-d48cee6bdeb5,8cc9cc3b-be0a-48c3-a3b3-ad85c41caa74,a35bf5f4-12d6-455b-a4c2-752cd521f47e,//download.snec.org.cn/SNEC/img/2025/04/28//Trinasolar Logo_CN_JPEG-43298542.jpg,pv.snec.org.cn/api/getInviteCompanyList,2026
苏州UL美华认证有限公司,UL-CCIC Company Limited ,,,,6ed9abb9-a64d-4912-9f7f-6bcc133c2fcd,59bec9bd-25d6-41ba-82e6-c483875b364b,69d2e9cf-e430-4850-a8c4-7cde18dc77dd,//download.snec.org.cn/SNEC/img/2025/04/27//UL_Solutions_logo-85685570.png,pv.snec.org.cn/api/getInviteCompanyList,2026
科艾斯化学有限公司/奥瑞邦（厦门）新材料有限公司,COACE CHEMICAL COMPANY LIMITED,,,,e9e1477b-e02b-4c83-af4c-845bdf11d76e,ce44be54-7355-42b3-8f25-bc78eef3d088,3c2b426e-fbef-4244-b784-6c3bfa863f41,//download.snec.org.cn/SNEC/img/2025/04/21//LOGO-92029805.jpg,pv.snec.org.cn/api/getInviteCompanyList,2026
上海邦高化学有限公司,,,,,b3559b41-77fd-4ea0-881d-bd2213122f28,319fb9c8-868e-4d3f-8a75-30f3e31deed6,fd9bbc01-194a-4372-9c56-76654ea8c1fa,"https://download.snec.org.cn/SNEC/article/2025/05/29//上海邦高化学有限公司SHANGHAI BRONKOW CHEMICAL CO.,LTD-15161713.jpg",pv.snec.org.cn/api/getInviteCompanyList,2026
沈阳斯沃电器有限公司,"SHENYANG SIWO ELECTRICAL EQUIPMENT CO.,LTD.",,,,4fdd7356-069a-469f-a0b5-c344b78c067c,9798ecda-6f4c-486b-915c-e192edb8967d,,//download.snec.org.cn/SNEC/article/2025/05/27//斯沃logo-74781059.png,pv.snec.org.cn/api/getInviteCompanyList,2026
江苏瑞仕达电气设备有限公司,Jiangsu Ruishida Electrical Equipment Co. Ltd,,,,cec1a465-ff21-4771-a57c-bd156ac2de4a,b7fe8655-68a1-4c83-8afd-b54b1473bc7f,,//download.snec.org.cn/SNEC/article/2025/05/28//QQ_1748410049908-48316886.png,pv.snec.org.cn/api/getInviteCompanyList,2026
台州百瑞电子科技有限公司,"TAIZHOU BAIRUI ELECTRON SCIENCE TECHNOLOGY CO.,LTD",,,,2a2d92a4-f4bd-4ead-aa29-28c16cde2bcf,d0aaec32-69c4-4109-b850-7868f11d0288,a3e99342-4cd8-40ca-9ceb-07a7caeaa467,//download.snec.org.cn/SNEC/img/2024/04/24//cb5292ff9b04e96f66d7e33b9e7854e-19715425.jpg,pv.snec.org.cn/api/getInviteCompanyList,2026
浙江公元新能源科技股份有限公司,"ZHEJIANG ERA SOLAR TECHNOLOGY CO.,LTD.",,,,6ebc524c-7bcd-4f2b-ab8c-0a9d18ebba3e,eda2c2da-12a7-4260-84bb-869308c9f9c5,d7b48b72-0849-4233-8f75-74bd971ebc04,//download.snec.org.cn/SNEC/article/2024/04/24//LOGO-011-35488729.png,pv.snec.org.cn/api/getInviteCompanyList,2026
合肥朵泽电子科技有限公司,,,,,f05c4c37-f3e2-414d-9381-4db539361af0,02a82e74-85fc-4b41-a310-92189a56a756,fb74c4c9-b07d-4fb2-aa25-dea6ced6dac2,//download.snec.org.cn/SNEC/img/2025/05/07//Duoze logo 02-54635340.jpg,pv.snec.org.cn/api/getInviteCompanyList,2026
苏州意华新能源科技有限公司,"Suzhou Yihua New Energy Technology Co., Ltd",,,,31cbfede-1d86-49d6-9b40-1f8b6e909aea,78ffc4b1-e4fe-49b3-a788-70fe47518e4c,1375fa6f-37e6-46a4-a7bb-48ddaee86535,//download.snec.org.cn/SNEC/article/2023/10/16//CZT-23538239.png,pv.snec.org.cn/api/getInviteCompanyList,2026
Terrapinn,Terrapinn,,,,6cfc1e60-37c1-4250-9d03-5be50bc5f218,d9e8e643-f141-495d-b5b8-eba71e20c728,d7817f22-a336-4dcc-b160-374a7ff014c3,//download.snec.org.cn/SNEC/img/2025/04/23//Solar & Storage Live UK 2025 Logo-48170016.jpg,pv.snec.org.cn/api/getInviteCompanyList,2026
西卡（江苏）工业材料有限公司,SIKA (CHINA) LTD.,,,,e4f2ff06-7024-4fe6-b0d8-31bddf2d0ec1,0ab58a09-7225-4551-99e0-d70b4a7afadc,f9cee2e7-2a06-42c3-8d75-2f191c244ff7,//download.snec.org.cn/SNEC/img/2024/05/09//Sika_Claim_pos_rgb_30-78027263.png,pv.snec.org.cn/api/getInviteCompanyList,2026
江苏绿阳新能源科技有限公司,"JIANGSU GSO NEW ENERGY TECHNOLOGY CO., LTD",,,,cf381b91-4ffc-4ee3-8613-3bdff2bb91dc,8bb34b89-0bd7-4915-bd79-8207c140e343,8979afc3-7494-408a-aac2-a23bb1bb2cad,//download.snec.org.cn/SNEC/img/2023/04/10//绿阳标-87927603.jpg,pv.snec.org.cn/api/getInviteCompanyList,2026
国隆电气有限公司/深圳市鳗鱼智慧能源电气有限公司,"GUOLONG ELECTRIC CO.,LTD./Shenzhen MY Smart Energy Electric Co.,LTD.",,,,31642088-d457-470d-bcee-0f543db41dfe,434a3b58-7e47-4834-b21e-5285ea26d6ad,22039fb2-3be3-442e-bfc6-19f0b908d8d3,//download.snec.org.cn/SNEC/img/2023/03/31//国隆电气LOGO-20398637.jpg,pv.snec.org.cn/api/getInviteCompanyList,2026
中国质量认证中心有限公司,China quality Certification Centre,,,,6f764d02-6228-455d-ad7a-577843021a3c,fc2b1890-a4db-4d9d-ac15-068b9207f237,5467141e-40df-4748-99b1-5c80f7a6415f,//download.snec.org.cn/SNEC/img/2024/05/06//蓝色球标_画板 1-80532617.png,pv.snec.org.cn/api/getInviteCompanyList,2026
红波按钮制造有限公司,"ONPOW PUSH BUTTON MANUFACTURE CO., LTD.",,,,1f87abcf-cd0c-4362-8d88-699b9eab7e5b,adaf54d4-9403-4ab4-a19d-19b569238d09,,//download.snec.org.cn/SNEC/article/2025/05/28//QQ_1748398573016-50976809.png,pv.snec.org.cn/api/getInviteCompanyList,2026
上海辉盈电子有限公司,"Shanghai Huiying Electronic Co.,Ltd",,,,1daec2dd-7e89-4c44-bfc2-2716dddc9040,f5f8d420-9137-4e42-8ee1-df9286491195,,//download.snec.org.cn/SNEC/article/2025/05/26//LOGO-61244846.png,pv.snec.org.cn/api/getInviteCompanyList,2026
华创天晟(武汉)科技有限公司,"Wuhan CNTSUN New Energy Co., Ltd.",,,,37c5081d-6783-4b52-8916-49d655e50f5f,b6fa96a2-34bc-4ab8-bc91-cf86bb507ca3,,//download.snec.org.cn/SNEC/article/2025/05/28//QQ_1748398725033-48614905.png,pv.snec.org.cn/api/getInviteCompanyList,2026
 博科丝特工业技术（上海）有限公司,"Bocast  Industrial Technology (Shanghai) Co., Ltd",,,,fa8fc6b2-90eb-4f47-940e-4142dc827c7f,361fbce1-7342-4506-ab5d-0ff5de1be09e,f828ab7d-cca9-481b-9e4f-8ccbf6e93da2,https://download.snec.org.cn/SNEC/article/2023/05/12//LOGO_400-00298746.jpg,pv.snec.org.cn/api/getInviteCompanyList,2026
广东省茂名市冠鑫电子科技有限公司,"Huaizhou Guanxin Electronic Technology Co., Ltd.",,,,9ec1fe8a-20a1-4be1-8478-136c04d250fa,5a599364-73b9-4b8c-8adc-946bdf4077dc,,//download.snec.org.cn/SNEC/article/2025/05/29//冠鑫-93886668.png,pv.snec.org.cn/api/getInviteCompanyList,2026
北京碳索新能信息服务有限公司,"Beijing Carbon Discovery New Energy Information Service Co.,Ltd.",,,,6803ae81-3e80-4a73-870f-fffd2dff6ecf,236269f0-cf0c-49f7-8994-35ff0cd6dd85,,//download.snec.org.cn/SNEC/article/2025/05/27//碳索 PNG-52801679.png,pv.snec.org.cn/api/getInviteCompanyList,2026
苏州弘道新材料有限公司,"Suzhou Hondol New Material Co.,Ltd. ",,,,529bbd07-8779-4063-948e-71bc09e6607a,627dd532-c152-445e-8f9c-3062916329ac,6d191102-036c-4418-b64f-683deeb1cbab,//download.snec.org.cn/SNEC/img/2024/05/07//LOGO黑字-35880845.png,pv.snec.org.cn/api/getInviteCompanyList,2026
宁波奥克斯甬能科技有限公司,NINGBO AUX NEW ENERGY TECHNOLOGY CO.，LTD,,,,8d3dd2bc-b5bf-4c46-9815-00269734284a,4a375b1b-f287-4b45-acbc-164f556018cc,12a39255-9dec-4050-8c5a-2a2c87544d66,//download.snec.org.cn/SNEC/img/2025/04/25//AUXSOL LOGO-V3-zq-01-24908500.png,pv.snec.org.cn/api/getInviteCompanyList,2026
杭州帷盛科技有限公司,"VERSOLSOLAR HANGZHOU CO., LTD",,,,587c2842-29ff-4143-9a91-ee6738a48bbe,2418b63e-fa28-4d86-a295-f5df737825ac,,//download.snec.org.cn/SNEC/article/2024/04/16//未标题-1-21634702.png,pv.snec.org.cn/api/getInviteCompanyList,2026
北京中科技达科技有限公司,"BEIJING KEYTEC TECHNOLOGY CO., LTD",,,,6a68fe30-54f1-4403-b4ce-31e6de36f458,2b1dca05-1ae0-4e4c-a060-7693d753cad7,32614fe8-1ffa-41fd-aa6a-d7bb1479949e,//download.snec.org.cn/SNEC/img/2025/04/27//keytec-52679082.png,pv.snec.org.cn/api/getInviteCompanyList,2026
斯科智能五金（绍兴）有限公司,"Sike Intelligent Hardware (Shaoxing) Co., Ltd",,,,7e90205a-27d1-4b69-8d9d-f28d98e3b441,3726164e-2ede-42e1-9c60-23d0b362588c,11b001f8-b702-4189-a2cd-e60ef718eea5,//download.snec.org.cn/SNEC/article/2023/09/21//1111-91219389.jpg,pv.snec.org.cn/api/getInviteCompanyList,2026
深圳市盛能杰科技有限公司,"Shenzhen Senergy Technology Co.,Ltd",,,,a47e56c4-edce-48dc-88ed-961a6e309461,7e1d67f9-ee22-4afd-b5f2-0305d6d5c949,9f12bd74-0b03-4794-9fdc-0ff1edc54cc3,//download.snec.org.cn/SNEC/img/2025/04/25//盛能杰logo-透明--98683085.png,pv.snec.org.cn/api/getInviteCompanyList,2026
昂视智能（深圳）有限公司,"Piqs Intelligence (Shenzhen) Co., Ltd.",,,,eec2b5d0-930a-44a3-a33b-b979816c3842,d7aa42fa-832b-449b-b595-6e5d9261fa65,33748a62-01d5-4542-9314-81ab84412cd3,//download.snec.org.cn/SNEC/article/2022/11/02//logo-76770230.jpg,pv.snec.org.cn/api/getInviteCompanyList,2026
安徽希磁科技股份有限公司,"Sinomags Technologies Co.,Ltd.",,,,36027075-de8a-4524-9c80-cbbd73c6c461,b597d010-1ca2-4f07-82e0-e5d40437c87c,901f3154-0675-4fa2-8659-b40f3810e9c5,//download.snec.org.cn/SNEC/img/2025/04/24//希磁科技-99540041.png,pv.snec.org.cn/api/getInviteCompanyList,2026
济源华申电源有限公司," Jiyuan Vanyo Battery Co., Ltd.",,,,64b23607-2a0a-49c9-9567-4fd5df28afdc,4a87e242-1ee8-4534-9d07-2d73894595c2,,//download.snec.org.cn/SNEC/article/2025/05/28//QQ_1748398955188-99269081.png,pv.snec.org.cn/api/getInviteCompanyList,2026
无锡亿艾斯新能源技术有限公司,"Ktech ESS Co., Ltd.",,,,538fd154-9c4a-4e8c-99ee-2e7b293fb746,663688c9-2adb-4ad3-b9eb-f44afac94ce5,,//download.snec.org.cn/SNEC/article/2026/04/17//微信图片_20260417134145-65549484.png,pv.snec.org.cn/api/getInviteCompanyList,2026
浙江铭安潮居智能科技有限公司,Zhejiang Mingan Modernhouse Intelligent Technology Co.LTD,,,,76573a85-dfee-4436-aa19-aaf4c9df02d4,3ae07700-91d5-4163-8a7a-822296325548,877e830c-1cc5-4290-b92f-2249b8ad0755,//download.snec.org.cn/SNEC/img/2025/04/09//铭安集团logo-97948706.jpg,pv.snec.org.cn/api/getInviteCompanyList,2026
苏州杰利凯工业设备有限公司,"SUZHOU JIELIKAI INDUSTRIAL EQUIPMENT CO.,LTD",,,,f8cb9e06-7091-4c70-917e-5104f91a6f22,7576c7cc-b153-48d6-93e9-9571ca058ffc,f090c732-fdb6-4fee-8185-4e4dab3844bb,//download.snec.org.cn/SNEC/img/2025/04/21//0f9b5e94d73563feb6e98e065262206-47743299.png,pv.snec.org.cn/api/getInviteCompanyList,2026
浙江富源制冷设备股份有限公司,,,,,44973304-7920-42fd-bcb2-29aab7e7d4b7,343aeb4f-6ef6-4934-ac78-658ff328cd20,eb0c41e3-d546-4601-a9ea-26b6e1c4db38,https://download.snec.org.cn/SNEC/article/2025/05/29//富源-00830423.jpg,pv.snec.org.cn/api/getInviteCompanyList,2026
广东明路电力电子有限公司,"Guangdong Menlo Electric Power CO.,LTD",,,,6b88d786-2405-4c99-82d3-ab50375401a3,fddc00b8-9ac9-4abf-b590-3656d20a6470,,//download.snec.org.cn/SNEC/article/2025/05/27//微信截图_20250527154950-65398337.png,pv.snec.org.cn/api/getInviteCompanyList,2026
厦门新能安科技有限公司,Xiamen Ampace Technolegy Limited,,,,64032c65-db41-4ac2-935c-837834d296e6,1d329f97-43ed-4d94-84cd-f883abd8a3e2,b14f61c4-b8ba-45cc-b89c-91b0b2b30919,//download.snec.org.cn/SNEC/img/2025/04/24//Ampace新能安-标志纵向组合A-24683806.png,pv.snec.org.cn/api/getInviteCompanyList,2026
天津运友智慧物流有限公司,"Tianjin Yunyou Wisdom Logistics Co. , Ltd.",,,,14c14a32-29bc-43f6-a309-db8145b892f0,3b922fff-2fda-4d24-a1e2-7bf9cecbb5f0,b0efdbc4-4013-4c91-8db4-f9631509daf0,//download.snec.org.cn/SNEC/article/2024/05/07//运友LOGO横板（彩）-58042998.png,pv.snec.org.cn/api/getInviteCompanyList,2026
test620企业展厅,test620企业展厅en,,,,0ef5e6ce-e6c2-46ab-b31d-8b9df1fe1ba7,42f8acc1-8796-4187-88dc-337f5c03d227,febf34b6-bae6-4bd0-a419-4ff6d0e64b5d,//download.snec.org.cn/SNEC/article/2022/06/20//a13115fa0dea4a7e9f385f4e7dbd92fc.jpg,pv.snec.org.cn/api/getInviteCompanyList,2026
宁波宏杰电子科技有限公司,,,,,bc521ace-9fa7-41ea-94a7-e19244b7a364,3663c6b4-57a5-42ae-a7df-dbccae84a2b1,53ea66a6-3cb5-4dcc-94e6-63480a787835,//download.snec.org.cn/SNEC/img/2025/05/07//微信图片_20250507113413_6-50327469.png,pv.snec.org.cn/api/getInviteCompanyList,2026
三河同飞制冷股份有限公司,"Sanhe Tongfei Refrigeration Co.,Ltd.",,,,35f1dfe9-cec3-45a3-87a7-65018b12a255,6a8fe311-4140-49c1-aae6-6c25dbf100e8,dd8798d5-7cbd-4499-bc3b-4d9bb5159df5,//download.snec.org.cn/SNEC/article/2024/05/30//横版logo-59899845.png,pv.snec.org.cn/api/getInviteCompanyList,2026
杭州唐能能源科技有限公司,"TOENERGY TECHNOLOGY HANGZHOU CO.,LTD",,,,56e85da5-ea6c-444f-8d7e-4220277865f7,ad47563e-5cf2-4f13-a132-5c1671e3aed1,a57f52bd-0d63-4d9b-acba-6a66754a2dbd,//download.snec.org.cn/SNEC/img/2023/04/03//Logo透明-76077636.png,pv.snec.org.cn/api/getInviteCompanyList,2026
常州聚和新材料股份有限公司,Fusion,,,,e149b259-27ce-4033-9d0e-fbfcaa1f58e8,21e56376-7f35-450e-a96c-acb31fa97144,,//download.snec.org.cn/SNEC/article/2025/05/28//微信图片_20250528110925-48732217.png,pv.snec.org.cn/api/getInviteCompanyList,2026
深圳古瑞瓦特新能源有限公司,"shenzhen growatt new energy technology co,.ltd",,,,78d3ffca-8303-433e-9d17-64dc6c1459cb,4eaa7d39-fc1b-4331-9dbb-abd2dc8f287d,c0347432-49da-42a9-8639-8dd80a38ea65,//download.snec.org.cn/SNEC/img/2023/04/18//古瑞瓦特LOGO-08112107.png,pv.snec.org.cn/api/getInviteCompanyList,2026
上海鹰峰电子科技股份有限公司 ,"Shanghai Eagtop Electronic Technology Co., Ltd.",,,,e87c0534-e473-4d86-a5de-6c2aab0c0d7b,a544c380-e3f3-49c1-b7fd-feaf4b0e640a,cd126bbf-4fa0-4f92-8750-b9a43f02eb87,//download.snec.org.cn/SNEC/img/2025/04/29//鹰峰LOGO-03666563.png,pv.snec.org.cn/api/getInviteCompanyList,2026
冯阿登纳真空设备（上海）有限公司,"VON ARDENNE Vacuum Equipment (Shanghai) Co., Ltd.",,,,2c5a9f92-4a0d-4738-a6f1-e81d04b9c7e4,a4b56dbb-5dee-43af-90f2-d69069994ded,4ee0e359-1549-4b72-91a6-ad8a868c4509,//download.snec.org.cn/SNEC/img/2023/04/06//logo 20022-44516627.png,pv.snec.org.cn/api/getInviteCompanyList,2026
江西萨瑞微电子技术有限公司,"Jiangxi Salltech microelectronics Co.,Ltd.",,,,afc299ba-2117-46d1-8c0d-49710f2e4b68,4fbdc572-dbbc-461f-948c-aae49e02a681,,//download.snec.org.cn/SNEC/article/2025/05/28//QQ_1748410652847-89330769.png,pv.snec.org.cn/api/getInviteCompanyList,2026
常州市肯迪电器制造有限公司,,,,,422547a7-a962-4fee-81bb-a45593cfa9da,2e9514d4-951d-47f9-aa98-a69ea05e2b15,e60747a9-b793-4d10-9bf7-6234184950a0,//download.snec.org.cn/SNEC/img/2025/04/24//MINOVAlogo蓝字带R标(1)-23442824.jpg,pv.snec.org.cn/api/getInviteCompanyList,2026
江西鹏宇管业科技有限公司,JIANGXI PANEW TECHNOLOGY COLTD,,,,e895e3b0-52d8-4f9f-af96-d0634676091b,2c816b34-e12b-4c96-a8a8-0b26c253af81,,//download.snec.org.cn/SNEC/article/2025/05/26//LOGO-57902057.png,pv.snec.org.cn/api/getInviteCompanyList,2026
上海跃绅能源科技有限公司,"Shanghai Vision Energy Technology Co., Ltd",,,,8681f835-1579-4d28-b0c9-d3c1c60d4286,f482916f-441f-42be-97e9-6d0bcd8dd73a,e75db672-c0e3-4dd4-b6af-bde8fe648f29,//download.snec.org.cn/SNEC/article/2024/04/11//logo方-14996543.png,pv.snec.org.cn/api/getInviteCompanyList,2026
阿雷蒙工业紧固系统（镇江）有限公司,"ARaymond Industrial Fastening System (Zhenjiang) Co., Ltd.",,,,77cd88d5-0d0f-4943-9e6a-4fa4f30dbbf3,4492f293-a4b4-4388-bc90-f736d705cec3,280ed26c-d921-43a4-94fb-7dba2d4e9e69,//download.snec.org.cn/SNEC/img/2025/04/29//LOGO1-55850826.png,pv.snec.org.cn/api/getInviteCompanyList,2026
SNEC ES储能展主办方,SNEC Energy Storage Expo,,,,11668c8b-ee59-4020-869c-5535c4e0a657,88c0caa3-2c79-4eaa-b98c-c7e96698737b,af2472e9-1643-42e9-899b-cbd50ad4075b,//download.snec.org.cn/SNEC/article/2022/08/16//616a7137a3a1400b95f0194ef40a9c92.png,pv.snec.org.cn/api/getInviteCompanyList,2026
环宇光伏科技（常熟）有限公司,Honor Solar,,,,e41deed2-0911-4157-beda-f3cbdc7e0b82,06ba95cd-3876-4aaf-bdc1-c5c123916964,d268b9f8-a266-423f-9fe2-b5cb4c3974c7,//download.snec.org.cn/SNEC/article/2024/04/11//微信图片_20240411112819-03575890.png,pv.snec.org.cn/api/getInviteCompanyList,2026
东莞市欧莱溅射靶材有限公司,"Omat Sputtering Targets (Dong Guan)Co.,Ltd.",,,,8f136b6f-3869-48fb-a516-e0fda5db0d36,08f22c7a-0809-4e7c-8fea-e011bf9bd20c,,//download.snec.org.cn/SNEC/article/2025/05/26//欧莱LOGO 透明背景-48308313.png,pv.snec.org.cn/api/getInviteCompanyList,2026
天津东方聚能新能源科技发展有限公司,"Tianjin Orient Juneng New Energy Technology Development Co.,Ltd.",,,,9bd574c9-470e-4e4b-b91f-8e94d27e1368,7585750d-f2ad-42ff-b9bb-79be99cc64b4,,//download.snec.org.cn/SNEC/article/2025/05/27//东方聚能-05616077.png,pv.snec.org.cn/api/getInviteCompanyList,2026
德力西电气销售有限公司 ,DELIXI-ELECTRIC,,,,201ec21a-bc78-423f-82e0-19c5ef12bcbe,b753d7d7-2e33-4de9-ba0e-3ca246853832,a9e9f5e8-74ec-4bc0-a0a1-ac6d9c91afa8,//download.snec.org.cn/SNEC/img/2024/04/10//德力西电气logo-白底-92549341.png,pv.snec.org.cn/api/getInviteCompanyList,2026
安徽灿邦电气有限公司,"Anhui Can Bang Electric Co.,Ltd",,,,eb9227f7-bf60-4e58-9f81-b6aa36dbf979,bfb25e52-cc38-4872-95c5-476b4e793e1b,2b0a26f8-b2b6-4459-9dfc-5f0b50d4ec5a,//download.snec.org.cn/SNEC/img/2024/04/22//LOGO-2-87718814.png,pv.snec.org.cn/api/getInviteCompanyList,2026
上海航天汽车机电股份有限公司/连云港神舟新能源有限公司,"Shanghai Aerospace Automobile Electromechanical Co., Ltd. ",,,,b43c43b3-844e-494a-bd9a-14c98aa486ab,c3194905-5a1c-4e9e-bddb-c2e139e61c02,bbb297d4-2da4-4598-b898-02f01e672653,//download.snec.org.cn/SNEC/img/2024/04/15//航天机电光伏logo中文-50830250.png,pv.snec.org.cn/api/getInviteCompanyList,2026
麦世林精密机械（昆山）有限公司,"MachLin precision machinery (kunshan) co., LTD",,,,fedbbdc7-d9e5-4e12-a8a0-d6d171625272,aba86857-707d-4cb4-8546-42ce2b22154c,,//download.snec.org.cn/SNEC/article/2025/05/28//613fba186aa5e4592606cbe71d4277b6-69157068.png,pv.snec.org.cn/api/getInviteCompanyList,2026
上海织光智能科技有限公司,Shanghai Z-Light Intelligent Technology Co.，Ltd.,,,,ea81911e-d0c1-4164-a91a-6311ff5c581e,36e51dbe-9b8e-4221-ad5f-92a7f7e9eec6,9e9b8bb2-9522-4a67-908f-8f8ef0328cbc,//download.snec.org.cn/SNEC/img/2024/04/23//logo02-18847050.jpg,pv.snec.org.cn/api/getInviteCompanyList,2026
青岛攸能创科技有限公司,"Qingdao UNC Technology Co.,Ltd.",,,,55639222-aee3-4dfa-a388-1524cc9c6f42,1f1d8e49-adb8-4f1b-b58d-77e53e0b968f,8e14e2c1-81c1-40c2-97c6-e8212f5ca795,//download.snec.org.cn/SNEC/img/2023/04/15//攸能创源文件_裁剪-21567065.png,pv.snec.org.cn/api/getInviteCompanyList,2026
江阴海虹新能源科技有限公司,"Jiangyin HaiHong New Energy Technology Co., LTD",,,,e158605f-7312-49b4-a89e-2378042f667d,f7abcf55-240d-488d-af39-680bc69d598b,e14967fa-ee08-4b90-aed3-3271387d3981,//download.snec.org.cn/SNEC/img/2024/04/17//海虹LOGO-81053465.jpeg,pv.snec.org.cn/api/getInviteCompanyList,2026
浙江艾罗网络能源技术股份有限公司,"SolaX Power Network Technology(Zhejiang) Co.,Ltd.",,,,7d48bb44-5cdd-415b-908f-a9e4109ab9c2,04c171d3-b335-48f5-b50f-cf643ff5fb9f,0e95e083-c80d-42aa-9bc0-609aa16169ca,//download.snec.org.cn/SNEC/img/2022/10/26//SOLAX-LOGO-08538536.jpg,pv.snec.org.cn/api/getInviteCompanyList,2026
深圳市志泽科技有限公司,"SHENZHEN ZHIZE TECHNOLOGY CO.,LTD",,,,3fb171a8-f119-4c33-b691-ddd028ac3fba,70feb5ed-cb77-49b7-bc4f-69b375f220de,5519e540-e518-408e-8ef9-0c07ece1d4fb,//download.snec.org.cn/SNEC/article/2023/10/10//志泽英文logo源文件-85286471.jpg,pv.snec.org.cn/api/getInviteCompanyList,2026
福达新创通讯科技（厦门）有限公司,DELTA NETWORKS (XIAMEN) LTD.,,,,9c310ce9-a60c-4e34-a2c9-d6c2b4662098,a127297f-26a1-4483-8319-acddca0e9413,2b3cf6f8-dd30-40c3-9325-663355436f7e,//download.snec.org.cn/SNEC/img/2023/04/16//5466896a6903c51f35d772cdda2d339-29864321.jpg,pv.snec.org.cn/api/getInviteCompanyList,2026
浙江品恩泰克科技有限公司,"ZHEJIANG PNTECH TECHNOLOGY CO.,LTD.",,,,4956173e-2336-4817-82db-6e6b19dcc030,b28c298e-b7a7-4827-a75c-88ded542576e,f122c985-a0b9-42d7-9d68-f37fd3b2552e,//download.snec.org.cn/SNEC/img/2024/04/16//e76be156365b75d718f47ef014cf8c0-31378031.png,pv.snec.org.cn/api/getInviteCompanyList,2026
SNEC HFC氢能展主办方,SNEC HFC Expo,,,,1342e93d-6582-4883-97d4-e46ac4e500c2,c42feaeb-a5f9-4769-aa81-c11e471cb7dc,13152dac-15e7-46c6-8a7f-fa8982f2d2a6,//download.snec.org.cn/SNEC/article/2022/08/16//7a31dc9e9c7c48488f14c39703de7aeb.png,pv.snec.org.cn/api/getInviteCompanyList,2026
广州三晶电气股份有限公司,"Guangzhou Sanjing Electric Co.,Ltd",,,,69149eb2-345e-4672-9a92-a1cce444273a,2167fe09-cf1b-409b-90e8-670c6eda3787,eb95b636-891a-4676-9d36-0a1a903cb8d6,//download.snec.org.cn/SNEC/img/2023/04/14//SAJ-40200673.jpg,pv.snec.org.cn/api/getInviteCompanyList,2026
天津市宝利鑫五金制品有限公司, TIANJINSHI BAOLIXIN HARDWARE PRODUCTS Co.. Ltd.,,,,8953da3d-017a-4063-861b-163b3eae0e1d,222ca7c2-2ff5-4e00-abed-a5b6d4ce1546,d30a8c3f-1535-41ca-ac3e-eefa4a8f1e37,//download.snec.org.cn/SNEC/article/2024/04/04//宝利鑫logo-02-06456243.png,pv.snec.org.cn/api/getInviteCompanyList,2026
瑟米莱伯贸易(上海)有限公司,"Semilab Trade （Shanghai）Co.,Ltd",,,,14e7954d-5016-46b6-aafa-925b800c950a,4f2e3f3d-1997-4b81-9f74-2aa5aa55e14a,fbb5fb83-b4d7-4f80-9044-c486a359d11c,//download.snec.org.cn/SNEC/img/2024/04/23//公司logo.a6c069d-85487049.zip,pv.snec.org.cn/api/getInviteCompanyList,2026
上海伊莱诺瓦储能技术有限公司,"Shanghai Elecnova Co,Ltd",,,,9845cef3-492f-475e-b9d2-bcd2bd0d5a6c,ea3e362d-5ba8-4ffb-a618-b58708a90aa8,8fef5217-7cb9-46cd-823e-b8c2e9e6b9fc,//download.snec.org.cn/SNEC/img/2025/05/06//f72b62ecbf98967a3dd7994d16d6b4f-49640688.jpg,pv.snec.org.cn/api/getInviteCompanyList,2026
黄骅钰孚泰五金制品有限公司,"Huanghua Yufutai Hardware Products Co., LTD",,,,34999a15-e999-49ca-a272-263e4809e29d,036c0d48-2bfe-40ef-823f-954edcbd479f,,//download.snec.org.cn/SNEC/article/2025/05/26//logo-84045905.png,pv.snec.org.cn/api/getInviteCompanyList,2026
安徽正华同安消防科技有限公司,anhui,,,,0899fe75-3af1-4137-af2c-44fbc6d40f50,c74921ca-3d68-4dce-8a52-47ef8eaadb71,390e9537-903c-416b-8c2f-32457ed3f95f,//download.snec.org.cn/SNEC/img/2025/04/30//LOGO(描摹)-48810661.png,pv.snec.org.cn/api/getInviteCompanyList,2026
深圳力高新能技术有限公司,"Shenzhen Ligoo New Energy Technologies Co., Ltd",,,,58188de0-f606-4f01-9b81-8250ffd4fa4b,2d05e28c-0ab0-4184-a1a8-e7dbc0dd82a5,0a9c796f-ef5e-4a50-bd47-cf0f68642ebb,//download.snec.org.cn/SNEC/img/2024/04/22//LIGOO-11835049.png,pv.snec.org.cn/api/getInviteCompanyList,2026
施耐德电气（中国）有限公司,"Schneider Electric (China) Co., Ltd.",,,,10cc9d48-c98c-4247-9764-c576aa43b2eb,3b1a1310-922b-4a7f-a600-4a506ab6a05b,f2652a0e-661f-4a37-82c0-17b604209a63,//download.snec.org.cn/SNEC/img/2024/04/16//Schneider_LIO_Logo_Green_CN-15914106.png,pv.snec.org.cn/api/getInviteCompanyList,2026
江西力源海纳科技股份有限公司,"Jiangxi Liyuan Haina Technology Co.,Ltd",,,,918ce0bf-0f6a-4670-8645-ebde06d900fd,e0857377-848f-4e9a-ae8e-247c6955041d,782388e1-f5df-4306-8bc7-119c5e3a1534,//download.snec.org.cn/SNEC/img/2025/04/17//logo-11510712.jpg,pv.snec.org.cn/api/getInviteCompanyList,2026
厦门晶晟能源科技有限公司,"Xiamen Solar First Energy Technology Co.,Ltd",,,,2002ecbb-9638-4afc-b5e4-17d7dd7678b0,0135ca28-9413-4080-9b99-9c6f9dfe89f3,c426402c-c560-4237-a701-8363648db5b3,//download.snec.org.cn/SNEC/img/2025/04/22//公司 Logo -08964497.JPG,pv.snec.org.cn/api/getInviteCompanyList,2026
广东伯亿特建筑科技有限公司,"Guangdong Boito Construction Technology Co., Ltd.",,,,d548e2d0-2594-4113-b28a-a1fbd6f8bca5,9cb43b16-9e4c-4425-aa5b-33dcc366ee93,2fc38084-ae2b-440b-a8dd-3bd8c8a51d6d,//download.snec.org.cn/SNEC/img/2025/05/07//伯亿特 微信图片_20250507170235-18633391.png,pv.snec.org.cn/api/getInviteCompanyList,2026
昆山福瑞达电子包装有限公司,"KUN SHAN FRIEND ELECTRIC PACKING CO.,LTD.",,,,002d5e7e-bdd0-4f2e-bf66-b750be9e9c06,aa0efe3c-1502-4295-b619-5785497dfd48,,//download.snec.org.cn/SNEC/article/2025/05/28//LOGO-71013642.png,pv.snec.org.cn/api/getInviteCompanyList,2026
镇江市德利克真空设备科技有限公司,,,,,313e073d-654e-4c7a-bf38-917e7bb68e2c,24bed90d-9009-4018-9aaa-73fdf70ec1cf,bb7a3199-25bd-4c16-b08b-95d5069b788a,//download.snec.org.cn/SNEC/img/2025/03/25//Logo-51332091.jpg,pv.snec.org.cn/api/getInviteCompanyList,2026
巨弘包装材料（江苏）有限公司,"Juhong Packing Materials Jiangsu Co.,Ltd",,,,d766f69f-cd01-401f-a62f-10c8c7b6dc97,847c2548-43ec-4421-8447-b58587188302,,//download.snec.org.cn/SNEC/article/2025/05/28//QQ_1748400115703-91000943.png,pv.snec.org.cn/api/getInviteCompanyList,2026
杭州施福宁能源科技有限公司,HANGZHOU SCHFONY ENERGY TECHNOLOGY CO.，LTO,,,,6818976c-b31c-4bc2-8b41-3cf6f2587404,81c599d4-c0e5-4619-a411-d20b33fcccb6,ab1dc78d-ba12-4cb6-9309-c52b1de69050,//download.snec.org.cn/SNEC/article/2023/09/22//竖版组合（蓝）-54353107.png,pv.snec.org.cn/api/getInviteCompanyList,2026
杭州驰飞超声波设备有限公司,Cheersonic Ultrasonic Equipment Co. LTD,,,,4f284606-5bda-4a8f-bbe5-ed6d0ce70763,e99fdb0f-3315-41b0-b8b1-ad4d305750d0,ea6a8f0a-3f97-4bed-85fe-7a352fe3111f,//download.snec.org.cn/SNEC/article/2022/10/11//CHEEVI新转曲_03(1)-27228334.png,pv.snec.org.cn/api/getInviteCompanyList,2026
常州瑞赛环保科技有限公司,"Changzhou Ruisai Environmental Technology Co., Ltd.",,,,3a284631-2dfa-4a5d-88be-3deed4fc4c0e,101077b7-d7f6-4a43-abf9-1292addb163a,b0aedef9-1cde-4115-ac28-1186d6a102d6,//download.snec.org.cn/SNEC/article/2024/01/24//瑞赛环保Logo-13973429.png,pv.snec.org.cn/api/getInviteCompanyList,2026
中国质量认证中心,CHINA QUALITY CERTIFICATION CENTRE,,,,0f95173d-09c6-49af-9e81-430800831ac1,8bc35e93-5b60-490a-a75c-bcc4c02c9ac8,3c46d22f-c010-47a0-a240-6867add675d4,//download.snec.org.cn/SNEC/article/2022/09/20//88524810.png,pv.snec.org.cn/api/getInviteCompanyList,2026
宁波开博线缆有限公司,"NINGBO KIBOR WIRE & CABLE CO.,LTD.",,,,ce000b72-4067-476c-9a77-858adb32b8fb,2e16f626-8162-454a-992e-57e7b91deed0,,//download.snec.org.cn/SNEC/article/2025/05/28//开博logo-16834590.png,pv.snec.org.cn/api/getInviteCompanyList,2026
浙江铭高电气有限公司,"Zhejiang Minggao Electric Co., Ltd",,,,b08ca056-baf5-466a-b9dc-5ffbec3acca7,3d96754c-a92a-4c94-8944-011a91972f51,fbf89959-8c2b-4ff0-900a-82fd55049a8b,//download.snec.org.cn/SNEC/article/2024/03/22//0e27c03daeba4c0d3fb35974803be1f-16587430.png,pv.snec.org.cn/api/getInviteCompanyList,2026
浙江宁海旗滨新能源管理有限公司,ZhejiangNinghai Kibing New Energy Management Co.，Ltd.,,,,01950a89-342a-4763-bfff-254005616a8b,f32536f8-f32c-465c-b6d4-75e114337760,3b8ed83c-64e2-49b9-99ae-7b5a4ebffd92,//download.snec.org.cn/SNEC/img/2024/02/29//画板 2-83614679.png,pv.snec.org.cn/api/getInviteCompanyList,2026
江阴慧昊金属材料有限公司,"Jiangyin Huihao Metal Material Co., Ltd.",,,,0c7a3d58-e624-4ec3-af19-372456b25ad2,dcdfe282-d885-471b-b5d7-e5b9c790eea3,6700c062-985f-4bc4-a436-4c6032d2292e,//download.snec.org.cn/SNEC/article/2023/09/26//慧昊1-18412970.png,pv.snec.org.cn/api/getInviteCompanyList,2026
江苏中鲲智能装备有限公司,"Jiangsu ZONKUN Intelligent Equipment Co., Ltd",,,,0182fec8-3414-474f-82c2-588f1ed63c2a,5d3c64ec-cd16-4c73-b6b0-6f23cc4a41bd,2c696fc3-447e-46c1-9393-37f1ca6a28d1,//download.snec.org.cn/SNEC/article/2023/09/04//logo-01-08193262.png,pv.snec.org.cn/api/getInviteCompanyList,2026
三友联众集团股份有限公司,Sanyou Corporation Limited,,,,4066fb27-feb3-4788-be13-5d7a40d9567a,170243a5-1ac3-4ee3-b444-8ba4f9eaaacc,71551a74-6b68-48ff-bb46-13d0142ec863,//download.snec.org.cn/SNEC/img/2025/04/24//三友联众新LOGO(2)-81183502.png,pv.snec.org.cn/api/getInviteCompanyList,2026
浙江盛锋流体设备有限公司,"Zhejiang ShengFeng Liquid Equipment Co., Ltd.",,,,dab15875-7571-4c8d-adb0-5b373d692245,f2b80456-9236-4bef-9ce7-923ee025a43e,5228a712-d202-48b7-81be-7e711ad8ba3a,//download.snec.org.cn/SNEC/article/2023/09/25//Logo盛锋流体白底-66402467.png,pv.snec.org.cn/api/getInviteCompanyList,2026
无锡市亨易隆科技有限公司,"WUXI HENGYILONG TECHNOLOGY CO.,LTD.",,,,fdbcdfaa-0e5b-4933-89c5-5dd6cd624121,81a3b822-c54b-4aaf-8cd8-1b7ee58fc7f1,,//download.snec.org.cn/SNEC/article/2025/05/27//111-28239494.png,pv.snec.org.cn/api/getInviteCompanyList,2026
乐创能源,LEGEND ENERGY,,,,ef9ddbf8-4000-450b-9f55-7dae6ae6df90,85bc11a1-c207-4efd-bd1b-76b261938f25,2de3fd39-d974-417f-badf-fad7099d1a84,//download.snec.org.cn/SNEC/article/2024/05/28//WechatIMG445-56415486.png,pv.snec.org.cn/api/getInviteCompanyList,2026
深圳市华荣发电子测试有限公司,,,,,debb8c3c-324f-4b27-ad56-8651ccf8f708,96f09d80-bc6f-4de8-8f8b-e477416e2752,34aa9674-ff7f-4b60-84c2-952ecd574c8c,//download.snec.org.cn/SNEC/img/2025/05/07//LOGO简体-26278154.png,pv.snec.org.cn/api/getInviteCompanyList,2026
苏州晶银新材料科技有限公司,"Suzhou iSilver Materials Co.,Ltd.",,,,3ede0ca5-6756-4991-a893-05820b03cfc0,01f2ebb0-6607-463b-9c8e-3d2ed0e99a17,dfed7f0d-1641-4c98-9d06-745deef8c5da,//download.snec.org.cn/SNEC/img/featureImg-1619506978094.png,pv.snec.org.cn/api/getInviteCompanyList,2026
苏州晟成光伏设备有限公司,"Suzhou Shengcheng Solar Equipment Co., Ltd.",,,,0c909f73-1244-4f5a-ae00-6dd6ad89c97e,748a48b5-7d25-41db-bdc9-7fee773e5533,7102d58b-95a3-4b61-87d9-a51b9b649df8,//download.snec.org.cn/SNEC/article/2024/04/03//未标题-1_画板 1-75522929.png,pv.snec.org.cn/api/getInviteCompanyList,2026
深圳瑞能新动力科技有限公司  ,Repower Times Technology,,,,23a56423-99b9-40a2-9710-d5b2b5cb9699,4e1b2d1a-2cdb-487d-9347-5830479e9ac7,184c6ac3-226b-49f4-8ec7-37d25393463d,//download.snec.org.cn/SNEC/img/2025/04/21//logo-67924399.jpg,pv.snec.org.cn/api/getInviteCompanyList,2026
宁波市智惠升智能装备有限公司,"Ningbo Zhihuisheng Intelligent Equipment Co., Ltd",,,,2e08d2f1-fec5-4ac9-82f2-434c20bc89d5,90e5c649-04ab-4791-9af5-04be6337a130,,//download.snec.org.cn/SNEC/article/2025/05/28//QQ_1748418684004-42608983.png,pv.snec.org.cn/api/getInviteCompanyList,2026
常州海诚复合材料有限公司,"Changzhou Haicheng Composite Materials Co.,Ltd",,,,61e2ac78-47a5-42a6-ae0f-26ad97ac8067,f28c87df-f0a4-4bb6-a00c-4c9c4f38de7f,11488635-7e0d-4f73-b6c5-0240e79071eb,"https://download.snec.org.cn/SNEC/article/2025/05/29//常州海诚复合材料有限公司Changzhou Haicheng Composite Materials Co.,Ltd-60177948.jpg",pv.snec.org.cn/api/getInviteCompanyList,2026
安徽旭合新能源科技有限公司,"Anhui SolarPlus New Energy Technology Co.,Ltd",,,,6d95068d-cb60-4eeb-8a50-aa9f10300d39,9c120c62-581a-45f6-a9f8-5c73873377d7,753320a1-03bd-4759-88b9-67a1dc52abdc,//download.snec.org.cn/SNEC/img/2024/04/11//logo-全-15114556.jpg,pv.snec.org.cn/api/getInviteCompanyList,2026
大连莫斯科技有限公司,"DalianMossTechnologyCo.,Ltd.",,,,248c40ec-0f88-48a5-a44c-f56daf6b6f1a,a7b9be9c-7a3c-48d2-a4e1-f829470ab30d,b61aa267-35a6-428e-b37c-809fc628b015,//download.snec.org.cn/SNEC/img/2024/04/18//1681804251076-29583912.jpg,pv.snec.org.cn/api/getInviteCompanyList,2026
上海视界纵横智能科技有限公司  ,"Shanghai Shijie Intelligent Tech Co. , Ltd. ",,,,f13d8455-5291-4207-a84b-cba5022b6184,d274fcb5-5329-4be1-b759-297f3a850a41,257806ec-d332-4321-944c-e4b5c378edb1,//download.snec.org.cn/SNEC/article/2022/10/31//2216-22360855.jpg,pv.snec.org.cn/api/getInviteCompanyList,2026
苏州易能特电气科技有限公司,"Suzhou ENENGTE Electrical Technology Co.,Ltd",,,,5b37666c-8074-47e8-b3a7-f40793243b0e,895262fd-ee8c-4234-a28c-2902c23a8b6d,,//download.snec.org.cn/SNEC/article/2025/05/24//A7}]6VLU7B6LT78_DRN1D@G-75317680.png,pv.snec.org.cn/api/getInviteCompanyList,2026
奥斯米（宁波）智能光伏有限公司,AOSIMI(NINGBO)INTELLIGENT PHOTOVOLTAIC.Co.Ltd,,,,70f95011-2bb8-4983-9d66-540ca01525ef,295dbc06-29a0-4633-891c-864d3bd14fe8,fae39cf6-deab-493a-8b53-a737946e6248,//download.snec.org.cn/SNEC/img/2025/02/20//WechatIMG1635-29609545.jpg,pv.snec.org.cn/api/getInviteCompanyList,2026
北京汇能精电科技股份有限公司,"BEIJING EPSOLAR TECHNOLOGY CO.,LTD",,,,6d9e339b-b819-4e9d-a16f-02861c4ae863,c274424f-f72e-49b2-b0f7-17526aa5623c,0b5cef45-a6a7-44fd-8bc5-5c75c8b5ef9d,//download.snec.org.cn/SNEC/img/2024/05/07//中文logo-蓝-34074556.png,pv.snec.org.cn/api/getInviteCompanyList,2026
温州市安格进出口有限公司,"WENZHOU ONKAK IMPEX CO., LTD",,,,b3d393a3-97ca-4b3f-bd3f-dcf7ea6921ee,6b1ac329-15c4-4b05-973b-53d96e1c7f2e,91623d92-a9a4-4294-bc0a-9e91b8386623,//download.snec.org.cn/SNEC/img/2025/04/24//LOGO-28954290.jpg,pv.snec.org.cn/api/getInviteCompanyList,2026
浙江精诚模具机械有限公司,ZHEJIANG JINGCHENG MOLD MACHINERY CO.LTD,,,,b95d2d26-ea0f-405b-922a-b171951f0643,50b20c6c-7c2c-45f7-9443-dc1d0e59f32b,be5fc6fa-5fe6-432e-8f5b-a224f0af2b1d,//download.snec.org.cn/SNEC/img/2025/04/21//JCTIMES+图标+精诚-58797079.png,pv.snec.org.cn/api/getInviteCompanyList,2026
上海宏端精密机械有限公司,"ShangHai HongDuan Precision Machine Co.,Ltd.",,,,d9149bd8-fdf5-4555-a9a4-387221ff051b,cf9aa9f5-021c-4fa1-b2b9-0ff864206966,,//download.snec.org.cn/SNEC/article/2025/05/26//logo 小-57926632.png,pv.snec.org.cn/api/getInviteCompanyList,2026
上海顺能光电科技有限公司,"Senergy Technical Services （Shanghai） Co., Ltd.",,,,f3b9c105-a3f0-4885-9300-de084504ee7d,b5f739b4-e5f4-49a5-8821-c8f2ed81e2fe,c96c787a-a376-4dc1-8498-6f990cdabebc,//download.snec.org.cn/SNEC/img/2025/05/07//STS LOGO图片1-99685489.png,pv.snec.org.cn/api/getInviteCompanyList,2026
合肥华宇智航动力能源有限公司,"Enerlution Power Technology Co.,Ltd",,,,45a7e45f-cdfb-4707-a29d-1b123dd833d4,d8d941fd-199b-4620-9a98-caf047e480c9,f34c0966-239b-470d-9e60-a8ee8582139e,//download.snec.org.cn/SNEC/img/2025/04/21//图层-11-02-14116917.png,pv.snec.org.cn/api/getInviteCompanyList,2026
江苏君华特种高分子材料股份有限公司,"JIANGSU JUNHUA HPP CO., LTD.",,,,e840463d-c72e-4a5e-8759-ee2c707d9162,e68b3ec4-dd4c-4e02-9363-ce4818fb7d27,c324cc0e-16cc-4111-8ff0-4df041f93e0d,//download.snec.org.cn/SNEC/article/2024/04/07//君华股份LOGO-04-41501750.png,pv.snec.org.cn/api/getInviteCompanyList,2026
江苏铧德氢能源科技有限公司,"Jiangsu HuaDe Hydrogen Energy Technology Co., Ltd.",,,,897f904b-b26e-4c8e-ac0a-df589ce82e8e,3c1d9793-cd83-4a8a-87bf-c3b5c6df353d,8589f552-5cc2-4f96-b92e-871c6b992358,//download.snec.org.cn/SNEC/article/2023/09/20//LOGO 上下-88794255.png,pv.snec.org.cn/api/getInviteCompanyList,2026
昆山西门康电子电气有限公司,"KUNSHAN XIMENKAN ELECTRONIC&ELECTRIC CO.,LTD",,,,85350039-25b4-4418-ab55-9808ae1a3285,b1e2ada7-4b48-45cb-85a9-54cd1b338a88,fac2f8ad-9476-49e6-b0a8-217a39834a99,//download.snec.org.cn/SNEC/img/2025/04/22//1727419953361-60527531.png,pv.snec.org.cn/api/getInviteCompanyList,2026
安徽天大新能源有限公司,"ANHUI TIANDA NEW ENERGY CO.,LTD",,,,89db9842-5b13-49dd-b553-86de0bb6f44c,997e33d8-b86a-4c64-87ab-8e98c00b8533,763e427e-f520-44e2-bd6d-dc45b680d199,//download.snec.org.cn/SNEC/img/2025/04/15//tianda solar logo-84566745.png,pv.snec.org.cn/api/getInviteCompanyList,2026
力移特科,REELTECH,,,,243fee7b-5444-48ec-b67f-676d0d811c72,47ed83ed-62fc-4ddf-a948-2b9ca8ccb528,9ed55bdd-83bf-4fdc-a7dc-3f4e1691cd2c,//download.snec.org.cn/SNEC/article/2024/02/16//1708044118328-87456202.png,pv.snec.org.cn/api/getInviteCompanyList,2026
天津益兆新能源科技有限公司,,,,,a6b4e95c-b44f-4392-b0b7-d6406bcf11ba,84b65370-1b05-4b3b-9bf8-a2ad104a621d,68d9ae83-821d-426e-af3d-8f0922a64c38,//download.snec.org.cn/SNEC/img/2024/04/19//logo-84867254.jpg,pv.snec.org.cn/api/getInviteCompanyList,2026
阳光新能源开发股份有限公司,"sungrow renewables development co., ltd",,,,1c0b1bb3-dce2-4a65-a346-d1eb39f01bc7,0b728cca-b109-4159-8382-6a9b9ac86406,b019145d-436a-4bb1-910e-d454d53f4286,//download.snec.org.cn/SNEC/img/2024/04/09//阳光新能源中文版标识20221125-44578499.png,pv.snec.org.cn/api/getInviteCompanyList,2026
中山伏力沙新材料有限公司,"ZHONGSHAN FLIZA ADVANCED MATERIALS CO.,LTD",,,,a68923a4-5a61-4816-9e05-374d165503f6,23b0f7f2-0f06-494d-8f15-f56df19ebedd,75def4fd-2b48-4495-8a83-dce993c2cc20,//download.snec.org.cn/SNEC/img/2025/04/21//抬头-45692324.png,pv.snec.org.cn/api/getInviteCompanyList,2026
雪莉智能家居（深圳）有限公司,SHELLLY ASIA,,,,45098261-883c-48a5-b2a1-29a1fa6f0655,3abccf70-2dac-4ff1-ac8b-d07ea466dd79,6369dcac-754b-42cf-b903-54cb943d0c60,//download.snec.org.cn/SNEC/img/2025/03/21//Shelly 斜体logo2 -23564436.png,pv.snec.org.cn/api/getInviteCompanyList,2026
厦门海辰储能科技股份有限公司,"Xiamen Hithium Energy Storage Technology Co., Ltd.",,,,36faf9e3-16c9-4ead-9c8e-e1cd2f12872d,798d658d-9d47-4559-b35c-bdc141a916f8,d5e985d1-ee54-4eac-9553-976cb56f57c8,//download.snec.org.cn/SNEC/img/2025/04/25//logo-海辰储能（英文）-横版定案-（纯色）-08111578.png,pv.snec.org.cn/api/getInviteCompanyList,2026
上海艾九能源科技有限公司,"Shanghai Aijiu Energy Technology Co.,Ltd.",,,,82ca379e-6e2c-444f-8dc9-ef56ad109081,6dcd99ba-f805-483d-8fd7-823b102bc399,,//download.snec.org.cn/SNEC/article/2025/05/26//LOGO PNG-98033788.png,pv.snec.org.cn/api/getInviteCompanyList,2026
上海以华电气技术有限公司,"Shanghai Israel-China Electric Technology Co., Ltd",,,,9b8d3c39-f8f0-458e-a098-8db07c5763c3,21b21e77-70b8-4faf-8a9c-5c49e80deb1f,,//download.snec.org.cn/SNEC/article/2026/04/22//上海以华电气技术有限公司LOGO1-89430951.png,pv.snec.org.cn/api/getInviteCompanyList,2026
重庆璨月新材料有限公司,"Chongqing Canyue New Materials Co., Ltd",,,,e71d99fb-e31a-4267-b5fc-6812beed0123,6c180900-6c9e-40b7-955a-ea971dfeca22,,//download.snec.org.cn/SNEC/article/2025/05/28//QQ_1748401858548-44582822.png,pv.snec.org.cn/api/getInviteCompanyList,2026
辽宁国瑞新材料有限公司, ,,,,a0e43eb6-b167-4d21-b112-b7c6beaeff7e,30fd1c7e-4a08-435d-ac35-2f3e9d6add6b,e15bd3b4-d3e5-402f-b391-2c8e7d0ae96f,//download.snec.org.cn/SNEC/img/2025/04/27//ece9cfc802ca2772166eb93590cbbf7-33214231.png,pv.snec.org.cn/api/getInviteCompanyList,2026
江苏中清光伏科技有限公司,"Jiangsu Zhongqing Photovoltaic Technology Co., Ltd ",,,,feb6aa91-6361-4908-8c54-6321e19ac335,22ca1304-cc98-4252-89de-9aa120b7d54b,be2e8145-9781-45f3-9acc-3605fbe7504c,//download.snec.org.cn/SNEC/img/2024/05/13//中清光伏logo黑色-59233540.png,pv.snec.org.cn/api/getInviteCompanyList,2026
上海电气电站集团,Shanghai Electric Power Generation Group,,,,af2b11f1-16bd-4272-987e-3896b32b31d1,2be20eda-5775-4fa5-9957-0d9de6c16739,8a7223d6-83d3-45b3-8f53-2c970d61f13c,https://download.snec.org.cn/SNEC/article/2023/05/16//原色 上海电气LOGO-44336308.jpg,pv.snec.org.cn/api/getInviteCompanyList,2026
合创检测（江苏有限公司）,"Hechuang Testing（Jiangsu）Co.,LTD",,,,8bd9ef0d-d547-4006-ab0f-5d0689d8b812,076fe3d3-cff5-490e-a872-333f2f75af54,,//download.snec.org.cn/SNEC/article/2025/06/03//微信图片_20250603091927-16863396.png,pv.snec.org.cn/api/getInviteCompanyList,2026
苏州黑盾环境股份有限公司,"Suzhou BlackShields Environment Co., Ltd.",,,,c45829ff-794e-484a-afd7-5437216f6f18,2761f192-9b9b-43ea-9d13-fd0ad0e384b3,7d4eab01-c2c9-436b-bd88-c054bc36f1bc,https://download.snec.org.cn/SNEC/article/2023/05/08//Blackshields黑盾LOGO-58578084.jpg,pv.snec.org.cn/api/getInviteCompanyList,2026
广东绿达新能源有限公司,"Guangdong LVTOPSUN New Energy Co.,Ltd",,,,07af0c2b-65a2-42ac-95ac-2c1dbeffb0d8,f786ee2c-e735-42fc-ae26-4f51aefe2512,ac7cdfa3-67c9-44e3-b4de-591c19ab5690,//download.snec.org.cn/SNEC/img/2025/05/08//LVTOPSUN1-70600753.jpg,pv.snec.org.cn/api/getInviteCompanyList,2026
民电电气有限公司,"Mindian Electric Co., Ltd.",,,,a385943c-6663-4664-a419-e30ca461cc04,408141f1-1e2c-4646-bf32-31bfba6182f3,37b03b55-b0a4-44df-a9ed-51e52666d608,https://download.snec.org.cn/SNEC/article/2023/05/08//170-70-32078014.jpg,pv.snec.org.cn/api/getInviteCompanyList,2026
武汉爱疆科技有限公司,"Wuhan Aijinag Technology Co.,ltd",,,,0b690eda-82ab-48c0-bdb5-5d26419fad8c,f8173e7d-d034-4a0a-af9f-068f09574f6a,1e25abb8-56a9-4a29-85b5-f7f5f0d1fa55,//download.snec.org.cn/SNEC/img/2024/04/12//爱疆科技logo新  带R标  抠图-92860006.png,pv.snec.org.cn/api/getInviteCompanyList,2026
浙江爱旭太阳能科技有限公司,"Zhejiang Aikosolar Energy Technology Co., Ltd. ",,,,12d670dc-9fd5-4196-aba1-dc6fa9c5eb12,710f2ed7-18b7-4257-b876-a5d8ad35fc8d,261f7958-6a08-41c4-931e-54ec03b7a526,//download.snec.org.cn/SNEC/img/2025/04/25//01 爱旭中英文标识_RGB-中国市场使用-39375333.png,pv.snec.org.cn/api/getInviteCompanyList,2026
杭州芯博士网络科技有限公司,SIMBOSS,,,,1326c8cd-a48c-4d66-a504-cb726fb1f659,7b95f8d5-2a69-48f1-a6b4-22828a95aa89,215c03c1-1c1f-4ffc-95a3-e0f3a21b2b20,//download.snec.org.cn/SNEC/img/2024/04/19//simboss精细化标志_标准标志透明底-05234023.png,pv.snec.org.cn/api/getInviteCompanyList,2026
江阴凯迈机械有限公司,"Jiangyin Kinematics Manufacturing Co.,LTD.",,,,1557a551-df4a-46a1-bfd8-373403c21063,98c588ef-eb4c-4f49-8a75-c9cab0ace0ec,,//download.snec.org.cn/SNEC/article/2025/05/28//Kinematics_GRAY_PNG-27004344.png,pv.snec.org.cn/api/getInviteCompanyList,2026
浙江国辰智检科技有限公司 | 浙江智能机器人研究院,"ZHEJIANG GCIS VISION TECHNOLOGY CO., LTD. | ZHEJIANG INTELLIGENT ROBOT RESEARCH INSTITUTE",,,,6f626e21-e296-4a5f-8f1d-a95678dcd8e1,eb540d8d-cd8b-44ca-ade0-53a227b34907,edfbf15e-a295-43b9-83a3-ac176475d169,//download.snec.org.cn/SNEC/article/2024/01/10//国辰智检LOGO-06845859.jpg,pv.snec.org.cn/api/getInviteCompanyList,2026
济南龙麦新能源有限公司,"Jinan Longmai New Energy Co., LTD",,,,6026e03c-1ef7-44cc-8656-08868696874f,fd63239f-d047-4b97-98e4-6d893fddf593,,//download.snec.org.cn/SNEC/article/2026/04/14//龙麦-95814288.png,pv.snec.org.cn/api/getInviteCompanyList,2026
上海鹏骞传动设备有限公司,"Shanghai Pengqian Equipment Transmission Co., Ltd.",,,,4e352b7d-ed1a-4a40-854a-a029d6a35459,235162b9-fc02-4167-8390-f887b4ad6743,ade6078f-c487-4d4f-b403-fa79e0385af8,//download.snec.org.cn/SNEC/img/2025/04/30//鹏骞 LOGO-07976165.png,pv.snec.org.cn/api/getInviteCompanyList,2026
秦皇岛凯伏澜新能源科技有限公司,"Qinhuangdao Cafland New Energy Technology Co., Ltd.",,,,ca5d33b1-a400-441b-aad6-8283f0fad288,701d444d-a38f-4ace-8eaa-c499ad2cca47,4f7370f5-5eb2-4878-a777-dcafc1b24d0a,https://download.snec.org.cn/SNEC/article/2023/05/08//凯伏澜logo-45625244.png,pv.snec.org.cn/api/getInviteCompanyList,2026
福禄克测试仪器（上海）有限公司,Fluke (Shanghai) Corporation,,,,7b4264c6-dffc-4c35-8f8e-90a223bcf781,20988aa3-6818-40e8-b6e0-9dec574612c5,71816be6-50d6-484c-bcfa-3b57094ecea7,//download.snec.org.cn/SNEC/img/2024/05/15//Flk_3_CMYK_NB-93279233.jpg,pv.snec.org.cn/api/getInviteCompanyList,2026
泰兴航空光电技术有限公司,"Taixing Aviation Optoelectronic Technology Co., Ltd.	",,,,15892953-ba36-4db6-91e2-154c118221a6,ef7a5d9b-7e53-496f-8747-c98e8173d162,7ade36c1-1e86-4950-83fe-fbc239460f4a,//download.snec.org.cn/SNEC/img/2025/05/22//泰兴logo2 (1)-41867914.png,pv.snec.org.cn/api/getInviteCompanyList,2026
南京中汇电气科技有限公司,"Nanjing Zhonghui Electrical Technology Co.,Ltd.",,,,904aa28b-84cf-44fc-8884-6ad588bd108a,ef2acc35-38e9-4f38-b6fc-1d7acb3322b4,63597ab5-3306-4e66-8003-201a206a8dc3,//download.snec.org.cn/SNEC/img/2025/04/28//南京中汇电气--通用LOGO-02371931.png,pv.snec.org.cn/api/getInviteCompanyList,2026
安翼陶基复合材料(常州)有限公司,Auwin CMC(Changzhou)Ltd.,,,,99824505-9623-47ab-9364-18fd6488a39f,38427f4e-a5b4-4595-aa54-53b2cb0a3065,3cc96c74-e0c3-45f0-816a-0fcde20b2c0d,//download.snec.org.cn/SNEC/img/2025/05/07//AUWINCMC-19305087.png,pv.snec.org.cn/api/getInviteCompanyList,2026
安徽科睿鑫新材料有限公司,"Anhui KRX New Materials Co.,Ltd",,,,a63f32f5-98b1-483c-843f-75574187993c,31110412-b270-489a-809a-1ad24ff2d61d,e767a785-886d-4e3e-aed9-12d996dbe517,//download.snec.org.cn/SNEC/img/2025/05/12//科瑞鑫LOGO-10165879.png,pv.snec.org.cn/api/getInviteCompanyList,2026
深圳市荃亮新能源有限公司,"Shenzhen Global Bright New Energy Co.,Ltd",,,,6bf126ab-558e-45f3-8abd-85e6fe194f77,b9eba76f-6328-4520-b102-23d6b546cc1f,81d6efb0-74cf-48ec-98fa-23110b398dfa,//download.snec.org.cn/SNEC/img/2025/03/11//logo荃亮定稿-02919326.png,pv.snec.org.cn/api/getInviteCompanyList,2026
横河测量技术（上海）有限公司,"Yokogawa Test & Measurement (Shanghai) Co.,Ltd.",,,,9bd8087d-259b-4ff2-b9ab-6bb93c7dbd32,2a42ebc0-a54b-42d5-8a8a-882d986a7579,13871112-25cd-4e00-a419-2eff43e1eb1f,//download.snec.org.cn/SNEC/article/2023/10/09//资源 2-97870205.png,pv.snec.org.cn/api/getInviteCompanyList,2026
广东先导元创精密科技有限公司,Guangdong Vital OricraftPrecision Technology Co.，Ltd.,,,,2c8e70c6-68d4-417b-b92f-11126991e4f9,bed78694-ad83-4116-8e30-331e7c14c51f,,//download.snec.org.cn/SNEC/article/2026/04/14//logo_01-30978097.png,pv.snec.org.cn/api/getInviteCompanyList,2026
上海进申工贸有限公司,"SHANGHAI JINSHEN INDUSTRY & TRADING CO., LTD.",,,,14bc5f16-d658-446c-9cbc-8ccf7b52c3b9,beecae6d-3df9-47ef-bc01-ef7cb2029f56,e039c8f6-6dba-483f-b48b-193c8848bfdf,//download.snec.org.cn/SNEC/article/2023/09/15//进申logo-55523085.png,pv.snec.org.cn/api/getInviteCompanyList,2026
宁波尚唯斯智能科技有限公司,"NINGBO SUNWAYS TECHNOLOGIES CO.,LTD.",,,,c0f0b183-ea15-4d10-8856-408256c301f4,69ad7f3b-2d2c-496c-ae75-e42aedffecf9,2876b502-55f7-4c2b-a59f-452cc517fd29,//download.snec.org.cn/SNEC/article/2023/10/12//sunways 中文logo-53366447.png,pv.snec.org.cn/api/getInviteCompanyList,2026
广东佛山金刚企业集团,"FCRI FROUP CO.,LTD.",,,,649f52b1-ab49-4ebb-b052-24d7f70ec5b7,d36cac69-0f62-497c-ad5b-cdaa5a2d3888,,//download.snec.org.cn/SNEC/article/2025/05/28//QQ_1748401975565-94712583.png,pv.snec.org.cn/api/getInviteCompanyList,2026
派辰新能源科技（丽水市）有限公司,"Paichen New Energy Technology (Lishui City) Co., Ltd",,,,6872b10d-429b-4938-8e8d-836a798c0b15,5108818c-5dc0-426b-ab24-ca9b5eeb1531,b58261c5-de9d-425c-953a-66c695197bb4,//download.snec.org.cn/SNEC/article/2023/10/11//lg-51219752.jpg,pv.snec.org.cn/api/getInviteCompanyList,2026
海姆光伏设备科技有限公司,halm elektronik gmbh,,,,cbabb58e-7e70-4150-b0bd-b78106974996,b4fe00ee-3f0e-4bdf-b413-3e8319e2daf0,34cdcb0c-05d4-47a2-88c1-1ccc2088b062,https://download.snec.org.cn/SNEC/article/2025/05/29//海姆HALM-33696785.png,pv.snec.org.cn/api/getInviteCompanyList,2026
宁波生久科技有限公司,"Ningbo Shengjiu Technology Co., Ltd",,,,05882413-0a0c-493f-a75b-b89703415a45,d3c659b9-bcc9-4867-8e41-51c6fc741979,,//download.snec.org.cn/SNEC/article/2026/04/22//资源 1-1-46351335.png,pv.snec.org.cn/api/getInviteCompanyList,2026
北京吉瑞普管道技术有限公司,,,,,3f1e92eb-5f53-4b96-8353-1bfa22396d8b,771d7704-356c-4dfd-ae87-c677031cb6f3,5c06273d-14e0-4769-9bdf-1d305bae7767,//download.snec.org.cn/SNEC/img/2025/04/28//450cd8a53c3795c5372aa369ee43cae-47648716.png,pv.snec.org.cn/api/getInviteCompanyList,2026
无锡博而远智能装备有限公司, ,,,,24fe1ddc-1929-4838-afff-bcc396317d92,b64ab8ae-a367-45a5-a0c3-78f794e6184f,d6614c74-11e4-4f34-a042-aabe3243b55a,//download.snec.org.cn/SNEC/img/2025/05/07//logo-96186614.png,pv.snec.org.cn/api/getInviteCompanyList,2026
上海雷卯电子科技有限公司,"ShanghaiLeiditech Electronic Technology Co., Ltd.",,,,13b9c0ca-cf85-4003-a90b-5d90270207c8,1792e333-ba7d-4952-8383-79d2a4e2119d,79c6eb4a-86b0-4e5d-ab50-5a1e399045e4,//download.snec.org.cn/SNEC/img/2025/05/22//雷卯电子-02-92067111.jpg,pv.snec.org.cn/api/getInviteCompanyList,2026
华碧光能科技（苏州）有限公司,"FAB SOLAR Technology (Suzhou) Co., Ltd.",,,,dd84cc05-0c63-4df2-a8af-8f053ddbef9a,c5475dd0-e47d-460d-aff9-574ca86ea2a1,79d14bf4-9f62-4e30-b8f4-28a235cbe7c6,//download.snec.org.cn/SNEC/img/2025/04/23//华碧光能LOGO-04-04-85479733.png,pv.snec.org.cn/api/getInviteCompanyList,2026
广东西力电源有限公司,"SEALEAD POWER（GUANGDONG）CO.,LTD ",,,,a397454a-201c-4f0f-b15f-8b7280f13757,ffb32354-81af-4352-88b6-4f710bcfcf67,3b577715-1688-4e9d-8811-73332076e078,//download.snec.org.cn/SNEC/img/2025/05/07//c8638909e48e2601f48f74dd1cc9d33-51674137.jpg,pv.snec.org.cn/api/getInviteCompanyList,2026
河北津川线缆有限公司,"Hebei Jinchuan Cable Co., Ltd.",,,,761d3e0e-cfae-40f8-99fe-c9a8e57edc9d,14e6081a-00a9-42cc-af5f-5ac31856ea33,556ba374-16ee-467f-b2d8-75dd786758e2,//download.snec.org.cn/SNEC/article/2024/04/03//8596c43bb4c8814ef20162e923ecd8f_png-66781285.png,pv.snec.org.cn/api/getInviteCompanyList,2026
广州鹏辉储能科技有限公司,"Guangzhou Great Power Energy & Technology CO., LTD.",,,,e06893c9-b08c-4568-83ea-2fb41004e3ad,3fb80205-c88d-47a8-864d-0c9c28829ad5,3bfa3343-5779-4c51-b4cc-c0c2d040f7d5,//download.snec.org.cn/SNEC/img/2025/04/23//鹏辉-43847285-40400873.png,pv.snec.org.cn/api/getInviteCompanyList,2026
深圳市中科源电子有限公司," Shenzhen CPET Electronics Co., Ltd.",,,,541195ab-ed07-4ace-bcff-02e1e0e93bff,4a700698-7b35-4b0f-bdbb-41088987e14d,,//download.snec.org.cn/SNEC/article/2025/05/28//QQ_1748419239614-98482424.png,pv.snec.org.cn/api/getInviteCompanyList,2026
西安超码科技有限公司,"Xi`an Chaoma Technology Co.,Ltd",,,,e4232465-5ddc-49dd-b5bc-4451b8927911,2a9dc666-a22d-4332-b48a-c4e591cc3d65,,//download.snec.org.cn/SNEC/article/2025/05/23//b7b23e34e5453c6ed2d99fbb16b503d-09251731.png,pv.snec.org.cn/api/getInviteCompanyList,2026
河北沃欧新能源科技有限公司,"HEBEI WORLD ENERGY TECHNOLOGY CO.,LTD.",,,,14371294-1626-4e1c-8f2d-627d9ff92b34,6dd9b1ed-1276-44df-a4da-fbd1a943d5b3,7a3204b3-b4ef-48f7-b46f-092114f97e00,https://download.snec.org.cn/SNEC/article/2025/05/29//沃欧-07048444.png,pv.snec.org.cn/api/getInviteCompanyList,2026
科讯工业制造(深圳)有限公司,"Koscn Industrial Manufacturing（Shenzhen）Co.,Ltd.",,,,06be2885-b3b1-49c6-b908-efc87ffba3a1,445438ed-6b93-4769-ae91-55b7dd9b770c,f4b21df2-5021-489d-b5c9-5c51f344e703,//download.snec.org.cn/SNEC/img/2023/03/22//科讯LOGO-70142801.png,pv.snec.org.cn/api/getInviteCompanyList,2026
河北永上电缆集团有限公司,"Hebei  Yongshang  Cable  Group  Co.,Ltd",,,,aba2ee7b-5f04-4510-898c-61c76cfa4a49,f18d7bc1-dad1-4786-ba36-57245f8bea24,bec28088-2ba6-4bcb-8e45-0403f5042125,//download.snec.org.cn/SNEC/img/2025/04/29//图片1-07377346.png,pv.snec.org.cn/api/getInviteCompanyList,2026
先控捷联电气股份有限公司,"SICON Chat Union Electric Co., Ltd.",,,,bef555bf-bbc0-44dc-b6e9-31d631f6b282,c04fbbba-481a-49bf-9858-b1356cda3da0,,//download.snec.org.cn/SNEC/article/2024/05/15//微信图片_20231227100840-32532092.png,pv.snec.org.cn/api/getInviteCompanyList,2026
湖北亿钧耀能新材股份公司,"Jinzhou Nengyao New Material Co.,LTD",,,,c5bd8267-b147-4a99-b1d5-28dd1f090e62,94bb4773-0355-4067-8973-2a711d434068,64a1c371-f704-44a9-8ade-bedaf3240d2d,//download.snec.org.cn/SNEC/img/2024/05/09//公司logo-59030964.png,pv.snec.org.cn/api/getInviteCompanyList,2026
小微（浙江）电气有限公司,,,,,e5d5d6b9-3da9-4179-a150-59d0a971d8bf,5f3843dc-7feb-4f98-8605-c302fb91539e,fd63d154-cf8c-4632-a0d7-2f9ffa43d0a1,//download.snec.org.cn/SNEC/img/2023/02/14//3000-39101049.png,pv.snec.org.cn/api/getInviteCompanyList,2026
六和电子（江西）有限公司,"NISTRONICS(JIANGXI)CO.,LTD",,,,b2333326-5082-4012-88ac-8d46dc9b4a83,5b89f8dc-12cf-465c-9eae-81c7cda4fb7d,4263d6bf-c5e6-4271-8b33-6aebd4859c40,//download.snec.org.cn/SNEC/img/2024/05/24//图片1-31306588.jpg,pv.snec.org.cn/api/getInviteCompanyList,2026
瓦里能源有限公司 Wǎ lǐ néngyuán yǒuxiàn gōngsī,WAAREE ENERGIES LTD,,,,f305d9e2-9acb-4218-839b-abb8804a5633,6ae7fe66-e201-476f-9a6e-6fd1bbf8d142,97fd664b-c20e-452f-b56e-506013a3a90c,//download.snec.org.cn/SNEC/article/2024/01/05//Waaree logo SMALL-46369174.jpg,pv.snec.org.cn/api/getInviteCompanyList,2026
天津钢涵利新能源科技有限公司,ganghanli solar technology,,,,1b29b265-0ddc-49b1-abbc-d41dff6e68ac,939a8c72-1793-4ca1-8f79-6b114ac730e8,,//download.snec.org.cn/SNEC/img/2025/05/07//钢涵利 LOGO微信图片_20250507151507-01970144.jpg,pv.snec.org.cn/api/getInviteCompanyList,2026
郑州伯利森新材料科技有限公司,"Zhengzhou Polis New Material Scientific Tecnical Co.,Ltd.",,,,99c6b3d2-840c-4f0a-b8c2-425055489276,c4f6973f-f9a6-4cb4-80c8-616873d5b432,,//download.snec.org.cn/SNEC/article/2025/05/28//红色logo-95241638.png,pv.snec.org.cn/api/getInviteCompanyList,2026
秦皇岛中晟太阳能科技有限公司,"QINHUANGDAO ZENITHSOLAR TECHNOLOGICAL CO.,LTD.",,,,66866f3d-8ed3-49a9-bf5c-f51b2c15faba,0de9b4c8-f035-4d92-83be-67e70e037404,742fc66b-f2e1-4eca-a480-17eacdae4f89,https://download.snec.org.cn/SNEC/article/2023/05/09//LOGO-170-70-SNEC-05111763.jpg,pv.snec.org.cn/api/getInviteCompanyList,2026
上海昱振智能科技有限公司,"Shanghai Yuzhen Intelligent Technology Co., Ltd.",,,,b43e2071-960e-42a2-912c-496081287c3a,144d916c-e0b8-427e-bf15-b1340adfb8ac,,//download.snec.org.cn/SNEC/article/2025/05/23//屏幕截图 2025-05-23 161740(1)-21923497.png,pv.snec.org.cn/api/getInviteCompanyList,2026
南通金韦尔智能装备有限公司,GWELL,,,,76eacf4e-56b4-41ff-9818-c2dc7b061729,f71f754a-d552-4b19-b11e-fb69d6b28ac3,84db03b3-a6fd-4d0c-8d54-c6dcfd9f6ce1,//download.snec.org.cn/SNEC/article/2023/10/14//8e652bc5b88c882585fd65ec4890aa71-19645750.jpeg,pv.snec.org.cn/api/getInviteCompanyList,2026
深圳市盛弘电气股份有限公司,"Sinexcel Electric Co.,Ltd",,,,a71b0f38-51ac-4651-986c-5f34038680a3,fbb3e43d-3af2-4922-a818-f36b9b47b634,6d6a0e9a-5d10-4164-887c-4ee91479a47e,//download.snec.org.cn/SNEC/img/2024/04/28//竖版-83996840.png,pv.snec.org.cn/api/getInviteCompanyList,2026
德凯达（上海）投资有限公司,"DEKRA (Shanghai) Investment Co., Ltd.",,,,c97253e7-9860-4d87-9d32-bc071053a16b,e0fe5726-4704-422e-b54a-6c4bdacd5d1e,715528b0-592f-4999-b0c2-b1c4c8158804,//download.snec.org.cn/SNEC/img/2023/04/24//DEKRA_Logo-Sekundaer-Horizontal-Transparent-Gruen-RGB_1-75829938.jpg,pv.snec.org.cn/api/getInviteCompanyList,2026
深圳市迪晟能源技术有限公司,"Shengzheng Desun Solar Technology Co.,Ltd",,,,dae2f8a9-854c-493b-b704-0c730ba95626,b546bd0a-9df0-4796-ac3a-9130cb5ba3e2,84fe7ebe-90b2-4479-84a8-8c1dccb8db0f,//download.snec.org.cn/SNEC/img/2025/05/07//22a5a186d1be4d18a9e763003ee54e9-73153253.png,pv.snec.org.cn/api/getInviteCompanyList,2026
浙江安富新能源科技股份有限公司,"ZHEJIANG ANFU NEW ENERGY TECHNOLOGY CO.,LTD",,,,9bf878b3-2e0d-45e4-a9be-783f6af94419,13e9d332-28e5-4f2c-ac11-0bc98fd0c235,de709992-530d-4535-bd46-1d5ec459aa3b,//download.snec.org.cn/SNEC/img/2025/05/07//logo-56360297.png,pv.snec.org.cn/api/getInviteCompanyList,2026
阿特斯阳光电力集团股份有限公司,"CSI Solar Co.,Ltd.",,,,d83d0f71-0e45-48ba-bb58-b085b2ccdcd3,8535d547-192d-488c-b301-46880e18f02a,1ea8482d-c569-4648-a711-0d32199d083e,//download.snec.org.cn/SNEC/img/2025/04/23//阿特斯中文logo_画板 1-43564199.jpg,pv.snec.org.cn/api/getInviteCompanyList,2026
上海银浆科技有限公司,"SHANGHAI SILVER PASTE SCIENCE AND TECHNOLOGY CO., LTD.",,,,b6a72756-f489-4d86-8a31-4cf07c84b4ee,6d29de46-168a-4df6-ba99-aec1b79e77d5,,//download.snec.org.cn/SNEC/article/2025/05/23//银浆LOGO-95749263.png,pv.snec.org.cn/api/getInviteCompanyList,2026
浙江恒欣设计集团股份有限公安徽分公司,"Zhejiang Hengxin Design Group Co., Ltd. Anhui Branch",,,,898bc337-a3df-494d-beff-36863b403860,f63f36c1-077a-4c89-8334-f0ec8b804d88,,//download.snec.org.cn/SNEC/article/2025/05/23//3-23050997.png,pv.snec.org.cn/api/getInviteCompanyList,2026
罗博特科智能科技股份有限公司,"ROBOTECHNIK INTELLIGENT TECHNOLOGY CO.,LTD.",,,,c2b22a93-7887-4a2e-b02f-5ce8a105515c,8933ef76-2ffe-4007-8097-7cf243190fa0,,//download.snec.org.cn/SNEC/article/2025/05/23//公司logo-31803895.png,pv.snec.org.cn/api/getInviteCompanyList,2026
丽水市奥新自动化技术有限公司,"Lishui Aoxin Automation Technology Co.,Ltd",,,,b7d16e92-771a-46a2-b20d-ee07f88d4699,c34e6d8f-fa99-40fd-95e5-8364abb79cc3,,//download.snec.org.cn/SNEC/article/2025/05/23//11-1-28028298.png,pv.snec.org.cn/api/getInviteCompanyList,2026
信义光能控股有限公司,Xinyi Solar Holdings Limited,,,,637d6b93-81f7-4a77-9b94-a45c4776a3d5,bac4d538-5954-4d79-89ff-8345aae37cb9,,//download.snec.org.cn/SNEC/article/2025/05/23//27f463201aa5a3c55d69bbfe58becf6-55916566.png,pv.snec.org.cn/api/getInviteCompanyList,2026
北京蓝阳惠通科技有限公司,"Beijing Solarsky Technology Co., Ltd.",,,,e736a795-54cd-4c93-b4d6-5a3be8ea130e,fe0ca405-01de-4219-843b-be3262ebd94b,,//download.snec.org.cn/SNEC/article/2025/05/28//QQ_1748402101964-78680356.png,pv.snec.org.cn/api/getInviteCompanyList,2026
厦门元聚荣能源科技有限公司,"XIAMEN ANGELS SOLAR ENERGY CO.,LTD",,,,152bf439-53d2-43e9-8ee9-f4c98f49bb51,3e047d79-be0c-4efe-95d5-6f7371f1ee7d,30fb592d-e93e-4749-a40e-51c454c4c1a4,https://download.snec.org.cn/SNEC/article/2023/05/10//未标题-3-03932836.jpg,pv.snec.org.cn/api/getInviteCompanyList,2026
济南德高机器有限公司,"JINAN DEGA MACHINE CO.,LTD.",,,,b7b7a4ca-1296-4e46-b4a2-824c147555d4,f7d40c28-5e8b-476b-a9e2-bb4de9d732d1,219b542b-112f-4f8b-bf45-43419399bc56,//download.snec.org.cn/SNEC/article/2024/04/09//新标志-2拷贝-40538687.png,pv.snec.org.cn/api/getInviteCompanyList,2026
深圳市誉娇诚科技有限公司," YJC Technology Co., Ltd.",,,,9fceb062-e5df-4cca-a491-197b5ac87723,53a9175a-0d3f-46f6-80d6-888c664733e0,47b334aa-41e6-4d8e-808f-3268faf95fd0,//download.snec.org.cn/SNEC/article/2023/10/12//YJC-图英上下LOGO-02-18115717.png,pv.snec.org.cn/api/getInviteCompanyList,2026
深圳市瑞福联合新材料发展有限公司,"Safe Union New Material Development Co,Ltd",,,,8316676d-2680-4a2d-a96a-fd9058551fcf,7ae78012-ae78-437a-be6d-dc25652b67e6,58b7c85d-4c92-43bb-945e-8c8170cc7e09,//download.snec.org.cn/SNEC/article/2024/01/04//2022-2-17朋友圈LOGO-89325573.jpg,pv.snec.org.cn/api/getInviteCompanyList,2026
罗托布拉斯建筑科技（南京）有限公司,ROTHO BLAAS CHINA LIMITED,,,,efed4577-78c9-4406-9a44-8a7fd5df35bb,1c03bd01-fbdc-4586-ae60-3821e000922d,,//download.snec.org.cn/SNEC/article/2026/04/14//logo-97810683.png,pv.snec.org.cn/api/getInviteCompanyList,2026
苏州星翰新材料科技有限公司," Suzhou Xinghan Materials Technology Co., Ltd.",,,,c94a0d39-a798-493e-a247-c97b154d9545,c8c1f93d-9e77-49a2-8d78-ca8d2da08f44,,//download.snec.org.cn/SNEC/article/2026/04/22//常用：彩色logo-89696510.png,pv.snec.org.cn/api/getInviteCompanyList,2026
上海德携电子科技有限公司,"SHANGHAI DEXIE ELECTRONIC TECHNOLOGY CO.,LTD",,,,ebed8f09-4dfe-493b-b719-d749862daa3a,1c7ba88f-cb26-439e-9472-d06de45d2e76,3ecb4310-5f82-45c8-9b7b-7976adcd4c9a,//download.snec.org.cn/SNEC/article/2023/10/12//公司LOGO-60206006.png,pv.snec.org.cn/api/getInviteCompanyList,2026
浙江港流高分子科技股份有限公司,"Zhejiang Gangliu Polymer Technology Co., Ltd",,,,bf47d7fe-aa46-4ed9-b3fc-7e240b30d8fa,83eebb21-51d4-4311-af2f-fd07c8b4433a,ee1637bd-540a-488f-84af-700f28a4fd10,https://download.snec.org.cn/SNEC/article/2023/05/12//微信图片_20230512153445-13079046.png,pv.snec.org.cn/api/getInviteCompanyList,2026
浙江炬卡太阳能科技有限公司,"ZHEJIANG JUKA SOLAR TECH CO .,LTD.",,,,cc7b6c0f-cf0e-4def-af2b-c32e5b5e7cda,9ce7c426-0fbf-44de-8b22-20c03feaabda,3752583f-d826-4047-b123-0e2c41a8e6fc,//download.snec.org.cn/SNEC/article/2023/12/09//juka-81889956.png,pv.snec.org.cn/api/getInviteCompanyList,2026
锦州阳光气象科技有限公司,"Jinzhou Sunshine Meteorological Technology Co., LTD",,,,adedeb77-fe05-4cf8-8e9d-a0dfde40b943,7cd469b6-af85-4bc4-b3aa-80d9c886face,c781688a-3ec8-4d11-8ce4-c81abf8f09bd,https://download.snec.org.cn/SNEC/article/2023/05/12//金色高清_副本-03358704.png,pv.snec.org.cn/api/getInviteCompanyList,2026
深圳盛齐能源技术有限公司,"Shenzhen EEnovance Energy Technology C0.,LTD",,,,7566e429-db17-4f69-aca0-dd7bc9c7050c,a9131150-6154-4f73-8c7a-a1e9b390ba11,6345886e-d01b-4c04-ba84-dcc0a011f6a3,//download.snec.org.cn/SNEC/img/2023/04/22//snec logo (1)-03-45960789.jpg,pv.snec.org.cn/api/getInviteCompanyList,2026
上海巨良阀门集团有限公司,"Shanghai Juliang Valve Group Co., Ltd.",,,,e130f500-0755-4bd8-98d3-d42ec80c326a,c7a50048-359d-40fc-9555-721e2cbe1926,cc004dc1-bdb7-4cff-852b-a0e41dc2a387,//download.snec.org.cn/SNEC/img/2025/04/02//微信图片_20250402094700-69368439.jpg,pv.snec.org.cn/api/getInviteCompanyList,2026
常州市乐萌压力容器有限公司,,,,,e3b3d2dd-41ee-4115-b2f3-c13b7921b342,2d4ef808-f7ff-4f03-bdc4-646c16489e2e,cc5de6c4-ef94-4d0e-951a-7143f6cd4598,//download.snec.org.cn/SNEC/img/2023/04/15//featureImg-1615790339388-90362314.png,pv.snec.org.cn/api/getInviteCompanyList,2026
安普盛（厦门）能源科技有限公司,Empery Solar,,,,d7b7ae1c-56f3-4591-94f1-1c3c024fe903,91e546cf-3c9e-4d9b-8123-7f34197cbdfe,38368cc9-b956-44a3-81c9-5b25271939ec,//download.snec.org.cn/SNEC/img/2024/05/24//安普盛LOGO_3334x1826-35714032.jpg,pv.snec.org.cn/api/getInviteCompanyList,2026
天津德冠新能源科技有限公司,,,,,47e08a68-4685-41d1-bf74-5e0d5f6199ac,90ab8e87-6379-42f5-9343-db901f377b68,1167d103-fb15-437a-8cab-52327553a4ed,//download.snec.org.cn/SNEC/img/2024/04/30//new log_副本-54175308.png,pv.snec.org.cn/api/getInviteCompanyList,2026
深圳市小湾智能有限公司,BayRobot LmtedShenzh China,,,,732b0768-91f5-4ddb-9aac-e1b4c1dea5cd,5a7a0f44-3905-4d9c-a544-4fdaff97a8e4,7ffe14fa-fdc0-41e1-848d-d1ade5a90497,//download.snec.org.cn/SNEC/img/2024/04/17//logo-11953629.png,pv.snec.org.cn/api/getInviteCompanyList,2026
东莞赋安连电子科技有限公司,"Dong Guan Forany Electronic Technology Co.,Lt",,,,8b382486-83bf-4901-b270-fa006cf2f249,b60df9e1-769c-4b3c-9f3e-1ad5b2fd7a55,d5212919-032f-4afe-be02-fef7d0ca2bdf,//download.snec.org.cn/SNEC/img/2022/03/09//0421e774cc3c481db050999fe4d0106d.png,pv.snec.org.cn/api/getInviteCompanyList,2026
深圳瑞行能源有限公司,,,,,a0917915-1e8d-4b73-874b-619351d73f06,df08457e-a0eb-4932-bdd7-bbc96cd57d39,9a0f4787-1be3-4642-82f9-3d76d145c1af,//download.snec.org.cn/SNEC/img/2025/03/17//AIR-LOGO-蓝-95333711.png,pv.snec.org.cn/api/getInviteCompanyList,2026
深圳基本半导体有限公司,Shenzhen BASiC Semiconductor Ltd.,,,,f4e8f977-4e0c-4292-bd22-86d932209c7f,ee35d2ca-e86f-4a64-9561-f928a1f64ec1,0c3faa14-5998-4c2b-b8dd-c0513b41c3a3,//download.snec.org.cn/SNEC/img/2023/04/13//基本半导体LOGO-17147450.png,pv.snec.org.cn/api/getInviteCompanyList,2026
常州亚玛顿股份有限公司,"Changzhou Almaden Co., Ltd.",,,,c4c06333-f8e6-4bb7-bf89-0209af8f4541,a585ace3-5579-4804-9b3d-923bdcebd771,564d2e2f-af83-4045-98fa-695edcbdb6da,//download.snec.org.cn/SNEC/article/2024/03/15//亚玛顿logo中文-88581382.png,pv.snec.org.cn/api/getInviteCompanyList,2026
中电投融和融资租赁有限公司/中电投融和资产管理有限公司/上海融和电科融资租赁有限公司/上海融和元储能源有限公司/中电投融和新能源科技有限公司,"China Power Investment Ronghe Finanicial Leasing Co.,Ltd.",,,,8deb00b0-6dc4-4f9b-9f1f-311a02e80e80,bd8ed392-e365-403b-b71a-9539393aa9b4,,//download.snec.org.cn/SNEC/article/2025/05/23//MY2N5F(AB~$YUF27B]C)4H9-56221358.png,pv.snec.org.cn/api/getInviteCompanyList,2026
天津强邦实业有限公司,"TIANJIN QIANGBANG INDUSTRIAL CO., LTD.",,,,b4116927-66eb-45a0-a91b-415f4bd6fbfc,b5d7a27b-22a8-4d1d-addd-5ee44ef8e268,,//download.snec.org.cn/SNEC/article/2025/05/23//强邦LOGO.png-71542298.png,pv.snec.org.cn/api/getInviteCompanyList,2026
浙江亨科阀门有限公司,"Zhejiang Hengke Valve Co., Ltd",,,,ab808bf9-8c8a-4934-aa34-cdcf1eef3d29,dc4dfb3e-5925-46bd-bb07-5c02ed977f54,,//download.snec.org.cn/SNEC/article/2025/05/23//logo-亨科-24964717.png,pv.snec.org.cn/api/getInviteCompanyList,2026
绍兴拓邦新能源股份有限公司,"SHAOXING TUOBANG NEW ENERGY CO.,LTD.",,,,bda3a605-4c35-4dc6-bff3-4a74a5869806,06a4cb10-11c4-469c-bbd0-15e880829280,,//download.snec.org.cn/SNEC/article/2025/05/23//dfee47e04a665b96c74f51c2aba3a29-02806858.png,pv.snec.org.cn/api/getInviteCompanyList,2026
量道（厦门）新能源科技有限公司,"Poweroad (Xiamen) Renewable Energy Technology Co., Ltd",,,,9ad09718-40c4-4f3f-8487-3606968c6d57,146c9a64-9a4c-408c-8242-46675976d694,379b2846-d195-4f02-bc2b-459bf74b4e19,//download.snec.org.cn/SNEC/article/2023/05/17//poweroad logo2-63486483.jpg,pv.snec.org.cn/api/getInviteCompanyList,2026
张家港市超声电气有限公司,"ZHANGJIAGANG ULTRASONIC ELECTRIC CO.,LTD",,,,bc32a40e-507b-4d4d-8e00-3d5258ae8861,3a1f9fb4-4a06-4955-b58b-d3373bc09b0b,,//download.snec.org.cn/SNEC/article/2025/05/23//logo1-88357156.png,pv.snec.org.cn/api/getInviteCompanyList,2026
浙江烁日能源科技有限公司,Zhejiang Shuori Energy Technology Co.Ltd ,,,,8fed7d00-41cb-46a9-9175-c54e93a779db,e098b924-05b7-4631-9fe5-faa2ebbdc9c3,,//download.snec.org.cn/SNEC/article/2025/05/23//未命名 -1-05537268.png,pv.snec.org.cn/api/getInviteCompanyList,2026
江苏中坚金属材料有限公司,"BACKBONE(JIANGSU) Co., Ltd",,,,79b90d78-ccf8-4c5f-86e7-8d6096a302e8,5475c277-0b71-445a-bb7c-126b9398719b,,//download.snec.org.cn/SNEC/article/2025/05/23//专色—图案+中英文组合@4x-48789890.png,pv.snec.org.cn/api/getInviteCompanyList,2026
北京曙光新航科技有限公司,"Beijing Zenith Technologies Co.,Ltd.",,,,e118d358-1865-4462-a5fc-389cf053641a,02062fed-e026-4ff7-8b26-1c661b549cff,,//download.snec.org.cn/SNEC/article/2025/05/23//曙光新航-PNG-98998155.png,pv.snec.org.cn/api/getInviteCompanyList,2026
安徽博为光电科技有限公司,"Anhui Bowei Photoelectric Technology Co., Ltd",,,,d720e13d-b429-4120-bf1f-a496f912dccc,d06f5583-15f2-4f62-a2af-ca1a39c40c85,f3d36e6a-d4e1-40b0-9511-ead986880b3d,//download.snec.org.cn/SNEC/article/2023/09/21//博为logo（PNG）-39191289.png,pv.snec.org.cn/api/getInviteCompanyList,2026
深圳市博恩实业有限公司,"Shenzhen Bornsun Industrial Co., Ltd",,,,29201391-24ae-4c75-ae6a-d324c0d08349,ac82cd5c-9515-41b5-bf86-43b647afcd80,89d90251-57c7-4d84-902c-5ced7ef8496c,https://download.snec.org.cn/SNEC/article/2023/05/16//logo-95176989.jpg,pv.snec.org.cn/api/getInviteCompanyList,2026
上海宇渊新能源科技有限公司,"Shanghai Yuyuan New Energy Technology Co.,Ltd",,,,2b97bc5e-163f-49e2-a2a7-86b91eb7c68d,cda4ec92-cfe5-4738-899c-40d195731abc,a7564888-752f-428e-97bc-a757ec27c97e,//download.snec.org.cn/SNEC/article/2023/10/12//宇渊LOGO_00-78143904.jpg,pv.snec.org.cn/api/getInviteCompanyList,2026
苏州永皓电线有限公司,"Suzhou Yonghao Cable Co.,Ltd.",,,,61b5badc-4499-4292-a55b-bd127b4a31ec,43e5c12b-4788-43e3-947a-96ba1750c7ea,,//download.snec.org.cn/SNEC/article/2025/05/23//1ca8fe55e874c4f886973fd6e060169-27207022.png,pv.snec.org.cn/api/getInviteCompanyList,2026
天津中名盛唐新能源科技发展有限公司,"Tianjin Zhongming Shengtang New Energy Technology Development Co., Ltd",,,,4cc18082-c970-4c6e-8896-aea4094e0a86,13bfe97c-33b9-421f-b406-3cb616d367a5,,//download.snec.org.cn/SNEC/article/2025/05/28//QQ_1748419439192-79725522.png,pv.snec.org.cn/api/getInviteCompanyList,2026
北京速标科技有限公司,"Beijing Speedy Technology Co., Ltd.",,,,0c9ffb64-f5dc-4e89-a238-14b07c32b6b7,641fbc7f-b2fd-4636-b6f7-8a3bb584f614,,//download.snec.org.cn/SNEC/article/2025/05/28//ac6827c0288102b1047d6c070c2727e-02188719.png,pv.snec.org.cn/api/getInviteCompanyList,2026
湖南众源科技有限公司,"Hunan Zhongyuan  Technology Co., Ltd. ",,,,091dec53-38b8-4459-b124-ce156ed83f5e,e93412f0-447d-499d-8eeb-dbaf3e19da8e,,//download.snec.org.cn/SNEC/article/2025/05/23//未标题-1 拷贝-87920206.png,pv.snec.org.cn/api/getInviteCompanyList,2026
武义圣亿能源科技有限公司,"WUYI SHENGYI ENERGY TECHNOLOGY CO.,LTD",,,,ed7be1bd-53eb-4ae8-b1e9-7ae95275e3a8,3f6519d0-b4c9-4d90-8b92-6794827ba424,,//download.snec.org.cn/SNEC/article/2025/05/23//7972227cf7427909e28f07d2b286207-31261876.png,pv.snec.org.cn/api/getInviteCompanyList,2026
宁波华煜光伏科技有限公司,"Ningbo Huayu Photovoltaic Technology Co., Ltd.",,,,59d31a71-e621-42eb-81bd-5879ebebfc4e,5fe11e85-d54b-4915-8482-de055be0238d,,//download.snec.org.cn/SNEC/article/2025/05/24//华煜LOGO-绿色_副本-60220671.png,pv.snec.org.cn/api/getInviteCompanyList,2026
江苏中胜微科技有限公司,"Jiangsu Cathcend Semiconductor Tech Co.,Ltd.",,,,94797f6c-48a5-4ccd-9b1c-201933c99917,0550669d-3c89-4a6f-a919-dbe58ee7f713,,//download.snec.org.cn/SNEC/article/2025/05/23//350x230-75160967.png,pv.snec.org.cn/api/getInviteCompanyList,2026
江苏惠汕新能源集团有限公司,"Jiangsu Huishan New Energy Group Co. , Ltd.",,,,f8ce036d-31f8-4e2b-8507-d8f7445ce07e,8fea8d35-6451-4430-8380-0eed58c6821a,90b25fba-a23f-4c17-8ec9-f0b1b4a65e7f,https://download.snec.org.cn/SNEC/article/2023/05/08//竖版-03-04811847.jpg,pv.snec.org.cn/api/getInviteCompanyList,2026
浙江捷昌线性驱动科技股份有限公司,"Zhejiang Jiecang Linear Motion Technology Co., Ltd.",,,,b295615e-a444-4e95-95e1-c44805e18553,76a551af-83a7-42bd-b25a-b204b54a544b,,//download.snec.org.cn/SNEC/article/2025/05/26//捷昌商标-14018700.png,pv.snec.org.cn/api/getInviteCompanyList,2026
眉山琏升光伏科技有限公司,"Leascend Photovoltaic Technology Co., Ltd.",,,,ac32ffa8-ae4d-40e0-a9fe-8617a0945fe1,77e91d81-ac77-4b73-94e5-b02ca8a5e0fc,,//download.snec.org.cn/SNEC/article/2025/05/23//琏升光伏蓝色logo-52054508.png,pv.snec.org.cn/api/getInviteCompanyList,2026
四川亚联氢能科技股份有限公司,"Ally Hydrogen Energy Co., Ltd.",,,,0c3ddeb3-5dc4-471e-9dd7-ebcc6915a41d,73def57e-0fe3-4481-b7d9-c098d418b65b,,//download.snec.org.cn/SNEC/article/2025/05/23//微信图片_20250523160427-55742388.png,pv.snec.org.cn/api/getInviteCompanyList,2026
世盟電子(惠州)有限公司,"Shimeng Electronic (Huizhou) Co., LTD.",,,,99e027c9-b2b6-41c7-942d-649967cdb680,2dae3855-35f8-400e-8610-0d205746d16a,,//download.snec.org.cn/SNEC/article/2025/05/23//世盟LOGO-77052232.png,pv.snec.org.cn/api/getInviteCompanyList,2026
三河同飞制冷股份有限公司,"Sanhe Tongfei Refrigeration Co., Ltd",,,,9ea78d28-927f-4def-889f-7bba1581ce99,8e1630a5-a036-4cc3-8723-17608b98f233,a413e260-517c-426e-82ba-67514c497f91,//download.snec.org.cn/SNEC/article/2023/08/01//logo蓝、白-02-47723178.png,pv.snec.org.cn/api/getInviteCompanyList,2026
浙江尚博能源科技有限公司,"Zhejiang Sunpro Power Technology Co.,Ltd",,,,3b263285-e9bf-4070-8b3b-9388d55248a8,82ec7735-79af-49c5-a1de-fb9af063bcaf,7466f99e-bc1d-4d9b-b809-906e8dbab6c2,//download.snec.org.cn/SNEC/article/2023/02/21//YH SUNPROPOWER logo_复制-30907950.png,pv.snec.org.cn/api/getInviteCompanyList,2026
陕西侨诺新能源设备制造有限公司,"Shaanxi Qiaonuo New Energy Equipment Management Co.,Ltd",,,,e83e9703-b4e3-4f77-9a05-eb56e4256c62,51ab8990-8b22-439b-8cf8-a39ca117cd8a,,//download.snec.org.cn/SNEC/article/2025/05/23//公司LOGO-49104257.png,pv.snec.org.cn/api/getInviteCompanyList,2026
深圳市宝瑞明科技有限公司,IRLAB Limited,,,,86812380-78db-4302-82ef-825339c00670,5523f5e2-5d54-415e-961f-44cc69852420,,//download.snec.org.cn/SNEC/article/2025/05/23//公司 LOGO-01-01-88990843.png,pv.snec.org.cn/api/getInviteCompanyList,2026
浙江中泰熔断器股份有限公司,"Zhejiang Zhongtai Fuse Co., Ltd",,,,decc216e-012c-4972-962e-1a290cf5d086,987fa6ee-725a-4288-aabe-f35772ad1093,,//download.snec.org.cn/SNEC/article/2025/05/28//QQ_1748419635862-06039112.png,pv.snec.org.cn/api/getInviteCompanyList,2026
扬州欧美力克新能源科技有限公司,OMLIKA NEW ENERGY Tech Co；Ltd,,,,b66c4398-d80b-4400-8187-706dccab5185,360abbbc-ccea-433c-8a0c-4e91359f7747,,//download.snec.org.cn/SNEC/article/2025/05/23//欧美力克 logo-1-58230910.png,pv.snec.org.cn/api/getInviteCompanyList,2026
浙江三钛科技有限公司,"Zhejiang Santai Technology Co., Ltd",,,,2e756139-4e6e-4c0f-92be-4e792e188487,9131b867-c74c-40a5-a19d-aabfb9886f1d,,//download.snec.org.cn/SNEC/article/2025/05/24//三钛科技品牌规范_02(1)-95996851.png,pv.snec.org.cn/api/getInviteCompanyList,2026
宝利鑫新能源开发有限公司,"Baolixin New Energy Development Co., Ltd.",,,,290a64d3-0930-4f07-8fec-c97a0dd25653,c48e7cef-dbfc-45ac-a67e-1a9f9455cfb7,755b06ba-569a-455e-95df-e674dca2d1cc,//download.snec.org.cn/SNEC/article/2022/09/20//14045328.jpg,pv.snec.org.cn/api/getInviteCompanyList,2026
苏州诺达佳自动化技术有限公司,"SUZHOU NODKA AUTOMATION TECHNOLOGY CO.,LTD",,,,584fedb1-4f69-4825-9975-86898946bb25,ae569f6f-da23-4e75-bc7d-163065ffc015,,//download.snec.org.cn/SNEC/article/2025/05/23//170-53878152.png,pv.snec.org.cn/api/getInviteCompanyList,2026
瑞浦兰钧能源股份有限公司,"REPT BATTERO Energy Co.,Ltd.",,,,ce7a4847-b051-4d41-963b-7ffe7499b739,21d438c8-1183-4f5f-b05f-8579e2d6fab8,,//download.snec.org.cn/SNEC/article/2025/05/23//REPT-logo-国内版本-07430190.png,pv.snec.org.cn/api/getInviteCompanyList,2026
中安制铁（迁安）钢板制造有限公司,"Zhongan(Qianan) Steel Plate Manufacturing Co.,Ltd",,,,103715da-b090-4bbe-89fe-9cd469362fb6,cfed0f91-27c9-491e-b046-e43e87a33afd,,//download.snec.org.cn/SNEC/article/2025/05/24//ff43234bade1b7888f448a24d45e782-80458554.png,pv.snec.org.cn/api/getInviteCompanyList,2026
三钧线缆（无锡）有限公司,WUXI SUNKEAN CABLE Co.，Ltd.,,,,415dad3c-dc8e-4ddc-83fe-191213dc6137,284a79be-1163-4471-a184-8f5a33830956,6a3f0841-423a-44bb-9ecc-8063c2b33fb7,//download.snec.org.cn/SNEC/article/2024/04/02//未标题-1_画板 1-84493753.png,pv.snec.org.cn/api/getInviteCompanyList,2026
台州陆霸机电科技有限公司,"TAIZHOU LUBA ELECTRICAL TECHNOLOGY CO.,LTD.",,,,ba6e05c4-d573-4ac1-b996-4348c2c797b7,b7a5c393-4c94-4adc-9b01-14ffb29f2b54,,//download.snec.org.cn/SNEC/article/2025/05/28//QQ_1748402235546-19724649.png,pv.snec.org.cn/api/getInviteCompanyList,2026
 太景科技（南京）有限公司," TeraPark Technologies (Nanjing) Co.,Ltd",,,,1f7d5fbd-19e9-439c-898e-9f15f177b50b,5afcef08-b09c-4b69-9b4b-2a10ae830d62,8db48e94-d041-4037-9305-674314dcfbbd,https://download.snec.org.cn/SNEC/article/2023/05/08//logo_画板 1(2)-33173551.jpg,pv.snec.org.cn/api/getInviteCompanyList,2026
福州光闰光学有限公司,"Fuzhou Tiin Optics Co., Ltd.",,,,130187be-c27b-426d-8c18-fe8d33e26069,10f2bc88-eb79-42c4-ac12-1ea0ecdf79b0,96dcd9db-05e3-4eee-805c-96efe0a00b81,https://download.snec.org.cn/SNEC/article/2023/05/08//logo-无背景蓝-11687090.png,pv.snec.org.cn/api/getInviteCompanyList,2026
协鑫集团有限公司,Golden Concord Holdings Limited,,,,800a05ad-6f80-4a50-a9e6-a8802a0e1206,72e2e8b3-7a77-4fd5-a690-f9a689e48a69,50895eb3-d046-4100-a4bd-df4ae3004026,//download.snec.org.cn/SNEC/article/2023/05/21//协鑫LOGO定稿-87540699.png,pv.snec.org.cn/api/getInviteCompanyList,2026
安密久密封科技（江苏）有限公司,Amijo sealing technology(Jiangsu)Co.Ltd.,,,,11a7c762-2c42-417e-b2a9-b2c4c8d93131,55a64d29-ba4a-47c2-adae-5905842b427d,de716fc7-f2f0-44e7-a9c5-e18bea567e0c,https://download.snec.org.cn/SNEC/article/2023/05/08//安密久横版透明P954色系5x1.42-55777174.png,pv.snec.org.cn/api/getInviteCompanyList,2026
启东市罗源光伏设备有限公司,"LUO YUAN Photovoltaic Equipment Co.Ltd,Qi dong",,,,0a419cfa-f1a4-4d0a-b7bc-1372b3861892,ec31bcb7-a0ee-4006-afae-a0209f129b2f,,//download.snec.org.cn/SNEC/article/2025/05/23//LOGO-17355091.png,pv.snec.org.cn/api/getInviteCompanyList,2026
江苏秀强玻璃工艺股份有限公司,"Jiangsu Xiuqiang Glass Technology Co., Ltd",,,,09d0c84c-7e77-4993-896f-d5b739382f5d,2db7b620-5cf5-425e-bd8a-4aed04228540,ee3569b7-1839-4e1f-8506-0cec373b0ad0,//download.snec.org.cn/SNEC/article/2023/05/18//1684380056528-04980788.png,pv.snec.org.cn/api/getInviteCompanyList,2026
海韵彩科技（深圳）有限公司,"Haiyuncai Technology (Shenzhen) Co., Ltd",,,,127c7586-66fb-4ba0-959e-827c1b88ac05,13a0120b-e4e1-4fdd-957d-19d0a8d9c5e6,,//download.snec.org.cn/SNEC/article/2025/05/23//荣晖控股LOGO (2)-50202880.png,pv.snec.org.cn/api/getInviteCompanyList,2026
威凡智能电气高科技有限公司,"Weifan Intelligent Electrical High tech Co., Ltd",,,,8a96d3e5-8ac0-4765-b893-61202ea9fc33,175a0fd2-a422-4b40-8039-ad4bd26775f1,,//download.snec.org.cn/SNEC/article/2025/05/23//logo蓝字-39503948.png,pv.snec.org.cn/api/getInviteCompanyList,2026
苏州天准科技股份有限公司,"TZTEK Technology Co.,Ltd.",,,,dad24601-cdff-417e-974c-4f020d3063d2,4caf7218-cb0e-4a38-8a36-03728dfb8985,893b0e85-5271-49d4-be58-0ae36b1eaf51,//download.snec.org.cn/SNEC/article/2024/01/02//iwEcAqNqcGcDAQTRAKoFRgawPaaFWgcnGlEFg8MnXG3VAAfSELK0fggACaJpbQoAC9EcFw.jpg_720x720q90-92424206.jpg,pv.snec.org.cn/api/getInviteCompanyList,2026
江西共途新能源有限公司,"Jiangxi Gongtu New Energy Co., Ltd.",,,,83f42eef-7b10-4f75-b713-e18bf0d47e7e,3c96de8a-f70c-49c2-9797-9eda041a0395,,//download.snec.org.cn/SNEC/article/2025/05/23//未标题-111-49444953.png,pv.snec.org.cn/api/getInviteCompanyList,2026
上海金友金弘智能电气股份有限公司,"Shanghai Jinyou Jinhong Intelligent Electric Co.,Ltd",,,,e4d1314d-fa9a-4db4-a53e-651170d6a512,e16b0c10-8323-4911-b198-7a01db02207c,,//download.snec.org.cn/SNEC/article/2025/05/23//58c6e594788fbded439302de90ed005-70620569.png,pv.snec.org.cn/api/getInviteCompanyList,2026
正泰集团股份有限公司,"CHINT Group Co., Ltd.",,,,99881f3a-b606-433e-a1d5-5c45099b7d0c,42a4e658-e604-4562-8cf3-adcefa49b379,,//download.snec.org.cn/SNEC/img/2025/04/25//正泰LOGO-80532914.jpg,pv.snec.org.cn/api/getInviteCompanyList,2026
江苏集能易新能源技术有限公司,"Jiangsu GNE New Energy Technology Co., Ltd.",,,,10655fb0-0f72-4e64-bc9e-2c2046fd329c,022721d7-adae-4d74-bae9-4967f582096c,,//download.snec.org.cn/SNEC/article/2025/05/28//集能易 logo_画板 1-66835570.png,pv.snec.org.cn/api/getInviteCompanyList,2026
弘瞬新能源材料科技（浙江）有限公司,"Hongshun New Energy Material Technology (Zhejiang) Co., Ltd.",,,,cfe8bfe5-be34-47a5-be46-775c46b95ad5,5ef94f83-5013-4e1e-b500-d9912059047d,30defdd8-60c6-4dfd-b4b7-a7cb49992fb6,https://download.snec.org.cn/SNEC/article/2023/05/12//弘瞬loga-18312835.png,pv.snec.org.cn/api/getInviteCompanyList,2026
南京德睿特来电能源研究院有限公司,"DERI-TELD Energy Research Institute CO.,LTD.",,,,1eb8fcec-d9a9-4c6f-9e82-84c8a21d0c25,47670fe3-f9b3-421f-b532-51aed6ac0e21,,//download.snec.org.cn/SNEC/article/2026/04/23//deri-05023504.png,pv.snec.org.cn/api/getInviteCompanyList,2026
河南安彩半导体有限公司,"Henan Ancai Semiconductor Co.,Ltd",,,,c099aba3-f3be-48c8-9c48-f981fac25df2,0d272657-2f87-45f9-b26f-cc8cfee73f76,,//download.snec.org.cn/SNEC/article/2025/05/24//微信图片_20250524154024-74017461.png,pv.snec.org.cn/api/getInviteCompanyList,2026
苏州瑞得恩光能科技有限公司,"Suzhou Radiant Photovoltaic Technology Co., Ltd",,,,44a06c0f-1ddb-47cf-8894-1c333d927af3,eb17715f-3ceb-4a9e-8a29-da66c9e7c4b2,,//download.snec.org.cn/SNEC/img/2024/05/08//logo-中英文-14574378.jpg,pv.snec.org.cn/api/getInviteCompanyList,2026
浙江满毅电气有限公网,"Zhejiang Fullwill Electric Co., Ltd",,,,eb9573f9-b981-42a0-86b2-63ff5f9dd6b6,d1183489-6ea2-4739-8fff-33d6b4e830c4,,//download.snec.org.cn/SNEC/article/2025/05/28//logo-1-36429041.png,pv.snec.org.cn/api/getInviteCompanyList,2026
上海骐杰新材料股份有限公司,"Q-Carbon Material Co., Ltd.",,,,5f3b7cef-3983-4faf-875f-41606f12cea5,59fcb1fb-ac64-4a7b-b47b-cb10b26472d4,,//download.snec.org.cn/SNEC/article/2025/05/23//5177477702ca42a57035dc73fadd0aa-removebg-preview-66866476.png,pv.snec.org.cn/api/getInviteCompanyList,2026
宁波市科升利不锈钢管阀件有限公司,"Ningbo Keshengli Stainless Steel Tube Fitting And Valve Co.,Ltd.",,,,00a72351-fe92-454a-9611-2149b479faeb,fa61eea7-b3a3-44a1-a7b0-e9b420441ea1,,//download.snec.org.cn/SNEC/article/2025/05/28//QQ_1748401661300-14865030.png,pv.snec.org.cn/api/getInviteCompanyList,2026
广东福雪莱电气有限公司,"Guangdong Fuxuelai Electric Co., Ltd",,,,896fb21e-90f3-4012-a0bf-3969b6ac1d80,ac83d80e-47f7-4bdc-9bb9-ec7e56bc7ff0,,//download.snec.org.cn/SNEC/article/2025/05/23//福雪莱无框高清版-16307806.png,pv.snec.org.cn/api/getInviteCompanyList,2026
上海友电绿能自动化有限公司,"Shanghai Youdian Green Energy Automation Co., LTD",,,,3a817960-9266-4882-b6d2-cf40e2d3d251,7b0b00db-b6a5-4be4-a053-bdb55f9a10b3,,//download.snec.org.cn/SNEC/article/2025/05/23//友电绿能LOGO-08959580.png,pv.snec.org.cn/api/getInviteCompanyList,2026
湖南创汇原新能源有限公司,"Hunan CHY New Energy CO.,LTD",,,,60abd254-664a-4dbe-8d7e-4a260ab7a14e,da17b61d-86f0-4563-a063-2c07407efa23,,//download.snec.org.cn/SNEC/article/2025/05/23//ac6571ff1c303faf74015602a52f8f6-76861783.png,pv.snec.org.cn/api/getInviteCompanyList,2026
1,1,,,,ea174473-9ee8-4ab3-88c0-c783baf89bb1,28a9d24e-d2db-40dc-b6d4-161fcf6b1662,ad49a640-bc58-4a55-8a84-29cbe6ac0ab4,//download.snec.org.cn/SNEC/article/2023/06/30//2e67c292a652d1acbc364734532aee19-90304217.png,pv.snec.org.cn/api/getInviteCompanyList,2026
山东中科富能光电科技有限公司,"Shandong ZKFN Solar Technology Co., Ltd.",,,,25f37016-e0ca-462a-844e-9d4d69b9c3e9,10dcedeb-93ab-4a6b-8a0f-90ad9f2b3a4b,,//download.snec.org.cn/SNEC/article/2025/05/23//未标题-2-52359426.png,pv.snec.org.cn/api/getInviteCompanyList,2026
江阴翔悦铝业有限公司,"JIANGYIN XIANGYUE ALUMINUM CO.,LTD",,,,448b7e2d-9b5c-4be6-9ea0-59f471f9cfac,c9a7a093-27ed-4c29-b971-764501d48775,,//download.snec.org.cn/SNEC/article/2025/05/23//微信图片_20250523153712_14-63544580.png,pv.snec.org.cn/api/getInviteCompanyList,2026
深圳市国惠照明器材有限公司,"Shenzhen Guohui Lighting Equipment Co., Ltd.",,,,ce559503-5b42-43c8-9b7b-c21c29ceb102,a82c6c30-0f90-4b5a-a1ca-2fafeb60d68b,,//download.snec.org.cn/SNEC/article/2025/05/23//小LOGO-49949482.png,pv.snec.org.cn/api/getInviteCompanyList,2026
衢州龙鼎汽车零部件制造有限公司,"QUZHOU LONGDING AUTO PARTS  CO.,LTD",,,,942838a5-5bde-4f09-bdc5-5b2c23fd3dfd,c0cb7383-aa89-4e63-bc2d-613262754810,,//download.snec.org.cn/SNEC/article/2025/05/23//ffd173f4221ad900825917da315881a-51695986.png,pv.snec.org.cn/api/getInviteCompanyList,2026
江苏绿鼎光伏科技有限公司,"Techwise Solar Technology Co.,Ltd.",,,,eda1c111-69f0-48df-a1f8-24497a71c549,6c2d8745-7faa-452f-87af-c87efe89380e,,//download.snec.org.cn/SNEC/article/2025/05/24//绿鼎光伏英文logoX8可打开（英文）-53405888.png,pv.snec.org.cn/api/getInviteCompanyList,2026
昆山市正耀电子科技有限公司,"Atop Electronic Technology Co.,Ltd.",,,,155b4cff-d12c-4199-92dc-e0f04b6579bb,9af529e8-db7d-438c-a7f9-f25203ecc2c7,,//download.snec.org.cn/SNEC/img/2025/04/21//ATOP  LOGO-64450814.jpg,pv.snec.org.cn/api/getInviteCompanyList,2026
天津市隆盛泽新能源科技有限公司,Tianjin Longshengze New Energy Technology Co. LTD,,,,af8d2b45-cf4a-4f41-877d-7f2c0eaed6f4,9d75cc50-1991-4eb2-9d32-c65b3581edd0,c61b8eec-82d2-4d30-80cd-495343195d84,https://download.snec.org.cn/SNEC/article/2023/05/11//公司logo(2)-27056348.jpg,pv.snec.org.cn/api/getInviteCompanyList,2026
无锡尚德太阳能电力有限公司,"Wuxi Suntech Power Co., Ltd.",,,,1d657a9e-239f-4566-8c24-b8ce294b9598,833be238-dd4f-4909-a8d8-ae7c0c1bd351,,//download.snec.org.cn/SNEC/img/2024/04/12//S_Logo_RGB_CHname-01-49392572.png,pv.snec.org.cn/api/getInviteCompanyList,2026
上能电气股份有限公司,"Sineng Electric Co., Ltd.",,,,28ce2d76-8203-4d66-b50a-4608785e63a1,7288d7ef-7eb5-417e-b660-3434edf78cdd,f35a204e-33a2-4440-9d31-08c80f63e220,https://download.snec.org.cn/SNEC/article/2023/05/10//WechatIMG441-99538327.png,pv.snec.org.cn/api/getInviteCompanyList,2026
佛山市晟阳太阳能科技有限公司,"FOSHAN SOLARUP TECHNOLOGY CO.,LTD",,,,315455c0-37cd-4e00-a233-1c0b027e33cf,37a709a8-b997-47cb-a0a5-c16207db59be,,//download.snec.org.cn/SNEC/article/2025/05/23//未标题-3-56911633.png,pv.snec.org.cn/api/getInviteCompanyList,2026
吴江得胜鑫净化设备有限公司,"Wujiang Deshengxin Purification Equipment Co., Ltd.",,,,fb9ceb95-e2f3-4d74-ab91-efbd5c1676a0,e470e552-0e99-4821-b204-4036d354d24d,,//download.snec.org.cn/SNEC/article/2025/05/23//公司LOGO-90969970.png,pv.snec.org.cn/api/getInviteCompanyList,2026
宁波帕瓦莱斯智能智能科技有限公司,POWERNICE,,,,837c7548-869a-49ac-9357-a3729d55359b,9b168e8a-2949-455a-814a-537a3295068a,,//download.snec.org.cn/SNEC/article/2025/05/23//未标题-2-09200776.png,pv.snec.org.cn/api/getInviteCompanyList,2026
飞卓科技（上海）股份有限公司,"Feejoy Technology (shanghai) Co., Ltd",,,,5eb2c744-7532-4053-8a70-14a049de9b74,a949a9f3-6dbe-43b5-984c-34cf24ab8bb0,e840b8ae-2c3f-4246-b20e-f76e1f437d30,//download.snec.org.cn/SNEC/article/2023/05/16//1700x700-79932140.jpg,pv.snec.org.cn/api/getInviteCompanyList,2026
沸点密封科技（江苏）有限公司,"Boiling Point Sealing Technology (Jiangsu) Co., Ltd",,,,29e9971f-4a21-454c-aa7c-c2e91a227a95,9f7bcb22-478d-4bbb-a131-6315c9a76103,,//download.snec.org.cn/SNEC/article/2025/05/24//沸点-46196907.png,pv.snec.org.cn/api/getInviteCompanyList,2026
福建贝姆斯冷弯机械制造有限公司,"FuJian Brand Forming Machinery Co.,Ltd",,,,6ec07517-50ad-4f96-8667-5a1cd6621bb5,b97bc17b-dc85-42ec-aa29-5acbf32d75f7,,//download.snec.org.cn/SNEC/article/2025/05/28//QQ_1748410959489-14385574.png,pv.snec.org.cn/api/getInviteCompanyList,2026
深圳市富程威科技股份有限公司,"Shenzhen Futureway Technology Co.,Ltd",,,,7938917c-9b05-48d9-8605-a55fe7ccadfb,0c46a88f-4e45-4c94-afc5-67a06e102d40,,//download.snec.org.cn/SNEC/article/2025/05/23//富程威竖版logo中英文-91143840.png,pv.snec.org.cn/api/getInviteCompanyList,2026
浙江金贝能源科技有限公司,zhejiang jinbest energy science and technology co.Itd.,,,,630c5073-57b1-4953-97dd-90f3dead4c7f,e51ec87f-9c8b-4fb0-bc69-87ce433fe8a0,,//download.snec.org.cn/SNEC/article/2025/05/23//111111111-98900460.png,pv.snec.org.cn/api/getInviteCompanyList,2026
杰福伦自动化科技（上海）有限公司,"Gefran Automation Tachnology (Shanghai) Co., Ltd",,,,62d8f595-90a0-41ec-9921-bcaf21dbde53,1eea1e64-7540-4b8f-a016-ee24e2b2a40e,,//download.snec.org.cn/SNEC/article/2025/05/23//Logo PANTONE png-70344121.png,pv.snec.org.cn/api/getInviteCompanyList,2026
武汉汉非科技有限公司,"WUHAN HANFEI SCIENCE AND TECHNOLOGY CO.,LTD",,,,61870f26-80d6-4a34-bd78-8a8a911459f0,afa94f21-6160-4aae-bf4c-4c792650f2cc,,//download.snec.org.cn/SNEC/article/2025/05/23//未标题-3222-54722992.png,pv.snec.org.cn/api/getInviteCompanyList,2026
惠州广志装备科技有限公司,"Huizhou Guangzhi Equipment Technology Co.,Ltd.",,,,b8772f50-a53a-4abb-840a-1bd5a4b2c046,ab1d7188-f77e-4238-9179-f91aceba279f,,//download.snec.org.cn/SNEC/article/2025/05/28//QQ_1748420027772-19601038.png,pv.snec.org.cn/api/getInviteCompanyList,2026
浙江南都电源动力股份有限公司,"Zhejiang Narada Power Source Co., Ltd.",,,,87622cb6-e881-478e-8ad7-afb43d1bd856,668a3562-5f80-4780-899a-d7ba5e877b5f,,//download.snec.org.cn/SNEC/article/2025/05/13//中英-标准-78706484.png,pv.snec.org.cn/api/getInviteCompanyList,2026
深圳市爱尚能源科技有限公司,Enershare Tech Company Limited,,,,453a4c85-0e8c-413a-a24e-8e79005b0886,fd11d181-4d65-43fb-9d30-fe97b52f34e9,32c565ab-365c-4dcc-9e10-54fafe46f7e8,//download.snec.org.cn/SNEC/article/2024/03/19//83a024291cb581256f71ea861507552-80160374.jpg,pv.snec.org.cn/api/getInviteCompanyList,2026
北京晶芯电子有限公司,"BEIJING JINGXIN ELECTRONICS CO.,LTD",,,,cf7a885c-8b95-4962-9ef7-50c7a38b09b4,40798bea-d75e-4af8-a5a0-cb9694980b26,,//download.snec.org.cn/SNEC/article/2025/05/27//微信图片_20250527104209-79597712.png,pv.snec.org.cn/api/getInviteCompanyList,2026
安徽绿沃循环能源科技有限公司,"Anhui Lvwo Energy Technology Co., Ltd. ",,,,a8282241-6f4b-445a-8578-32d0429a418e,274a0055-ae86-40bd-b863-fcea9f321e87,,//download.snec.org.cn/SNEC/article/2025/05/23//LVWO ENERGY-67102501.png,pv.snec.org.cn/api/getInviteCompanyList,2026
上海梦象智能科技有限公司,"SHANGHAI MENGXIANG INTELIGENT TECHNOLOGY CO.,LTD",,,,5263d014-ebeb-45cf-874a-a6a60d963c77,476a068e-6a9b-41e7-946a-3e3aa0ccab87,7e1bb1ab-6bb0-41af-872c-a852d6f61f20,//download.snec.org.cn/SNEC/article/2023/10/08//17070-89392899.png,pv.snec.org.cn/api/getInviteCompanyList,2026
苏州广名发贸易有限公司,"Prochem Int'l (Suzhou) co., Ltd.",,,,11a09517-9f41-42ec-af75-9e1c51d86931,90f71542-de37-4cc7-850e-625b4fcff874,,//download.snec.org.cn/SNEC/article/2025/05/23//logo2-79698648.png,pv.snec.org.cn/api/getInviteCompanyList,2026
江苏东鋆光伏科技有限公司,"Econess Energy Co., Ltd.",,,,e3e9b230-8831-42be-9a55-390d137e345e,11f66caf-40db-480d-ad1f-32a6f2009eef,,//download.snec.org.cn/SNEC/article/2024/04/11//英文Logo -42292486.png,pv.snec.org.cn/api/getInviteCompanyList,2026
威远盛祥复合材料有限公司,"Weiyuan Shengxiang Composites Co.,Ltd ",,,,e457f08e-d922-4f7f-9114-1add732fe90b,23199684-c799-43eb-932d-4052158d254d,fed70f31-3dda-400a-a584-ab82d993ec36,//download.snec.org.cn/SNEC/article/2024/01/23//商标-42546649.jpg,pv.snec.org.cn/api/getInviteCompanyList,2026
青岛杰瑞康达电子有限公司,Qingdao Jierui Kangda Electronics Co.Ltd,,,,8c8edb3f-7a24-48d7-b5fc-210dabcdd358,cb45dd2c-4839-4800-8489-a0abeb67f405,,//download.snec.org.cn/SNEC/article/2025/05/24//储能展logo-47597460.png,pv.snec.org.cn/api/getInviteCompanyList,2026
弘元绿色能源股份有限公司,"HONGYUAN GREEN ENERGY CO.,LTD.",,,,3ac69c90-9330-4da1-8ff2-1aec0b8661ac,04e136c0-4bc8-475c-9d9a-051a4bc96f12,73368e7a-74ac-4e92-8ecb-987b63742190,//download.snec.org.cn/SNEC/article/2024/04/07//PNG格式-49297412.png,pv.snec.org.cn/api/getInviteCompanyList,2026
澳龙塑料制品（苏州）有限公司,"Auron Plastics (Suzhou) Co., Ltd",,,,4b10289a-7fba-454c-8e52-4bbbe2842635,6ded388f-9982-4fd9-9bed-4f4623004ab4,e1425851-c5ee-4ca0-85b9-2c02bea87f41,https://download.snec.org.cn/SNEC/article/2025/05/30//澳龙塑料制品（苏州）有限公司-19178092.png,pv.snec.org.cn/api/getInviteCompanyList,2026
重 庆 风 渡 新 材 料 有 限 公 司,Chongqing FengDu New Material Corp.Ltd,,,,8bf8bf97-1cb8-469a-bc9e-80c1fa9e2cbf,75eba0be-934f-45b6-91ce-42b4f28ab65b,,//download.snec.org.cn/SNEC/article/2025/05/23//微信图片_20250523190123-99873332.png,pv.snec.org.cn/api/getInviteCompanyList,2026
苏州恩易浦科技有限公司,"Northern Electric Power Technology Co., Ltd.",,,,e137c4d2-5e46-4f88-bb90-fa14acc574a6,3d371af1-9ba9-4398-ba41-8478781b8f7a,,//download.snec.org.cn/SNEC/article/2025/05/28//NEP logo-38937534.png,pv.snec.org.cn/api/getInviteCompanyList,2026
嵊州煜能光伏发电有限公司,"Shengzhou Yueneng Power Generation Co . , Ltd",,,,3dc42a06-c2a1-4870-9a5e-631f117d6cbe,f04be35a-5481-4cf7-8a71-805f8711b08f,0d465dc2-3c90-473b-ab1a-961918cf6bb5,//download.snec.org.cn/SNEC/article/2024/04/28//LOGO(1)-33671634.png,pv.snec.org.cn/api/getInviteCompanyList,2026
成都正华电子仪器有限公司,CHENGDU ZHENGHUA ELECTRONIC INSTRUMENT CO.，LTD.,,,,a67132b0-36da-4236-9021-d965210dbdfe,3d6ec8ea-b17c-4114-b9e2-325877a1aaf8,d0f3ef3d-569f-4e35-8231-40b9bce54dff,//download.snec.org.cn/SNEC/article/2024/04/08//商标副本-54982224.png,pv.snec.org.cn/api/getInviteCompanyList,2026
温州龙泽轻工机械有限公司,"WENZHOU LONGZE LIGHT INDUSTRY MACHINERY CO.,LTD",,,,a9119c68-b748-49d0-848e-ef0db8e8d96c,b92363b6-f76a-45c0-af38-3572c5e20106,,//download.snec.org.cn/SNEC/article/2025/05/23//LOGO-59308782.png,pv.snec.org.cn/api/getInviteCompanyList,2026
浙江星煜机电科技股份有限公司,"Zhejiang Xingyu Mechanical & Electrical Technology Co.,Itd",,,,b9074693-29db-4370-a9ee-bd2bb1097477,9e594eeb-4015-4dc7-9638-c40a69ea9364,,//download.snec.org.cn/SNEC/article/2025/05/23//1747989615172-49763397.png,pv.snec.org.cn/api/getInviteCompanyList,2026
福建帝视科技集团有限公司,"Imperial Vision Technology Group Co., Ltd.",,,,2dcb9147-d14a-475c-a325-a17f76bf42f8,dd3e440b-5076-4cbd-a279-8126f0565bd3,,//download.snec.org.cn/SNEC/article/2025/05/23//帝视科技名称+图标-53030545.png,pv.snec.org.cn/api/getInviteCompanyList,2026
昆山新锐利制刀有限公司,"KunShan Xinruili Knife Co., Ltd.",,,,a8e55751-c7ef-4b02-bc80-9cefdec7a6b3,b00cd9f4-a7a7-492a-b37e-44dee88dcb6a,ad69e561-b711-4445-ab79-e46adf54e013,//download.snec.org.cn/SNEC/article/2024/03/13//公司Logol-61601074.png,pv.snec.org.cn/api/getInviteCompanyList,2026
无锡市通合机械有限公司,"Wuxi Tonghe Machinery Co., Ltd",,,,d6f4ca53-f678-4afa-ba8e-2f1223e9c2a2,8b50620f-8d69-4af5-8c4c-1fc6fc592bd1,b08d1b8f-2cbe-4e59-a47a-4ebdb4a23155,//download.snec.org.cn/SNEC/article/2024/04/08//中英文竖式组合-09625827.png,pv.snec.org.cn/api/getInviteCompanyList,2026
田村（中国）企业管理有限公司,TAMURA CORPORATION OF CHINA LIMITED,,,,60d70cda-2ec1-4b3c-9608-e043d377f7f5,d1595170-a731-48c4-b962-b690a30733c9,,//download.snec.org.cn/SNEC/article/2025/05/29//logo-tamura-15087874.png,pv.snec.org.cn/api/getInviteCompanyList,2026
溯高美索克曼电气（上海）有限公司,SOCOMEC CHINA,,,,708d8fdb-b8cd-4fd1-bd5c-706eefb0e1f6,f34619f2-064b-4d91-9bd9-81dc5914262a,,//download.snec.org.cn/SNEC/article/2025/05/23//LOGO -  透明-67401540.png,pv.snec.org.cn/api/getInviteCompanyList,2026
苏州安和达塑胶制品有限公司,Anheda Plastic Products Co.，Ltd,,,,748ab72f-d7f2-4c93-ab6d-2090c5422bd2,326676bb-d48b-4026-9d1b-1d24fe68ed1f,7983a37d-b388-4041-bc8f-6135e55a49d8,//download.snec.org.cn/SNEC/article/2024/04/10//Logo-91580922.png,pv.snec.org.cn/api/getInviteCompanyList,2026
江苏富泰净化科技股份有限公司,"FuTai Clean Technology(Jiangsu)Co.,Ltd",,,,29f92cbc-d005-4f40-b9ac-944a005399b7,3496b7c0-3efa-4aa8-a43c-ce07822295c6,,//download.snec.org.cn/SNEC/article/2025/05/23//富泰logo-84210443.png,pv.snec.org.cn/api/getInviteCompanyList,2026
亿隅半导体科技（上海）有限公司,"Euitek semiconductor technology (Shanghai) Co., Ltd",,,,314481a8-ec2a-4636-8fd3-1c6599f1e034,7ea7ee3c-a07e-40f0-b287-56f37bd3d59b,03a506c7-312c-43e1-9930-4e91019655e9,//download.snec.org.cn/SNEC/article/2024/04/03//微信图片_20240403145337-04350217.png,pv.snec.org.cn/api/getInviteCompanyList,2026
杭州莱维光电技术有限公司,"Hangzhou RightWave Technologies, Ltd.",,,,0c76d4e1-a37a-4f6c-8220-73727edcc7ca,27bc9dcd-e684-4867-bf2c-7d0b05c96ae2,4b0680c5-efc1-4e1f-ae7e-9bfb71ca00ff,//download.snec.org.cn/SNEC/article/2024/04/01//PNG格式-36553448.png,pv.snec.org.cn/api/getInviteCompanyList,2026
常州佶诚电子科技有限公司,Sinton Instruments,,,,ab7bda3d-2347-4ac1-bfda-3c778fbdf305,efb9a6a0-7986-4167-a450-e4b21fe12e98,,//download.snec.org.cn/SNEC/article/2025/05/23//image001(05-23-1(05-23-16-34-40)-75146258.png,pv.snec.org.cn/api/getInviteCompanyList,2026
双登集团股份有限公司,Shoto,,,,462865a6-551b-4283-80c9-ac43ded13329,fed1897b-9501-4bea-ad36-08fde3553ddc,,//download.snec.org.cn/SNEC/article/2025/05/23//股份LOGO2-13154590.png,pv.snec.org.cn/api/getInviteCompanyList,2026
常州华阳检验检测技术有限公司,"Changzhou Huayang Inspection and Testing Technology Co., Ltd",,,,08444052-11ef-413f-973c-bb4d15d704c3,66b3d7e5-76b5-45db-858b-c11d18a11560,,//download.snec.org.cn/SNEC/article/2025/05/24//华阳检测LOGO-16359800.png,pv.snec.org.cn/api/getInviteCompanyList,2026
江西京九电源科技有限公司,"Jiangxi JingJiu Power Science& Technology Co.,LTD.",,,,427536db-4217-4ab3-9799-677fd608052c,d8ae0695-a2aa-484e-9226-390d1fa6dd0a,b6dce1d5-00ee-4ea6-a6f3-d81f46285ebb,//download.snec.org.cn/SNEC/article/2024/04/02//未标题-1-32342169.png,pv.snec.org.cn/api/getInviteCompanyList,2026
无锡泓砺精工科技有限公司,"WUXI HONGLI PRECISION TECHNOLOGY CO,LTD",,,,c7325b81-7363-4490-8b3e-fd4fde72f5d0,be0131db-e2d4-466a-95e7-7952dd7bbe42,5904290b-6420-4500-879e-ee9aa3156e37,//download.snec.org.cn/SNEC/article/2024/03/22//a8417668b9294e3b28c9e52887f024e-04473906.png,pv.snec.org.cn/api/getInviteCompanyList,2026
亚德客,AirTAC,,,,1c9144ff-655e-4308-8d1c-9b63f20a17f3,207a5b80-adfd-4c68-99a9-b919edb08742,,//download.snec.org.cn/SNEC/article/2025/05/24//045c72a1-9075-4553-8f63-08e5165a2ed8-74330913.png,pv.snec.org.cn/api/getInviteCompanyList,2026
广东汇博机器人有限公司,"Guangdong Huibo Robot Technology Co., Ltd.",,,,f8cc2883-bf3b-4f1c-898e-b967a7241c51,0aa5a175-ff69-420d-ad38-69f0bd6af679,,//download.snec.org.cn/SNEC/article/2025/05/23//公司logo-93397850.png,pv.snec.org.cn/api/getInviteCompanyList,2026
埃森特科技（苏州）有限公司,"Essent Technologies (Suzhou) Co., Ltd.",,,,9ba771cf-69c9-4673-afa2-c1e9ac9a3b27,13c5f786-b1af-466f-afcf-d512b053b62e,,//download.snec.org.cn/SNEC/article/2025/05/28//QQ_1748394463580-84622107.png,pv.snec.org.cn/api/getInviteCompanyList,2026
青岛云路先进材料技术股份有限公司,"Qingdao Yunlu Advanced Materials Technology Co., Ltd.",,,,4e928254-336f-4d3c-bd14-0b82e9b8bd8b,94291f0b-e0d9-48b8-b8fd-d16a9ad5684e,,//download.snec.org.cn/SNEC/article/2025/05/27//会议室logo-29697324.png,pv.snec.org.cn/api/getInviteCompanyList,2026
江苏海四达电源有限公司,"Jiangsu Highstar Battery Manufacturing Co., Ltd.",,,,e8b738f5-3f0c-46e0-af45-3bea609e3e94,c9a5eb6b-a4e9-4c53-97b2-1fa6a499e659,,//download.snec.org.cn/SNEC/article/2025/05/23//海四达logo_无白底1-11715206.png,pv.snec.org.cn/api/getInviteCompanyList,2026
深圳市量创科技有限公司,"Shenzhen  MASS creating Technology Co., Ltd.",,,,9df6334e-2e36-4d52-8725-75b4af79ace6,e936edd3-eadc-4cd5-852e-9657f163edf8,5fec6732-2a96-4b75-a352-6383fa83d193,//download.snec.org.cn/SNEC/article/2024/04/02//logo-03469948.png,pv.snec.org.cn/api/getInviteCompanyList,2026
深圳市沛城电子科技股份有限公司,"SHENZHEN PACE ELECTRONICS CO.,LTD",,,,8ddb9df5-57fe-48de-9a0d-27f8c16566bc,dc4e2d1b-8d28-44d8-9a68-55c90d7a1554,a9d02a1e-5f67-40d3-81bb-65707a50cad4,//download.snec.org.cn/SNEC/article/2024/04/03//LOGO (3)-28896054.png,pv.snec.org.cn/api/getInviteCompanyList,2026
乐普科（上海）光电有限公司,"LPKF Shanghai Co., Ltd. ",,,,8e36f958-210f-4d78-8305-53662aec5676,048cf010-b0a5-4f8e-8e2d-38688bef0b97,,//download.snec.org.cn/SNEC/article/2025/05/27//未标题-1111_画板 1-13982900.png,pv.snec.org.cn/api/getInviteCompanyList,2026
南京海星智能科技发展有限公司 ,"NANJING HYPERSTAR INTELLIGENT DEVELOPMENT CO., LTD",,,,ae6ecb83-122a-4067-a089-f50774e6ea79,f08fa748-80bc-4c22-af0e-c24f772e55bc,8892ef64-c83e-4b07-a778-e24076d55056,//download.snec.org.cn/SNEC/article/2024/04/11//海星logo(1)-76720209.png,pv.snec.org.cn/api/getInviteCompanyList,2026
摩根热陶瓷（上海）有限公司,"Morgan Thermal Ceramics (Shanghai) Co., Ltd.",,,,5f04a49a-1645-4c57-b2ad-c1f396d7c076,9f2cefb4-2a49-44bd-a02c-b67e4ad7deda,75ba5f9e-66f3-403a-9593-37a126310c3e,//download.snec.org.cn/SNEC/article/2024/04/01//morgan小logo-10699413.png,pv.snec.org.cn/api/getInviteCompanyList,2026
济宁市华祥石墨制品有限公司,"JINNING HUAXIANG GRAPHITE PRODUCTS CO.,LTD",,,,ff1d9090-f315-455a-bc57-72a5cf5212d5,3f1beff0-1814-4354-b220-7fe000e21a3d,,//download.snec.org.cn/SNEC/article/2025/05/23//微信图片_20220603102502-43828102.png,pv.snec.org.cn/api/getInviteCompanyList,2026
一道新能源科技股份有限公司,"DAS SOLAR CO., LTD",,,,26fc2dac-af02-4bc1-9260-7c86b4c1e970,0bfcbe42-d4bb-439a-b4a6-ac3bded2e410,cd979bae-11f7-4552-980d-cd6eb6d9ac82,//download.snec.org.cn/SNEC/article/2024/04/01//b864064e60c7cc90ec8fc329c0c7078-40411467.png,pv.snec.org.cn/api/getInviteCompanyList,2026
福建福豆新材料有限公司,"Fujian Fudou New Material Co., Ltd",,,,ad53cb4e-0146-46f5-958c-1d06c46482d9,295a621f-8b28-4dbd-81e5-c16b457246b5,,//download.snec.org.cn/SNEC/article/2025/05/29//微信图片_20250123104859-96709412.png,pv.snec.org.cn/api/getInviteCompanyList,2026
合肥蓝点数字电源有限公司,BLUESIGHT,,,,9d3085d5-077c-4a9a-b9b3-2676f0172a42,a547905b-a206-431b-a911-9443780f69c1,,//download.snec.org.cn/SNEC/article/2025/05/26//logo+英文+中文-60530651.png,pv.snec.org.cn/api/getInviteCompanyList,2026
上海诚纯新能源科技有限公司,"Shanghai Chenchun New Energy Technology Co., Ltd",,,,6e756c8a-9aa6-4570-986c-ba3d3e3471dc,75a7ed84-5450-40f1-9667-6b57dd4f784c,f081d004-e61c-40fb-9669-7d212dca0310,//download.snec.org.cn/SNEC/article/2023/11/29//组合二 (1)-64246699.png,pv.snec.org.cn/api/getInviteCompanyList,2026
株洲伟大科技发展有限责任公司,"Zhuzhou Grandeur Science&Technology Development Co.,Ltd.",,,,c4e1665a-4fe4-4759-9d43-7becbb2ccd67,4791fc87-4b0e-4b72-ae73-dbd2dcd14f34,,//download.snec.org.cn/SNEC/article/2025/05/23//公司logo png格式-43382047.png,pv.snec.org.cn/api/getInviteCompanyList,2026
巴鲁夫自动化（上海）有限公司,"Balluff Automation (Shanghai) Co., Ltd",,,,c1b60464-4457-4af8-b43e-693fa9ec8d46,0fb039b5-9dd4-45c9-a9a6-cd2aafb6093e,4149eb7c-9ca1-413d-8d38-d76ccf0e71ff,//download.snec.org.cn/SNEC/article/2024/04/08//logo-黑-92016963.png,pv.snec.org.cn/api/getInviteCompanyList,2026
江苏欧力特能源科技有限公司,"Jiangsu Oliter Energy Technology Co.,Ltd",,,,c13d69d6-d66e-47c6-865d-f4cbf6133071,90e90944-4dad-4a51-b364-9cfa7e0458e4,,//download.snec.org.cn/SNEC/article/2025/05/23//欧力特商标-01531979.png,pv.snec.org.cn/api/getInviteCompanyList,2026
南京市光翔新能源科技有限公司,"Nanjing Guangxiang New Energy Technologies Co., Ltd.",,,,198aed26-a952-4e5d-b48b-7bdafc33c1e8,ded15439-630a-462f-91ef-9f78d510d752,,//download.snec.org.cn/SNEC/article/2024/05/15//微信图片_20240418101757-40834437.png,pv.snec.org.cn/api/getInviteCompanyList,2026
景德镇正业新能源科技有限公司,ZYSOLAR COMPANY LIMITED,,,,8fc88c5d-d0de-4731-a89b-01027e6defb9,0359f1ee-eff3-4122-89c8-1941fc718ceb,,//download.snec.org.cn/SNEC/article/2025/05/23//bfc0b2a4ce35346f1ff86c0e9aabd81-20310596.png,pv.snec.org.cn/api/getInviteCompanyList,2026
江苏微导纳米科技股份有限公司,"Jiangsu Leadmicro Nano Technology Co.,Ltd.",,,,49fdbf40-5c7e-487d-92c5-b7f2cc667c28,2b7e9943-c6cf-444c-a42b-a4d73c1cee69,,//download.snec.org.cn/SNEC/article/2024/04/07//未标题-1-64754035.png,pv.snec.org.cn/api/getInviteCompanyList,2026
浙江朗晨电气有限公司,"Zhejiang Langchen Electric Co., Ltd",,,,562a7e9e-982b-4e3c-afe1-8b7e134c4da9,950dcad6-5f3e-45ec-9686-65803721ac82,,//download.snec.org.cn/SNEC/article/2025/05/23//ogo 1-90809607.png,pv.snec.org.cn/api/getInviteCompanyList,2026
Omega Solar Sdn. Bhd.,Omega Solar Sdn. Bhd.,,,,5963a0a8-d969-4ee8-bb31-ea67c2cd7b01,7496cb5d-d37a-4925-b6a2-af70633ec735,e90d4aa5-148f-494d-8c70-6b0b144c3162,//download.snec.org.cn/SNEC/article/2024/03/20//OMEGA logo-28603510.jpg,pv.snec.org.cn/api/getInviteCompanyList,2026
嘉兴航卓真空软管有限公司,Jiaxing Hangzhuo Vacuum Hose Co..Ltd,,,,b3d6b96c-b6bc-42df-952a-ad323ba113e4,aaaac877-21aa-4cf6-830a-da09b34dd6d0,,//download.snec.org.cn/SNEC/article/2025/05/23//航卓-87336014.png,pv.snec.org.cn/api/getInviteCompanyList,2026
安徽兆晟新能源科技有限公司,Shinenergy Technology(Anhui)Co Ltd,,,,1969d05d-d797-4955-85f1-0b7223e04dd2,61fdd22d-cad0-447b-993c-47baf81fbf4e,,//download.snec.org.cn/SNEC/article/2025/05/23//d8c8e6841588f411a21a59c4a18c867-05539497.png,pv.snec.org.cn/api/getInviteCompanyList,2026
上海嘉氟新材料科技有限公司,"Shanghai  Jofur  Advanced  Materials  Co.,Ltd.",,,,7049c517-4878-433a-aa67-11bc2fae7bb2,7d1b89a7-851e-48f8-8ef0-ec2fce244ac8,d70f2231-9a2f-4efb-92a3-7912ddf37333,//download.snec.org.cn/SNEC/article/2024/01/16//嘉氟logo-12178621.jpg,pv.snec.org.cn/api/getInviteCompanyList,2026
天津森泰克科技有限公司,"Tianjin Sentaike Technology Co., Ltd",,,,6d7c1e99-9c1a-4d35-a255-02411d1e7a7b,1644bba6-a1c8-46d1-baac-c30c3ee4fe5e,,//download.snec.org.cn/SNEC/img/2025/04/23//WechatIMG31-58429321.jpg,pv.snec.org.cn/api/getInviteCompanyList,2026
久利刀具(马鞍山)有限公司,"Jiuli Cutting Tools (Ma'anshan) Co., Ltd.",,,,c0936947-da46-4bd3-b55b-a7eed3b4f5c6,4db8ec10-8661-4bd8-8b0c-9aff5b77f448,,//download.snec.org.cn/SNEC/article/2025/05/24//123(1)-54711059.png,pv.snec.org.cn/api/getInviteCompanyList,2026
南通艾录新能源科技有限公司,"Nantong Ailu New Energy Technology Co., Ltd.",,,,773850b7-6670-4261-93df-253794f888eb,ce30e230-9430-45bb-81d4-fc439ed47186,3dd2aca2-cada-4fca-bd76-e6072064cd12,//download.snec.org.cn/SNEC/article/2024/04/08//南通艾录logo-62493783.png,pv.snec.org.cn/api/getInviteCompanyList,2026
北京天地精仪科技有限公司,"BEIJING TIANDIJINGYI TECHNOLOGY CO.,LTD",,,,b76989a2-0cf8-4522-9731-c242de6c4b30,b6f9fb0e-dd72-41bd-aa5a-0eadd461dfb4,,//download.snec.org.cn/SNEC/article/2025/05/23//01fb05e9d3dc780b286c2226f556515-12246310.png,pv.snec.org.cn/api/getInviteCompanyList,2026
深圳核力新能源科技有限公司,"Helios New Energy Co., Ltd",,,,230a4ff5-41d8-4d07-9699-cdb8803b9bee,2d058c21-3203-49ef-aba1-2bd797a6a013,,//download.snec.org.cn/SNEC/article/2025/05/23//核力logo-大-74738469.png,pv.snec.org.cn/api/getInviteCompanyList,2026
南京晶升装备股份有限公司,Crystal Growth & Energy Equipment Inc,,,,6ee9bbb3-5ba2-4631-a6f9-5fe7ea41bc4a,8773fdf7-5acb-403e-b810-b3c7e7c2b3a0,0fbe896c-4a4e-48c6-9a03-98b82a6d4748,//download.snec.org.cn/SNEC/article/2024/04/10//晶升股份_画板 1-33689671.png,pv.snec.org.cn/api/getInviteCompanyList,2026
浙江稳众新能源有限公司,"Zhejiang Wenzhong New Energy Co., Ltd.",,,,46099d2e-91f1-4272-ae75-6c4fdedfb520,12e64d84-dddb-4a16-9b4a-4ebb89829149,,//download.snec.org.cn/SNEC/article/2025/05/24//浙江稳众新能源有限公司logo矢量文件2(1)(1)-41420966.png,pv.snec.org.cn/api/getInviteCompanyList,2026
天津东鹏新能源科技有限公司,"TIANJIN DONGPENG  NEW ENERGY TECHNOLOGY CO ., LTD",,,,3f238893-0a69-4e13-8e9c-b63a1c2619b4,74d9a2ea-1acc-4400-9d69-754e0635950b,,//download.snec.org.cn/SNEC/article/2025/05/24//厂标_png-14726430.png,pv.snec.org.cn/api/getInviteCompanyList,2026
上海都可电子有限公司,"SHANGHAI DUKE ELECTRONICS CO., LTD.",,,,a3a340be-f3d9-4e74-b3cb-17fc0d48fa31,26ac4c8b-7fc6-4e08-88bf-949cf32e488b,,//download.snec.org.cn/SNEC/article/2025/05/28//都可-63407755.png,pv.snec.org.cn/api/getInviteCompanyList,2026
爱昶汇智（苏州）新能源高科技有限公司,"AdvanSol Power Technology Co., Ltd.",,,,71278755-1e98-402f-815c-a43fe100ab99,8d098b13-abe5-4104-9367-fd6f60126ec4,,//download.snec.org.cn/SNEC/article/2025/05/24//d69146185c9f210f6f7d55f30c9de79c-41447842.png,pv.snec.org.cn/api/getInviteCompanyList,2026
浙江艾弗洛电器有限公司,"Zhejiang Airflow Electric Appliances Co.,Ltd",,,,a4e27ca8-9f86-4063-b9f0-8790bb074b6d,651066d4-789f-46dc-8543-0b6e16650e05,,//download.snec.org.cn/SNEC/article/2025/05/28//艾弗洛-50424186.png,pv.snec.org.cn/api/getInviteCompanyList,2026
上海惜辰电子科技有限公司,"XICHEN SHANGHAI ELECTRONIC TECHNOLOGY CO.,LTD",,,,3e5b64be-898c-4a99-92c5-b0282064ff19,19f761be-9b38-4fdb-97b0-e018e33c02f9,b4c0c350-1129-495c-8588-c51151fcc390,//download.snec.org.cn/SNEC/article/2024/04/10//图片4-83684266.png,pv.snec.org.cn/api/getInviteCompanyList,2026
浙江奥卡耐火材料有限公司,"Zhejiang Orcas Refractories Co.,Ltd",,,,917c1dac-fa28-477f-904d-13f64ac6be90,dd987d3b-b9da-4a87-acca-68ac83f840a0,,//download.snec.org.cn/SNEC/article/2025/05/23//logo_副本-11535532.png,pv.snec.org.cn/api/getInviteCompanyList,2026
上海浦煦流体控制系统有限公司,"Shanghai Pusher Flow Control System Co.,LTD.",,,,c3cc5806-4c7b-4a7e-93c3-2e689436412b,7ad23a73-6800-498b-a8e1-dd635e34f8a6,f3d2276c-2e81-409d-8e97-79ddd5d71acf,//download.snec.org.cn/SNEC/article/2024/04/03//1712132170249-08212918.png,pv.snec.org.cn/api/getInviteCompanyList,2026
昆山奥特莱机电科技有限公司,"Kunshan Aotelai Electrical and Mechanical Technology Co. , Ltd.",,,,f8dcf9e5-a179-4344-9a83-74d71dcb3ace,8dda36cd-dc5d-414a-8234-6346fe01c813,,//download.snec.org.cn/SNEC/article/2025/05/23//6976b4d0247c36dbfa31e0efdc21260-94988618.png,pv.snec.org.cn/api/getInviteCompanyList,2026
安徽华远装备科技有限公司,"Anhui Huayuan Equipment Technology Co., Ltd",,,,fd58fae2-80dc-45ce-9f2e-61be4fea213d,295d2c6e-10b1-4796-97f3-fbd73e24467f,,//download.snec.org.cn/SNEC/article/2024/04/10//03-19539571.png,pv.snec.org.cn/api/getInviteCompanyList,2026
东莞市德立斯电子有限公司,"DongGuan Dekls Electronics Co,Ltd",,,,6f56131a-3904-48ac-8753-8357b66da90c,77d98e1d-3402-4f1d-b8e9-09c5af3c9231,15118a7f-adca-438e-96c2-46c11504ab0b,https://download.snec.org.cn/SNEC/article/2025/05/29//德立斯-56461147.png,pv.snec.org.cn/api/getInviteCompanyList,2026
新驰电气集团有限公司,Suntree Electric Group Co.，Ltd,,,,3f49a179-59fe-4971-af73-6f26d0036737,c64f5567-bf36-4874-b996-f07172604213,5969f4fd-b99a-453f-aa67-8422469b8b7b,//download.snec.org.cn/SNEC/article/2024/04/11//新驰 logo-66034106.png,pv.snec.org.cn/api/getInviteCompanyList,2026
法罗电力（浙江）有限公司,"FR Electric(Zhe Jiang)Co.,Ltd.",,,,590581d6-f81e-4fa7-b73c-13ff24f51a83,7c486c40-d160-4e12-af21-5782699f9e50,,//download.snec.org.cn/SNEC/article/2025/05/28//LOGO-新-72150378.png,pv.snec.org.cn/api/getInviteCompanyList,2026
广州奥松电子股份有限公司,"Guangzhou Aosong Electronic Co., Ltd.",,,,218a4cf4-33c5-4f58-84f0-e433abd3c1b7,ba5e4d4c-ef19-4637-8b10-26d2baf8ff83,a1cb67e1-a679-451a-8a2f-77609352b9c0,//download.snec.org.cn/SNEC/article/2024/04/09//170_70-82561631.png,pv.snec.org.cn/api/getInviteCompanyList,2026
瑞能半导体科技股份有限公司,"WeEn Semiconductors Co.,Ltd.",,,,267229c1-1da5-4598-9734-09d54da7edac,4d562bc0-e0d9-4919-92f9-7c11af4f73ca,,//download.snec.org.cn/SNEC/img/2025/04/21//logo2-99875714.jpg,pv.snec.org.cn/api/getInviteCompanyList,2026
昆山力楚升材料有限公司,KUNSHAN LICHUSHENG MATERIAL CO LTD,,,,ea9fc0f8-9e0f-4ec8-927b-85e28d0827b5,b09969b9-fedd-4c37-b035-d49b1ab3d70a,,//download.snec.org.cn/SNEC/article/2025/05/23//公司logo-19130648.png,pv.snec.org.cn/api/getInviteCompanyList,2026
武汉帝尔激光科技股份有限公司,"Wuhan DR Laser Technology Co., Ltd.",,,,e69400b9-9735-4c30-a186-b3ebe1ce4603,611470ad-b684-420e-a03b-8e2eebf93ccf,,//download.snec.org.cn/SNEC/article/2025/05/23//DRlaser帝尔激光-86622119.png,pv.snec.org.cn/api/getInviteCompanyList,2026
浙江美硕电气科技股份有限公司,"Zhejiang Meishuo Electiric Technology Co.,Ltd",,,,cf3c6b55-3d6b-445d-9256-aed61c40083e,caa272fa-8b99-4f8d-badb-7eb993f87191,,//download.snec.org.cn/SNEC/article/2025/05/27//美硕logo2017版-93091618.png,pv.snec.org.cn/api/getInviteCompanyList,2026
南通韩高半导体有限公司,Amerisolar Technology USA Limited,,,,b9ab0920-0083-4696-8652-b7fab32e67f4,3866cc49-cf85-4d33-a429-a375e65578e9,40aecf47-ce47-4878-a20f-9561a8691db3,//download.snec.org.cn/SNEC/article/2024/04/03//as logo-64676405.PNG,pv.snec.org.cn/api/getInviteCompanyList,2026
尚特杰电力科技有限公司,"Snegrid Technology Co., Ltd. ",,,,d40b12e1-91dd-474b-a20c-13c572193131,53aaf90a-87e5-4b9e-9d00-c0e37c41272a,4cf53988-3686-4f90-936c-097c6efe7aa5,//download.snec.org.cn/SNEC/article/2024/04/02//未标题-2-11863080.png,pv.snec.org.cn/api/getInviteCompanyList,2026
四川英杰电气股份有限公司,"Sichuan Injet Electric Co., Ltd.",,,,870b32c3-3e09-48d6-bd9c-ead58d0512fb,ae2526c4-c075-46e9-a84c-946bb45b0421,,//download.snec.org.cn/SNEC/article/2025/05/23//英杰电气商标  上下结构-11892013.png,pv.snec.org.cn/api/getInviteCompanyList,2026
山东沃达智能科技有限公司,"Shandong Woda Intelligent Technology Co., Ltd",,,,3701df82-06c7-4a1d-8109-299437b89e72,9289aadd-92b9-495c-8f3d-9f0320feda48,,//download.snec.org.cn/SNEC/article/2025/05/23//wechat_2025-05-23_220357_280-78067489.png,pv.snec.org.cn/api/getInviteCompanyList,2026
深圳立仪科技有限公司,"Shenzhen LightE-Technology Co., Ltd.",,,,1b566194-47e9-4316-8c0e-72095bfb9814,9619b598-59f9-4dc9-8da1-0e6792fc3b26,0c1d085c-a49b-457b-a442-0e5e0ef5fdad,//download.snec.org.cn/SNEC/article/2024/04/08//深圳立仪科技有限公司(1)-12488844.png,pv.snec.org.cn/api/getInviteCompanyList,2026
天津市瑞鑫鸿达钢铁有限公司,"Tianjin Ruixin Hongda Steel Co.,Ltd.",,,,fd5cf775-7e14-4e36-9814-1d218892e39a,47c1af71-1b47-437b-aca6-bc7f1ac1795b,,//download.snec.org.cn/SNEC/article/2025/05/24//微信图片_20250524160053-52757379.png,pv.snec.org.cn/api/getInviteCompanyList,2026
上海亿励智能科技有限公司,"Shanghai Yielead Intelligent Technology Co.,Ltd",,,,fb596b5f-12ff-4182-bfd2-04bd37b9a13b,8479687d-8e3b-4372-bbc3-888efdb3c4d3,8eb3dde7-dd28-43ff-9814-e0950fa28c43,//download.snec.org.cn/SNEC/article/2024/04/08//LOGO2 - 副本-56729650.png,pv.snec.org.cn/api/getInviteCompanyList,2026
无锡新斯佳自动化设备有限公司,"Wuxi Xinsijia Automation Equipment Co., Ltd.",,,,3b102518-ed68-4e01-82b5-0345ee0a2a71,fcc56762-a6a8-462c-9e1e-a3e661d14729,,//download.snec.org.cn/SNEC/article/2025/05/26//小Logo-64866634.png,pv.snec.org.cn/api/getInviteCompanyList,2026
马鞍山经纬新能源传动设备有限公司,Ma’Anshan Jingwei New Energy Drive Equipment Co.LTD,,,,e8a00596-9b92-4000-a15d-f4a625531772,f495de65-c72f-41ba-bc42-c31e316e3ebe,,//download.snec.org.cn/SNEC/article/2025/05/24//公司LOGO-71142042.png,pv.snec.org.cn/api/getInviteCompanyList,2026
佛山市斯奈特能源电气科技有限公司,"Foshan SNAT Energy Electrical Technology Co.,Ltd.",,,,42cbaa60-0438-4cdd-92eb-0285104ca461,4bf09864-43b7-46ff-b339-829268e8f696,,//download.snec.org.cn/SNEC/article/2025/05/24//LOGO-58018011.png,pv.snec.org.cn/api/getInviteCompanyList,2026
广东科正技术服务有限公司,"KSIGN(Guangdong) Testing Co., Ltd.",,,,aa9d4bd2-37ce-451d-89be-331c5de8cda4,8be3e676-62ae-4d6b-961e-f6ae112649f6,,//download.snec.org.cn/SNEC/article/2025/05/24//logo-34797362.png,pv.snec.org.cn/api/getInviteCompanyList,2026
惠州市曙阳科技有限公司,"Huizhou suyang Technology Co.,Ltd.",,,,5a909fc7-97ff-4d49-9926-85b40430ddf1,788d67ec-d279-4cf8-a606-8a48ca1ae194,,//download.snec.org.cn/SNEC/article/2025/05/24//企业logo+R（常规-横）-00378275.png,pv.snec.org.cn/api/getInviteCompanyList,2026
江苏海宏智能科技有限公司,"Jiangsu Ocean&Macro Intelligent Teconology Co.,Ltd.",,,,0cabc492-c93b-4499-869a-4419a7739c40,7139359d-dbd0-41ff-89b7-dfad45d00a03,,//download.snec.org.cn/SNEC/article/2025/05/24//77cd26a9e8d21e06e84da90a56519a3-68942671.png,pv.snec.org.cn/api/getInviteCompanyList,2026
浙江明冠电气有限公司,"Zhejiang Mingguan Electric Co., Ltd",,,,e91e7cb3-af58-49f7-a625-5d8bf9613c58,66228e0d-df48-4923-b821-06d30672a6e3,,//download.snec.org.cn/SNEC/article/2025/05/28//00ba95375853bd5f23dc255ca53d72a-57468794.png,pv.snec.org.cn/api/getInviteCompanyList,2026
苏州市爱信氟塑料制品有限公司,"SUZHOU AIXIN FLUORINE PLASTIC PRODUCTS CO,LTD.",,,,123f9625-63a8-48a3-96a8-9ed8c6a59436,edc8e387-a2f6-4440-a583-c8633d3cddd2,,//download.snec.org.cn/SNEC/article/2025/05/23//爱信氟-42830841.png,pv.snec.org.cn/api/getInviteCompanyList,2026
中山市百纳电子科技有限公司,"ZHONGSHAN BAINA ELECTRONIC TECHNOLOGY CO., LTD",,,,d391c9e2-83bf-416e-94a9-20c6807adba6,26b3e48e-8323-4a07-b379-fd54dada0d4e,,//download.snec.org.cn/SNEC/article/2026/04/23//微信图片_2026-04-23_155223_896-40294534.png,pv.snec.org.cn/api/getInviteCompanyList,2026
江苏司毛特传动科技有限公司,"Jiangsu Simaote Transmission Technology Co., Ltd.",,,,4292dc83-1d38-4c7c-b855-efcdbf852d5f,d39a9c63-d931-4aa7-93d4-167cf37cc7e3,d58de2d7-9a17-416b-bc0a-bc10401c9bfb,//download.snec.org.cn/SNEC/article/2024/04/10//图片-35236227.png,pv.snec.org.cn/api/getInviteCompanyList,2026
深圳市众博泰实业有限责任公司,"Shenzhan ZBT industrial Co.,Ltd.",,,,e6c105d2-cc37-457f-951c-2ef81f9054aa,f062e4d2-ffc7-4faf-b283-0f8a70310a19,,//download.snec.org.cn/SNEC/article/2025/05/24//众博泰logo带网址-18858246.png,pv.snec.org.cn/api/getInviteCompanyList,2026
上海正泰电源系统有限公司,"SHANGHAI CHINT POWER SYSTEMS CO., LTD.,",,,,afe4cb65-41cb-4756-b5a7-df7b1e5a1c49,a375688c-c0c8-469c-83d1-e063c1f5591b,,//download.snec.org.cn/SNEC/article/2025/05/26//ChintPower-LOGO-RGB-线上-21567693.png,pv.snec.org.cn/api/getInviteCompanyList,2026
江苏赛朗热能技术有限公司,"Jiangsu Cera Thermal Technology Co.,Ltd.",,,,bf9380fc-0c61-41b6-9b45-996d67d54f0b,62154a41-cdcd-4c45-b97f-bc234ffca507,b8e68d12-5c4a-4fe0-a2c7-4a1ae98b6966,//download.snec.org.cn/SNEC/article/2024/04/24//赛朗标志正确-01(1)-48242418.png,pv.snec.org.cn/api/getInviteCompanyList,2026
天津新胜昌达钢铁有限公司,"Tianjin Xinsheng Changda Steel Co., Ltd",,,,ff40b22d-6aa2-4e78-8e8c-c7b93e20a09b,71405320-1aa1-4f11-9325-4c6919cc1eb9,dbd611ef-5170-44b1-b7f3-6740fe31e714,//download.snec.org.cn/SNEC/article/2024/04/11//微信图片_20240411095512-94304102.png,pv.snec.org.cn/api/getInviteCompanyList,2026
天津市鑫跃达工贸有限公司,"Tianjin Xinyueda Industry and Trade Co., Ltd",,,,979e0ab6-4f37-4242-ab84-06e103c58d7f,6e3716db-9154-4535-9b01-aa0532c8b87b,,//download.snec.org.cn/SNEC/article/2025/05/24//7ec1f6cf0800daac695fc3e2ac2faae-26774311.png,pv.snec.org.cn/api/getInviteCompanyList,2026
深圳市科安技术有限公司,"Shenzhen Kiloamp Technologies Co., Ltd.",,,,e19aa1cb-a703-404e-9dd6-d48ce81a7331,ccd58c93-2594-445c-b0a8-844fb05c4c34,,//download.snec.org.cn/SNEC/article/2025/05/23//1-81816711.png,pv.snec.org.cn/api/getInviteCompanyList,2026
江阴市辉龙电热电器有限公司,"Jiangyin Huilong Electric Heating Appliance Co., Ltd.",,,,cfd45399-43df-4c94-9da3-9e280d9e4828,53eba7d7-87a3-40cc-a3aa-eeedbde74ddb,,//download.snec.org.cn/SNEC/article/2025/05/24//aa04079e37d31067ddaa7b620d858bf2-23688537.png,pv.snec.org.cn/api/getInviteCompanyList,2026
 广西英辰新能源技术有限公司,"Guangxi Yingchen New Energy Technology Co., Ltd",,,,30d4fd4e-a154-4a6f-9930-97d4c63b868f,fcf63cb8-e7eb-451f-84d5-fcb624e93b8d,217da0f5-59c2-4216-8ff0-01925dd13a5f,//download.snec.org.cn/SNEC/article/2024/04/11//英辰最终版20231226··-82511415.png,pv.snec.org.cn/api/getInviteCompanyList,2026
山西潞安太阳能科技有限责任公司,"SHANXI  LU'AN PHOTOVOLTAICS TECHNOLOGY CO.,LTD",,,,d6d844a0-2313-41fb-b82c-cdc330a440aa,8c2c4863-0ae5-4735-97cf-e898c892aec2,1e5e111e-3ab0-4883-b264-bb0281ca7d50,//download.snec.org.cn/SNEC/article/2024/04/11//晋能控股-潞安太阳能LOGO矢量图-89398303.png,pv.snec.org.cn/api/getInviteCompanyList,2026
海目星激光科技集团股份有限公司,"Hymson Laser Technology Group Co.,Ltd.",,,,6271e448-d9e5-4300-8b6e-5f070869dee6,bb51e039-f8b6-45f9-80dc-aa35fe388bff,,//download.snec.org.cn/SNEC/article/2025/05/28//QQ_1748397327257-35629428.png,pv.snec.org.cn/api/getInviteCompanyList,2026
安科瑞电气股份有限公司,"ACREL CO., LTD",,,,51b042e5-9311-4675-bbc5-2d88c28bc596,c7889801-f22e-4c93-b9b2-5b62cf6ad071,,//download.snec.org.cn/SNEC/article/2025/05/26//安科瑞logo2020-01-04450036.png,pv.snec.org.cn/api/getInviteCompanyList,2026
金韦尔装备,GWELL,,,,4b43ab56-89f1-4d85-906a-1306f05069bc,02d44cb2-453f-4d98-9e0f-7b4fa3294028,,//download.snec.org.cn/SNEC/article/2025/05/23//logo-78226465.png,pv.snec.org.cn/api/getInviteCompanyList,2026
恒景电气有限公司,"HengJing Electric Co., Ltd",,,,64c644e0-d7a1-485c-a497-57ade576d995,ea5bc95b-3160-4414-8492-7103e7d0780f,,//download.snec.org.cn/SNEC/article/2025/05/23//公司LOGO-85547856.png,pv.snec.org.cn/api/getInviteCompanyList,2026
降温服定制厂家---苏州圣巧依,Cooling clothes custom manufacturers---Suzhou SenJoy,,,,ed0af182-ca80-4fbb-be43-b6833ddf0a84,1976e591-dc7e-4911-b9ae-efc82be7eae5,,//download.snec.org.cn/SNEC/article/2025/05/28//QQ_1748424348524-35782391.png,pv.snec.org.cn/api/getInviteCompanyList,2026
合肥安赛思半导体有限公司,"Hefei ASUNX Semicon ductors Co.,Ltd",,,,e645c97d-d51b-41c5-8a19-34e77bcdf3b2,6fd47dd1-1eba-4c51-bf69-f2d18e0221a3,,//download.snec.org.cn/SNEC/article/2025/05/23//logo-03-60930260.png,pv.snec.org.cn/api/getInviteCompanyList,2026
江苏顶晶融合电力工程有限公司,"JIANGSU DINGJING COMBINE POWER ENGINEERING CO.,LTD",,,,f74b4e69-df03-4df3-9226-67e9f683dc82,02712a63-851d-4718-9a5d-e6734d3bb7da,,//download.snec.org.cn/SNEC/article/2025/05/23//全横-16066414.png,pv.snec.org.cn/api/getInviteCompanyList,2026
上海都昱科技有限公司,Shanghai Duwell  Technology CO.，Ltd. ,,,,8a7e9f01-4858-477f-b793-6311564e4cf1,d5a75ac1-eeea-4acb-b806-5e65e328b791,,//download.snec.org.cn/SNEC/article/2025/05/23//logo(1)(4)-28571624.png,pv.snec.org.cn/api/getInviteCompanyList,2026
阳江市阳东区双羽工业五金有限公司,"YANGJIANG SHUANGYU INDUSTRAIL HARDWARE CO.,LTD",,,,aa24495f-3d1a-4f11-8085-41580434f3cd,f5b4f109-be4a-4d85-bbbd-307314d9d23b,,//download.snec.org.cn/SNEC/article/2025/05/24//8c3a32a04efd7165960294764ac9908-29694033.png,pv.snec.org.cn/api/getInviteCompanyList,2026
SNEIA上海新能源行业协会,SNEIA上海新能源行业协会,,,,dc410939-563a-4b18-8a60-f0267db087f3,2a159dca-8bd5-4ff4-aba0-fe0c319379a4,798e9f3a-29f6-47f5-a5bb-ab9cbed5108e,//download.snec.org.cn/SNEC/article/2022/08/16//76b397df291743be8598c58c1770845c.png,pv.snec.org.cn/api/getInviteCompanyList,2026
山东阳光伴侣太阳能有限公司,"Shandong Yang Guang Ban Lv Solare Energy Co. ,Ltd.	",,,,dbbde704-e6f6-4803-a2a8-6517a88280a5,75bb0033-d733-4440-8f6f-2f547a6ed364,,//download.snec.org.cn/SNEC/article/2025/05/27//阳光伴侣logo-75729263.png,pv.snec.org.cn/api/getInviteCompanyList,2026
山东大海新能源发展有限公司,DAHAI SOLAR,,,,c724e186-4e3c-42af-a9be-5662b75cb6f5,f020ee64-3718-48d1-b75e-6979d0c863ee,,//download.snec.org.cn/SNEC/article/2025/05/23//43f51dd8f268d3267502e368f723dc0-40676592.png,pv.snec.org.cn/api/getInviteCompanyList,2026
石家庄市长城焊管设备有限公司,"Shijiazhuang Greatwall Welded Pipe Equipment Co., Ltd.",,,,ce50f48d-2c7b-42cd-8438-b558c0637e6f,24e4a14b-004b-4503-9e18-30acb2e19fe9,,//download.snec.org.cn/SNEC/article/2025/05/24//中英文标-61373414.png,pv.snec.org.cn/api/getInviteCompanyList,2026
常州硕和电子科技有限公司,"Changzhou Shuohe Electronic Technology Co.,Ltd",,,,bced808e-8513-470f-ba06-e5e9e71e30e1,f5d54775-6b18-431e-8cbc-79d13530cd78,,//download.snec.org.cn/SNEC/article/2025/05/23//企业LOGO-54652419.png,pv.snec.org.cn/api/getInviteCompanyList,2026
福建华祥电源科技有限公司,"FUJIAN HUAXIANG POWER TECHNOLOGY CO.,LTD.",,,,f6958b6e-8218-47bd-b2dd-e7ab6d0950ee,501acceb-e77e-4a09-84ee-bd8a6a71b68c,b93758a6-333d-4c83-87c9-b87c759a3db6,//download.snec.org.cn/SNEC/article/2023/09/13//华蓄威达logo（白色）-29615127.png,pv.snec.org.cn/api/getInviteCompanyList,2026
广州金升阳科技有限公司,"MORNSUN Guangzhou Science & Technology Co., Ltd.",,,,8065b16b-7b13-4180-ab25-a5397b51f7d4,2aafe598-2958-40ba-917e-eaf5aba361b2,26e68d96-09e7-4b5b-ae8f-800767ea1663,//download.snec.org.cn/SNEC/article/2023/10/09//11111111-61664536.png,pv.snec.org.cn/api/getInviteCompanyList,2026
浙江一舟电子科技股份有限公司,"ZHEJIANG SHIP ELECTRONICS TECHNOLOGY CO.,LTD.",,,,c33b2f23-d143-47da-999e-ecf7e9b049e3,17c418a2-e274-49b9-a0e3-cff3d0f0b9a2,32a5bfd1-561c-481c-91a3-a1288c7c565a,//download.snec.org.cn/SNEC/article/2023/09/27//微信图片_20221019162904-05916336.png,pv.snec.org.cn/api/getInviteCompanyList,2026
常州别克机械制造有限公司,Changzhou PEEK Machinery Manufacturing Co.LTD,,,,e05c453c-ba10-455f-9154-aafa9c9dc69b,f134ab02-2157-42a4-832d-559871870176,,//download.snec.org.cn/SNEC/article/2025/05/27//公司LOGO PNG_画板 1-37072210.png,pv.snec.org.cn/api/getInviteCompanyList,2026
温州束德电气有限公司,"WENZHOU SUDE ELECTRICAL CO., LTD.",,,,a97f1fee-540a-44db-b670-a52065f4f7e2,599e2b04-7d28-47f4-9f9a-892ca07f4a7f,,//download.snec.org.cn/SNEC/article/2025/05/24//logo3-45858583.png,pv.snec.org.cn/api/getInviteCompanyList,2026
广东保威新能源有限公司,"Powerway Renewable Energy Co.,Ltd",,,,3413bfdc-e8a7-4e5a-ace7-6e1a8a8d0a56,52ce3cf5-d5bf-4703-913c-4c49678e4a47,ad9b3ced-6d72-4293-ae90-d22d5530b1be,"https://download.snec.org.cn/SNEC/article/2025/05/29//广东保威新能源有限公司Powerway Renewable Energy Co.,Ltd-66948388.png",pv.snec.org.cn/api/getInviteCompanyList,2026
苏州秦汉五金科技有限公司,"Suzhou Qinhan Hardware Technology co., Ltd.",,,,09f9f6fa-ac01-439f-b14b-a662ce90e180,cfe568c3-a991-43e4-b147-6bf2eee6a242,,//download.snec.org.cn/SNEC/article/2024/04/25//秦汉logo(透明版)-45860358.png,pv.snec.org.cn/api/getInviteCompanyList,2026
山东京能新材料科技有限公司,"Shandong Jingneng New Material Technology Co.,Ltd",,,,6d6682ea-fb04-4a64-9a45-9aec8bf606c2,89715e91-700f-4863-b696-c3014fde661c,,//download.snec.org.cn/SNEC/img/2025/04/28//京能logo-34696842.jpg,pv.snec.org.cn/api/getInviteCompanyList,2026
琦威检验认证（苏州）有限公司,"Kiwa PI China Co., Ltd.",,,,24356dc9-ea38-44a6-a3d4-f134b1be8189,e74c4f57-a270-4864-b140-6d85e2804e20,,//download.snec.org.cn/SNEC/article/2025/05/23//Kiwa_2024_RGB-31356038.png,pv.snec.org.cn/api/getInviteCompanyList,2026
济宁协力特种气体有限公司,"Jining Xili Special Gas Co., Ltd.",,,,85faaee5-1723-461a-9a68-c8c8cf06d12c,204741a6-75c8-4a2f-92a7-ec6ae044ec93,,//download.snec.org.cn/SNEC/article/2025/05/24//协力LOGO (2)-36899546.png,pv.snec.org.cn/api/getInviteCompanyList,2026
张家港华泰超声科技有限公司,ZHANGJIAGANG HUATAI ULTRASONIC SCIENC,,,,bf8877f1-0807-4a70-b226-d8eef867346b,7435a761-374c-4fc5-8cda-f4699cdd099b,,//download.snec.org.cn/SNEC/article/2025/05/24//微信图片_20250524135510-42762272.png,pv.snec.org.cn/api/getInviteCompanyList,2026
温州贝辰电气有限公司,"WenzhouBeichenElectricCo.,Ltd",,,,40548ddb-f821-4fdd-84ad-5582275097e4,694ea8c1-c995-494c-96d6-b1f984f898e8,,//download.snec.org.cn/SNEC/article/2025/05/24//logo-89587381.png,pv.snec.org.cn/api/getInviteCompanyList,2026
上海灿田工业设备有限公司,"CTCCO (Shanghai) Industry Equipment Co., Ltd.",,,,60d6df93-fd8e-40a2-96cc-1384ee82eaf4,ff449c32-e94f-44f2-b985-d3ba9e22b884,,//download.snec.org.cn/SNEC/article/2025/05/26//5.26-03924650.png,pv.snec.org.cn/api/getInviteCompanyList,2026
厦门伊诺维特自动化科技有限公司,"Xiamen Innovit Automation Technology co.,ltd",,,,938b8df4-d478-40da-81dd-ed416456649c,a4613807-5e5b-4955-b5a5-bbef28920ad0,,//download.snec.org.cn/SNEC/article/2025/05/23//微信图片_20250523160530-28775529.png,pv.snec.org.cn/api/getInviteCompanyList,2026
江苏百甲新能源科技有限公司,"Jiangsu Besta New Energy Technology Co., Ltd. ",,,,a35f7a44-4f15-4756-b630-dd880c8c5ec6,8415d20a-5a3f-466e-89e7-0f00598a9aa2,,//download.snec.org.cn/SNEC/article/2025/05/24//公司logo-51608446.png,pv.snec.org.cn/api/getInviteCompanyList,2026
安徽振达刷业有限公司,"Anhui Zhenda Brush Industry Co., Ltd",,,,60717c79-6d10-432c-9b10-391f2f05372a,16b6c657-dc41-4564-9193-3028d8b0530b,,//download.snec.org.cn/SNEC/article/2025/05/24//ZHEN DA LOGO-71011447.png,pv.snec.org.cn/api/getInviteCompanyList,2026
深圳昱泽新能源有限公司,Shenzhen UZ Energy Limited,,,,66fd6445-e832-43f6-80cd-4412503d50ea,b47f2577-153a-4259-a47e-24ea4ad720a5,e94d6006-747c-4e39-bf72-e5f79350d775,//download.snec.org.cn/SNEC/article/2023/10/17//logo-uz_副本-92827573.png,pv.snec.org.cn/api/getInviteCompanyList,2026
无锡沃信流体设备科技有限公司," Wuxi Wosin Fluid Equipment Technology Co.,Ltd.",,,,6645ac66-cdcb-423a-b939-b0978c1e2228,316ec7bb-eb61-413a-b2ce-28fef94e8ca0,,//download.snec.org.cn/SNEC/article/2025/05/24//微信图片_20250524104253-50966333.png,pv.snec.org.cn/api/getInviteCompanyList,2026
江苏宇马铝业有限公司,"Jiangsu Yuma Aluminum Industry Co., Ltd",,,,9a4d5f3f-7072-495d-b07a-8a0a9b4f294b,52c586b4-014f-4422-9705-e03bb58553df,,//download.snec.org.cn/SNEC/article/2025/05/24//40991748050506_.pic_副本-51134046.png,pv.snec.org.cn/api/getInviteCompanyList,2026
河北玖诺紧固件制造有限公司,"Hebei Jiunuo Fastener Manufacturing Co., Ltd.",,,,84c8182f-4b03-47af-bbb3-59a6c9d84818,ecd7a620-4c89-45b0-8603-0c1c3b93d891,,//download.snec.org.cn/SNEC/article/2025/05/24//未标题-1-99774310.png,pv.snec.org.cn/api/getInviteCompanyList,2026
东莞市盛雄激光先进装备股份有限公司,"Dongguan Strong Laser Advanced Equipment Co., Ltd.",,,,1a198b0b-1351-4d3b-aa08-e458aebe2e54,63c20fd6-491c-4ab3-b24b-c97532790b23,,//download.snec.org.cn/SNEC/img/2025/04/25//盛雄logo2023.4.21 new-43834084.png,pv.snec.org.cn/api/getInviteCompanyList,2026
南京丹联科技有限公司," DANDY-LINK TECHNOLOGY CO., LTD.   ",,,,b55af5cc-2c43-459b-855f-6b989e29ed40,be5a9a00-25f5-452a-8b82-ec6c17444806,,//download.snec.org.cn/SNEC/article/2025/05/23//8ba7b659a73f0f199d727638eaf4ed5-53615828.png,pv.snec.org.cn/api/getInviteCompanyList,2026
杭州汉德质量认证服务有限公司,TÜV NORD China,,,,9a380a06-13ad-48fe-9226-d546a38ac7f4,a8e1f41b-8d99-42af-800a-698be455e1bb,,//download.snec.org.cn/SNEC/img/2023/04/19//TUEV-NORD_Logo_Electric-Blue_RGB-01-09977716.jpg,pv.snec.org.cn/api/getInviteCompanyList,2026
清远市华创昇科精密科技有限公司,"QingYuan Ultra Tech Precision Technology Co.,Ltd.",,,,2dfda095-b963-440c-a043-e61a21fa82b1,6a7c4ff3-bd31-4bb1-9fbf-f7198a2c409e,,//download.snec.org.cn/SNEC/article/2026/04/23//华创昇科LOGO-10225728.png,pv.snec.org.cn/api/getInviteCompanyList,2026
江苏海基新能源股份有限公司,"Jiangsu Higee Energy Co.,Ltd",,,,a3b14b4d-a777-4115-b496-760ff8bc8b86,b1686ca4-2db0-48a4-85cb-d909a6e615c3,92eb55d9-d75f-4274-96b0-16baf3b1ff5c,https://download.snec.org.cn/SNEC/article/2023/05/16//HiGEE 海基-90778194.jpg,pv.snec.org.cn/api/getInviteCompanyList,2026
苏州翼博特智能科技有限公司,"Suzhou Ifbot Intelligent Technology Co., Ltd",,,,8f734c94-57c9-47e1-92cb-4f52e2dbd6e3,c8ed12b4-9ff0-4cdf-ada2-42456c2fb063,4822059b-898d-482b-950b-eb74db3cc617,https://download.snec.org.cn/SNEC/article/2023/05/08//资源 2-51711802.png,pv.snec.org.cn/api/getInviteCompanyList,2026
江苏天辰新材料股份有限公司,"Jiangsu Tianchen New Materials Co.,Ltd.",,,,53774eb8-be54-4516-ba53-c5ddd79f4b63,e55bd08b-e515-4b53-a34f-1cf182961373,,//download.snec.org.cn/SNEC/article/2025/05/24//江苏天辰新材料股份有限公司定稿(1)-53076150.png,pv.snec.org.cn/api/getInviteCompanyList,2026
昆山硅瑞自动化设备有限公司/昆山天愫合光电材料有限公司,"Kunshan Great Semi Automatic Equipment Co., Ltd/Kunshan Sky&Earth Optoelectronic Materials Co.,Ltd",,,,be94544a-563d-4a70-8fec-dfea43539dfa,728b724b-42e9-48fc-ad05-8308e5e934a7,,//download.snec.org.cn/SNEC/article/2025/05/23//微信图片_20241015090459-24067455.png,pv.snec.org.cn/api/getInviteCompanyList,2026
邯郸市宜昶紧固件制造有限公司,"Handan Yichang Fastener Manufacturing Co., Ltd",,,,b723cf4b-9e01-4c92-9325-566eb2a93d05,cc9d1379-103f-4107-bc40-c4d4a86ad652,,//download.snec.org.cn/SNEC/article/2025/05/28//13392876033200258-57018068.png,pv.snec.org.cn/api/getInviteCompanyList,2026
广西建兴光银新材料有限公司,"Guangxi Jianxing Photovoltaic Silver Powder Co., Ltd",,,,2e58dcb6-d77f-44e2-aff9-84e0f08c9598,90b060af-697c-4851-a176-f7ed3a0c42cf,,//download.snec.org.cn/SNEC/article/2025/05/24//logo2-01708806.png,pv.snec.org.cn/api/getInviteCompanyList,2026
浙江三林五金制品有限公司,"ZHEJIANG SANLIN METALS PRODUCTS CO.,LTD",,,,064a34be-b67b-43f7-82ac-0ea3b6f26ed7,46c2a7fb-7e91-4a31-adff-8c736df49537,,//download.snec.org.cn/SNEC/article/2025/05/24//logo-88919969.png,pv.snec.org.cn/api/getInviteCompanyList,2026
中山翰华锡业有限公司,"zhongshan hanhua tin co.,ltd.",,,,7b083ccd-6d0d-4a97-af4d-5c1400604712,acd9d5b9-a681-48d2-8188-71b7a18de712,,//download.snec.org.cn/SNEC/article/2025/05/24//公司LOGO-89094941.png,pv.snec.org.cn/api/getInviteCompanyList,2026
张家港市张运机械制造有限公司,"Zhangjiagang City Zhangyun Machinery Manufacturing Co.,Ltd.",,,,86cbb5c6-fb9d-4d57-b17c-b38ece15f9e4,0d12cad7-ade0-48f2-aba4-fce5914f476b,,//download.snec.org.cn/SNEC/article/2025/05/24//logo1-68309177.png,pv.snec.org.cn/api/getInviteCompanyList,2026
北京智阳科技有限公司,"Beijing Intell-sun Technology Co.,Ltd",,,,490816cd-b867-46d2-a5ec-4239d05767ef,585cba60-a069-4b6b-aa32-77f8011d10a0,,//download.snec.org.cn/SNEC/article/2024/05/08//名（横简）-透明底-无边距forsnec-75559173.png,pv.snec.org.cn/api/getInviteCompanyList,2026
武汉百力凯成科技有限公司,"WUHAN BLKC SOLAR CO., LTD.",,,,05b174d0-2ffc-4bbd-9494-e579185e81ad,82c6e123-df21-477f-8ab7-be5ad14760ad,442b9e6a-d340-4d70-9b51-d58aab674c93,//download.snec.org.cn/SNEC/article/2023/05/22//BLKCSOLAR-logo-40018786.jpg,pv.snec.org.cn/api/getInviteCompanyList,2026
香港三科储能科技有限公司,"SAKO（HK）ENERGY CO.,LIMITED",,,,e5d8c262-e286-48ae-883e-8fc570d9bb0c,129d35c2-7ae7-4c60-87d4-9e0f4ed6f383,,//download.snec.org.cn/SNEC/article/2025/05/24//Logo 压缩版本-68548034.png,pv.snec.org.cn/api/getInviteCompanyList,2026
温州市舜铂新能源科技有限公司,"Wenzhou Shunbo New Energy Technology Co., Ltd.",,,,49ec9847-74b6-4972-9da5-5dd977d7a5f1,ee684683-7d8e-4a5f-896d-08b27f2b8e7b,,//download.snec.org.cn/SNEC/article/2025/05/24//LOGO_01-14413050.png,pv.snec.org.cn/api/getInviteCompanyList,2026
玛堡工业元件（上海）有限公司,"Mar-Bal Industrial Components (Shanghai) Co., Ltd.",,,,987983f3-fd74-4d34-83b5-6117cb4e3c3f,091de463-6762-485a-b4bc-7cdebe9ff834,,//download.snec.org.cn/SNEC/article/2025/05/24//MBI LOGO-21318483.png,pv.snec.org.cn/api/getInviteCompanyList,2026
东莞市中汇瑞德电子股份有限公司,"Churod Electronics Co.,Ltd.",,,,3e5ef644-5fe4-481a-a8dc-b5584a54e756,6ce767c7-8617-4772-be5e-22e9129940f6,,//download.snec.org.cn/SNEC/article/2025/05/27//中汇瑞德-10383894.png,pv.snec.org.cn/api/getInviteCompanyList,2026
南通华普光电材料有限公司,"Nantong Huapu photoelectric material co.,LTD",,,,af677008-4f04-4958-af07-c3c2b91232a5,4d029039-0df0-4b08-9b28-2c0fd0f80e77,,//download.snec.org.cn/SNEC/article/2025/05/24//PNG-46816216.png,pv.snec.org.cn/api/getInviteCompanyList,2026
北京市巩华特种油制品有限公司,BEIJING GONGHUA SPECIAL OIL PRODUCT CO.LTD,,,,0aff4b70-48f7-41e2-a42f-508a5af0d42c,0989eae8-4b2f-4cac-b422-215dcd05e01c,,//download.snec.org.cn/SNEC/article/2025/05/24//耐高温真空泵油-图标 副本-37885993.png,pv.snec.org.cn/api/getInviteCompanyList,2026
沃真真空技术（上海）有限公司,"Wow Vacuum Technology (Shanghai)Co.,Ltd",,,,ca40adc3-3a48-4531-89c4-25c101a4a80e,e8dddf51-b029-4f1d-abf6-0b7bb4ade147,08520cd4-2608-4a38-af2c-944bca05b051,//download.snec.org.cn/SNEC/article/2024/03/19//WKZ 图标170x70缩小-01243417.png,pv.snec.org.cn/api/getInviteCompanyList,2026
湖州丽天智能科技有限公司,"Huzhou Leapting Technology Co.,Ltd",,,,bb68559c-0edb-4e4b-a45e-02b2963148ea,de793827-94ad-4bdd-882f-5644056c176d,491559f8-6259-4953-a242-6742656f2473,//download.snec.org.cn/SNEC/article/2024/03/14//170_70LOGO-14054089.jpg,pv.snec.org.cn/api/getInviteCompanyList,2026
泰山玻璃纤维有限公司,Taishan Fiberglass Inc.,,,,cb6117e2-3178-433b-a73b-ebdbd1bcc098,02537882-aab0-4032-990a-f24742e5861e,1489bdf4-5332-41f1-8927-4778e10d9240,//download.snec.org.cn/SNEC/article/2024/01/23//泰山玻纤logo-斜体无R-72092968.png,pv.snec.org.cn/api/getInviteCompanyList,2026
山东君诚光伏科技有限公司,shandongjunchengguangfukejiyouxiangongsi,,,,30a7fd98-8955-4013-aec9-e38b66e8705d,7ede4c35-c85a-4abc-8b3b-01459f5cb7dc,,//download.snec.org.cn/SNEC/article/2025/05/24//645f71b1219d84d786f82ca78efedc2-95026017.png,pv.snec.org.cn/api/getInviteCompanyList,2026
南京隆远电气技术有限公司,"Nanjing Linkelec Technology CO.,LTD.",,,,4521a67d-82d6-405d-bf2f-dff679bebb51,fcd5b66f-1081-4cdc-8dae-4147d6a3c9b4,,//download.snec.org.cn/SNEC/article/2025/05/23//LOGO png-72624096.png,pv.snec.org.cn/api/getInviteCompanyList,2026
利百加电气集团有限公司,"Libaijia Electric Group Co., Ltd",,,,b1b07757-72ce-4622-b895-a9859134100b,41004a09-7ee6-4e8e-b8b5-d9fbebf83072,,//download.snec.org.cn/SNEC/article/2025/05/24//dd4bc6cd9202592fe5f279599b7b62d-71511558.png,pv.snec.org.cn/api/getInviteCompanyList,2026
深圳市华盛昌科技实业股份有限公司,"Shenzhen Everbest Machinery Industry Co., Ltd.",,,,507a49a9-9c1d-45c5-8dcd-c28b6043c563,b0db093c-e7d6-49f3-830e-a077b8c8b8fe,,//download.snec.org.cn/SNEC/article/2025/05/23//CEM华盛昌-PNG格式-72623407.png,pv.snec.org.cn/api/getInviteCompanyList,2026
山东金利德机械股份有限公司, SHANDONG GOLDLEAD MACHINERY CO.，LTD,,,,7a35d124-c9c7-4c22-b48c-95aca1fc1f6c,c03f63a7-5230-4192-986b-49ad1dd167dc,29d3b66c-f6d2-45b5-b683-8f7d9c572323,//download.snec.org.cn/SNEC/article/2024/01/31//未标题-1-71551808.jpg,pv.snec.org.cn/api/getInviteCompanyList,2026
国家光伏产业计量测试中心,National PV Industry Measurement and Testing Cente,,,,647fc1aa-30a6-4b96-b83b-59ae0beaf7d5,33b98239-7c1f-4390-90b8-b14c9ab9b1e8,,//download.snec.org.cn/SNEC/article/2025/05/23//中心名称图标(1)-68795462.png,pv.snec.org.cn/api/getInviteCompanyList,2026
山东台稳精密机械有限公司,"T-WIN PRECISION MACHINERY CO.,LTD.",,,,0e216572-ae82-4d50-9e14-5ce98eaaa919,8b20299c-e261-4479-9bd3-d14195a81dbc,,//download.snec.org.cn/SNEC/article/2025/05/24//ed7ec3340662c37905d654a9a2c5b53-56487119.png,pv.snec.org.cn/api/getInviteCompanyList,2026
德益世国际商业保理有限公司,Tradewind Int'l Factoring Ltd.,,,,c8637fde-6d63-45c6-9bc9-62256ee05077,85b5e193-7779-4ad5-a19d-c63b9b37dbda,,//download.snec.org.cn/SNEC/article/2026/04/27//tradewind_logo_Chinese_Mainland China v2025-88877678.png,pv.snec.org.cn/api/getInviteCompanyList,2026
西安迅湃快速充电技术有限公司,"Xi’an Stropower Technologies Co.,Ltd.",,,,379b7aaf-3fce-41d3-9e4b-399cf365b4b8,66c1dee8-61b9-4c32-9626-da173d3cc302,0dbfa3fb-711b-4c05-be60-91b100da97c6,//download.snec.org.cn/SNEC/article/2024/04/02//迅湃LOGO-51151069.png,pv.snec.org.cn/api/getInviteCompanyList,2026
苏州太阳井新能源有限公司,"Suzhou Sunwell New Energy Co., Ltd",,,,5148134f-0d87-4d21-9749-daa487d04b97,fb67f683-e07a-40be-8c8a-72a051924c34,0f75c840-9bc8-4e63-b2bf-3981fccee18e,//download.snec.org.cn/SNEC/article/2024/04/03//太阳井logo-63600382.png,pv.snec.org.cn/api/getInviteCompanyList,2026
北京瑞山博远科技发展有限公司,"Beijing Raysan Technology Development Co.,Ltd.",,,,15a53765-aac9-4066-bfa1-059c3b960570,60a48dbf-b963-4775-b837-fa7c7800a2c3,a6320094-7e01-41f8-ac16-f829367a641b,//download.snec.org.cn/SNEC/article/2024/04/07//北京瑞山博远科技发展有限公司-LOGO-01817620.png,pv.snec.org.cn/api/getInviteCompanyList,2026
安徽华础特种光源有限公司,"ANHUI HUACHU GLORY LIGHT CO.,LTD",,,,733baff2-d92c-4a79-8dcf-52e3716019db,27437663-115e-4bd9-9def-2a2a1e29d78b,,//download.snec.org.cn/SNEC/article/2025/05/28//logo-35997199.png,pv.snec.org.cn/api/getInviteCompanyList,2026
美能光伏科技（江苏）有限公司,"Millennial Solar (Jiangsu) Co., Ltd.",,,,d378e364-d54e-4468-adbf-9a93d9444461,811664a5-1211-4c5e-98f7-4c497639fa73,,//download.snec.org.cn/SNEC/article/2025/05/23//中文场景-美能光伏Millennial Solar横版组合-250410-44468288.png,pv.snec.org.cn/api/getInviteCompanyList,2026
安徽欣然新材料有限公司,"Anhui Xinran New Materials Co.,Ltd.",,,,080a4c70-ff9b-4dca-9002-1eda201a4374,e28b0ae1-b3ab-4e2e-87d7-008ce490f0bc,,//download.snec.org.cn/SNEC/article/2025/05/24//欣然LOGO-78171833.png,pv.snec.org.cn/api/getInviteCompanyList,2026
广东光之大传动元件有限公司,"Guangdong Guangzhida Transmission Components Co., Ltd.",,,,97533308-0a9d-4be9-b60f-1d44122bba60,80827c5d-070e-48c8-8776-9433402505e4,,//download.snec.org.cn/SNEC/article/2025/05/24//微信图片_20240611100100-81805040.png,pv.snec.org.cn/api/getInviteCompanyList,2026
陕西易度智能科技有限公司,"Shaanxi Yidu Intelligence Technology Co., Ltd.",,,,633f6063-3846-4d2f-af1a-eeaab19f9487,d7aeb388-72f6-4c2f-8d31-99ec0cffa7e7,a5b903e2-7daf-40b6-a910-194a1e1df19b,//download.snec.org.cn/SNEC/article/2024/03/19//未标题-1-39480270.png,pv.snec.org.cn/api/getInviteCompanyList,2026
上海聚信海聚新能源科技有限公司,"Shanghai Juxin Haiju New Energy Technology Co., Ltd.",,,,4bf775b5-4954-4df8-8adb-e7e10c052ce8,b7869bd6-fd22-4347-945a-8a66335753c8,c883f472-867f-4ea0-bf52-647bdf17fa01,//download.snec.org.cn/SNEC/article/2024/04/03//logo-91186650.png,pv.snec.org.cn/api/getInviteCompanyList,2026
厦门唯恩电气有限公司,"XIAMEN WAIN ELECTRICAL CO.,LTD.",,,,762dbce5-c85a-47d0-8f38-95fb1e0676c1,b597a3c0-dfbe-4ca1-afaf-3f96f866653d,,//download.snec.org.cn/SNEC/article/2025/05/27//唯恩logo-63249969.png,pv.snec.org.cn/api/getInviteCompanyList,2026
深圳市恒运昌真空技术股份有限公司,"SHENZHEN CSL VACUUM SCIENCE AND TECHNOLOGY CO.,LTD",,,,e1239f74-70a6-4df9-91da-16f50bd2f6d6,f6ad94d0-2949-4e82-9c60-e476761a55a2,,//download.snec.org.cn/SNEC/article/2025/05/23//图片 1-17094161.png,pv.snec.org.cn/api/getInviteCompanyList,2026
康尔精密工业（江苏）有限公司,"Koner Precision Industry (Jiangsu) Co., Ltd.",,,,ff7924af-1008-4c05-b023-533136efcf45,50ddcd28-f468-434d-8de8-e8a8dc71b24e,,//download.snec.org.cn/SNEC/article/2025/05/23//KONER-3-81762396.png,pv.snec.org.cn/api/getInviteCompanyList,2026
浙江博亚精密机械有限公司,"Zhejiang Boya Precision Machinery Co., Ltd.",,,,e3e824be-9889-4d32-a2a2-2f8e88e5528a,f91350bf-47bc-4a98-b6bc-347cb9a7cdbc,,//download.snec.org.cn/SNEC/article/2025/05/27//BOYA LOG-29454357.png,pv.snec.org.cn/api/getInviteCompanyList,2026
常州恒创热管理系统股份有限公司,"Changzhou Hengchuang Thermal Management System Co., Ltd.",,,,a8a5ca45-58f7-4385-bb51-376d5c1d5c4f,d4bed1ae-4387-4723-a02d-2bbd67078627,,//download.snec.org.cn/SNEC/article/2026/04/15//恒创logo-09802390.png,pv.snec.org.cn/api/getInviteCompanyList,2026
江科新能源科技（无锡）有限公司,"Jiangke New Energy Technology (Wuxi) Co., LTD",,,,9efeb9a1-187c-433d-acf6-2caa4d4de6da,b9fa406d-ea4e-4baa-aa19-937c4d8ced4b,,//download.snec.org.cn/SNEC/article/2025/05/24//江科logo-11606248.png,pv.snec.org.cn/api/getInviteCompanyList,2026
广东泉为科技股份有限公司,"Guangdong QW Solar Technology Co., Ltd. ",,,,f949ed44-c713-4e69-a210-ffbee8324a88,ec21a86b-6490-48bc-be1d-b4108a5e1c3c,,//download.snec.org.cn/SNEC/article/2024/04/08//logo2-57805591.png,pv.snec.org.cn/api/getInviteCompanyList,2026
青岛芯笙微纳电子科技有限公司,"Qingdao Xinnovis Microsystem Technology Co., Ltd.",,,,39c65807-0a70-4b21-bc83-a03d405a25ce,a623ed8a-e217-4e69-9de5-b2869ae13abf,2f7c885a-83e7-414a-af48-55777a205fe2,//download.snec.org.cn/SNEC/article/2024/04/24//1(3)-04558792.png,pv.snec.org.cn/api/getInviteCompanyList,2026
 正宇新材料（湖北）有限公司,"PLUSXTECH CO., LTD",,,,1edd4460-e2f8-4e1d-9a51-2b2f25cf0909,6c0ffd5e-225d-4032-ae2d-b56b2a339d7e,bea5ed92-eeea-41e6-ab38-a125abad6946,//download.snec.org.cn/SNEC/article/2024/06/04//1717494978804-12328243.png,pv.snec.org.cn/api/getInviteCompanyList,2026
河源天裕电子塑胶有限公司,He Yuan Sky Wealth Electronic and Plastic Co. Ltd.,,,,7ebf5b49-1fa3-4f86-bc07-d7afaabe32c1,fa8f2a9d-56b5-47cd-a353-eab9e321d74e,23bc4fef-a3eb-4d3c-b30c-ffc944853c32,//download.snec.org.cn/SNEC/article/2024/04/11//图片-66211268.png,pv.snec.org.cn/api/getInviteCompanyList,2026
无锡汇众伟业电气有限公司,"WUXI HUIZHONG POWER CO.,LTD",,,,3a0caf88-72ad-4b86-b16b-b61c5399aaaa,2bb5d778-2cd2-43ff-9251-4e35ed6f6fb8,,//download.snec.org.cn/SNEC/article/2025/05/23//LOGO-59315333.png,pv.snec.org.cn/api/getInviteCompanyList,2026
史陶比尔(杭州)精密机械电子有限公司,Stäubli (Hangzhou) Ltd.,,,,0dd44251-2c7a-4414-a423-50bf8c32ad1f,bcf38cab-8d5e-4107-a5c4-b6c86aefb5f7,3f30db90-564a-4b01-bf9b-5a3975ee422a,//download.snec.org.cn/SNEC/img/featureImg-1615873250969.png,pv.snec.org.cn/api/getInviteCompanyList,2026
上海采日能源科技有限公司,"Shanghai Sermatec Energy Technology Co., Ltd",,,,03f1a2d5-ce78-49b9-a61b-3397185195ce,312f2df5-8e0f-482f-9d39-b27ca4741957,,//download.snec.org.cn/SNEC/article/2025/05/23//logo3-38338055.png,pv.snec.org.cn/api/getInviteCompanyList,2026
宿迁时代储能科技有限公司," Suqian Time Energy Storage Technology Co., Ltd.",,,,ab5b99e6-b43d-454f-a0c7-5b6b6c144b66,8c720d1a-8f9c-46e8-a7e6-02154d622180,,//download.snec.org.cn/SNEC/article/2025/05/26//4-66969571.png,pv.snec.org.cn/api/getInviteCompanyList,2026
莱特莱德(上海)技术有限公司,"RIGHTLEDER (Shanghai) Technology Co., Ltd.",,,,448be983-96ef-44ae-b004-0c60aff4167f,7e280ed9-f981-4703-8e11-e571169c0219,f636a302-c724-49a1-9449-51c69501315a,//download.snec.org.cn/SNEC/article/2024/05/09//logo-77677721.png,pv.snec.org.cn/api/getInviteCompanyList,2026
河南飞凌电力科技有限公司,HeNan FeiLing Electric Power Technology CO.，LTD,,,,7006761d-f645-49c2-a494-67a96e470ac8,002b5b21-9319-4b49-9395-1e9bcf02646c,,//download.snec.org.cn/SNEC/article/2025/05/25//公司标志-34758789.png,pv.snec.org.cn/api/getInviteCompanyList,2026
苏州斯威高科信息技术有限公司,"Suzhou Swift Hi-Tech Co.,Ltd.",,,,03c1fad9-114d-4e2d-9a20-ca62623d7172,0a9a0181-35ff-4b9d-9c78-5e9e1db57336,,//download.snec.org.cn/SNEC/article/2025/05/26//斯威高科图片LOGO-59813130.png,pv.snec.org.cn/api/getInviteCompanyList,2026
中和数字能源（江苏）有限公司,"Zhonghe Digital Energy (Jiangsu) Co., Ltd.",,,,85883590-c869-4489-a912-34f8ffc95500,7a09c064-7613-4f7b-9eb5-ea0b18b76d99,,//download.snec.org.cn/SNEC/article/2025/05/27//fb96d7990ff5364b43f53e2760af1fa-23617175.png,pv.snec.org.cn/api/getInviteCompanyList,2026
东莞博邦商务服务有限公司,Kastus Limited,,,,5f477725-b289-4c21-b666-eab275c2a86d,8f3193ad-5483-4353-9306-47d7885a54f1,,//download.snec.org.cn/SNEC/article/2025/05/24//Kastus Full Logo CMYK-72112427.png,pv.snec.org.cn/api/getInviteCompanyList,2026
宁波高达新能源科技有限公司,"SOLARBORN TECHNOLOGIES CO.,LTD",,,,0e40208f-c76f-44d4-98ec-387eb7cebda1,69b64216-b8ae-43e6-8941-4f92fb153551,,//download.snec.org.cn/SNEC/article/2025/05/26//发光字黄底-线上展厅-12634889.png,pv.snec.org.cn/api/getInviteCompanyList,2026
湖南菲尔斯特传感器有限公司,"Hunan Firstrate Sensor Co.,Ltd",,,,f67cbe00-22f3-4c9c-8659-0fec74359f87,2ad6d0b9-5807-403e-b212-d6af9530c18c,,//download.snec.org.cn/SNEC/article/2025/05/24//LOGO(黑色)-36235601.png,pv.snec.org.cn/api/getInviteCompanyList,2026
常州科讯精密机械有限公司,ChangZhou Kexun precision machinery,,,,5b4a37d6-9152-4f7f-9173-3690e7ffc5bd,e09e82cc-9d47-4322-81c8-ae7d80ad42b8,,//download.snec.org.cn/SNEC/article/2025/05/26//logo - 副本-35103121.png,pv.snec.org.cn/api/getInviteCompanyList,2026
北京艾唯特科技有限公司,"Beijing Gritek&IVT Technology co., Ltd.",,,,2afe1cc3-c0c1-4aac-8d06-633e44caee12,7edfffae-9cf2-49ac-8918-d68b8ae38482,,//download.snec.org.cn/SNEC/article/2025/05/26//llogo-12350579.png,pv.snec.org.cn/api/getInviteCompanyList,2026
福莱特玻璃集团股份有限公司,"FLAT GLASS GROUP CO.,  LTD.",,,,8b0405dd-75b0-4ad8-9838-a4530ba1a06a,e545d2b6-c5db-433a-96b6-8c27a7ae9800,,//download.snec.org.cn/SNEC/article/2025/05/26//111 - 副本-05751508.png,pv.snec.org.cn/api/getInviteCompanyList,2026
天津融腾金属结构有限公司,"TIANJIN RONGTENG METAL STRUCTURE CO.,LTD",,,,f3b8ec6c-9480-46ee-9a9e-48e88384fde4,874f856f-8247-48ce-a156-b2fc19992ba4,,//download.snec.org.cn/SNEC/img/2024/04/15//1667884075076-47104229.png,pv.snec.org.cn/api/getInviteCompanyList,2026
浙江康来新材料股份有限公司,ZHEIIANG COLOR PVB CO..LTD.,,,,e0c191da-b1e4-4942-9609-4c62136d7893,7650854d-5ad7-4fba-99e7-f721aa98f0c0,,//download.snec.org.cn/SNEC/article/2025/05/26//LOGO-1-19236881.png,pv.snec.org.cn/api/getInviteCompanyList,2026
合肥昱驰真空技术有限公司 ,"Yuchi Vacuum Technology CO.,LTD.",,,,ee72e015-7d36-4fbd-9ae8-5d66ad8d9203,f962563a-c553-45b7-b6ac-f0049b7422bc,,//download.snec.org.cn/SNEC/article/2025/05/25//合肥昱驰logo定稿_副本-11371193.png,pv.snec.org.cn/api/getInviteCompanyList,2026
江西海有锂新能源科技有限公司,Jiangxi Haiyou Lithium New Energy Technology Co. LTD,,,,7d98a9ac-11b5-4d9b-aeb8-2836ed82e7b1,3ceeabb3-39b4-4605-8373-897b49b92673,,//download.snec.org.cn/SNEC/article/2025/05/25//HAIYOU商标图片-73823729.png,pv.snec.org.cn/api/getInviteCompanyList,2026
四川中昱绿能科技有限公司,SICHUAN CONYU GREEN ENERGY TECHNOLOGY Co.. Ltd.,,,,c69746f7-f6cf-4df7-a2fb-28878f93bcd9,c9aa3446-383f-4325-ab4b-16788f8d6349,,//download.snec.org.cn/SNEC/img/2024/04/15//LOGO高清_00-72121884.jpg,pv.snec.org.cn/api/getInviteCompanyList,2026
TCL光伏科技(深圳)有限公司,"TCL Photovoltaic Technology (Shenzhen) Co., Ltd.",,,,63dbff74-bb93-41b8-9079-9ff4f2cec616,52295720-cecf-42be-9ce8-7e9ed7d1925b,,//download.snec.org.cn/SNEC/article/2024/04/13//Logo双色无底-58785564.png,pv.snec.org.cn/api/getInviteCompanyList,2026
武汉迈威通信股份有限公司,"Wuhan Maiwe Communication Co., Ltd",,,,3a3775a7-fa9f-43a5-82a4-d07e28ad2a0b,7280cd3e-548a-4609-a1cc-200f1e5cc910,,//download.snec.org.cn/SNEC/article/2025/05/24//企业简称中英文标识组合（标准色）—高分辨率-27086597.png,pv.snec.org.cn/api/getInviteCompanyList,2026
上海罗湖斯自动化技术有限公司,"Shanghai Luohu Si Automation Technology Co., Ltd",,,,e376b73c-bcb8-44bf-b039-17bce892728c,37b1a0bf-4f58-4cc1-9d9c-ea82e3acbf43,,//download.snec.org.cn/SNEC/article/2025/05/26//微信图片_20250526134914.PNG-88406672.png,pv.snec.org.cn/api/getInviteCompanyList,2026
扬州汇智新能源有限公司,"Yangzhou Huizhi New Energy Co., Ltd",,,,c4593476-fbe0-4534-b280-4933b030408a,572ac5bb-dfbf-4273-9c2d-d30ea69decb8,,//download.snec.org.cn/SNEC/article/2024/04/12//6fadadd56bc9474f2fd86297f7a894f-69667989.png,pv.snec.org.cn/api/getInviteCompanyList,2026
张家港市赛博科技有限公司,"ZHANGJIAGANG CITY SAIBO SCIENCE AND TECHNOLOGY CO.,LTD",,,,35143d82-9d11-48e1-9ab2-5caf0d6ec47a,e04181d3-083d-4337-9c91-7d5e3d4760e1,,//download.snec.org.cn/SNEC/article/2025/05/26//QQ图片20250526083113-83281616.png,pv.snec.org.cn/api/getInviteCompanyList,2026
日氟荣高分子材料（上海）有限公司,"NIFLON MACROMOLECULAR MATERIAL(SH)CO.,LTD.",,,,9d7b278b-0810-4948-994f-b336f899990a,42a2e36b-4c65-4ed1-8f63-cae9da517849,,//download.snec.org.cn/SNEC/article/2025/05/26//LOGO(小）-95296137.png,pv.snec.org.cn/api/getInviteCompanyList,2026
无锡茂耀光伏科技有限公司,"MY SOLAR TECHNOLOGY CO.,LTD.",,,,c6436569-ae0b-4755-9a78-36f3c056c464,b24706c4-aaa6-4e7a-b2c2-927cbbd1b942,,//download.snec.org.cn/SNEC/article/2025/05/26//茂耀LOGO截图-36830625.png,pv.snec.org.cn/api/getInviteCompanyList,2026
无锡旭邦精密机械有限公司,"WUXI SUPERTEAM PRECISION MACHINERY CO.,LTD",,,,923f5c8e-f16f-43f1-9aac-97d3827ddd2b,5c830ded-1b0b-414f-a8b5-c26d17492036,,//download.snec.org.cn/SNEC/article/2025/05/26//1748220306659-迅捷PDF转换器-37736715.png,pv.snec.org.cn/api/getInviteCompanyList,2026
苏州聚之义智能科技有限公司,"Suzhou Jutracker Technology Co.,Ltd.",,,,306a6673-2152-440d-9092-d98c8de7274f,6d7fde37-026e-4709-b8b4-cdcab9eb27f5,,//download.snec.org.cn/SNEC/article/2025/05/26//资源 1@30x-48511581.png,pv.snec.org.cn/api/getInviteCompanyList,2026
淄博同越电子有限公司,"Zibo Tongyue Electronics Co., Ltd.",,,,9f88c9e9-14ff-47c2-b09f-f216c250297a,b6937f59-5a76-4a2e-89cf-e062806aabba,,//download.snec.org.cn/SNEC/article/2025/05/26//同越电子标志-43210220.png,pv.snec.org.cn/api/getInviteCompanyList,2026
深圳市昱森机电有限公司,"Shenzhen Envision Motor Co.,Ltd",,,,cd1ecefc-6314-42d3-829e-a41c9d98ec15,8a90efc1-53db-46bb-b550-f30d52027399,,//download.snec.org.cn/SNEC/article/2025/05/26//昱森LOGO-45600251.png,pv.snec.org.cn/api/getInviteCompanyList,2026
江苏祥环科技有限公司,"Jiangsu Xianghuan Technology Co., Ltd.",,,,8fa6a98c-c8d0-41d6-a289-c1d25eba6e62,39086a89-0aed-47cd-b65a-4bfcc1b5dd85,,//download.snec.org.cn/SNEC/article/2025/05/26//微信图片_20241212095721_看图王-01371307.png,pv.snec.org.cn/api/getInviteCompanyList,2026
江苏来义包装机械有限公司,"Jiangsu Laiyi Packaging Machinery Co., Ltd",,,,8cdb464b-90c0-4358-bbfe-df16597c438f,9cef1dfb-fed1-4a0b-8ce0-d614817fcba1,e964e922-1c96-4064-83e6-4606ee6e0740,//download.snec.org.cn/SNEC/article/2024/04/01//logo-13848772.png,pv.snec.org.cn/api/getInviteCompanyList,2026
青岛育豪微电子设备有限公司,"Qingdao yuhao Microelectronics Equipment Co.,Ltd",,,,2ad77970-bb66-4d82-9bfd-d51951320856,f85db4ce-95f3-45d9-ba83-8edf7a39d9c4,,//download.snec.org.cn/SNEC/article/2025/05/26//公司LOGO-25313393.png,pv.snec.org.cn/api/getInviteCompanyList,2026
森松,Morimatsu,,,,bded3aca-a845-4f11-8027-e103e20d8911,c81cb684-77d9-4cbc-84fd-4e120b56ec57,,//download.snec.org.cn/SNEC/article/2025/05/26//森松Logo-70496121.png,pv.snec.org.cn/api/getInviteCompanyList,2026
张家港市春雷机械有限公司,"Zhangjiagang Chunlei Machinery Co., Ltd.",,,,504cdc13-a275-464b-9317-df283d4d781e,4f2424e4-38eb-4e05-9eae-79551b6360a8,,//download.snec.org.cn/SNEC/article/2025/05/27//春雷PNG-36731038.png,pv.snec.org.cn/api/getInviteCompanyList,2026
江苏海天微电子股份有限公司,Jiangsu haitian microelectronics corp,,,,a1aae7db-6633-48d5-b6c2-2d242ed83d45,352279aa-26e4-48ab-be2d-0db1d84fe5bf,,//download.snec.org.cn/SNEC/article/2025/05/26//海天-62809176.PNG,pv.snec.org.cn/api/getInviteCompanyList,2026
瑞达国际集团,Ritar International Group Limited,,,,9f0de913-6b2e-47ec-a37b-802b21658fec,73e673a6-b7dd-4487-9fe6-72aa99285e5f,,//download.snec.org.cn/SNEC/article/2025/05/26//微信图片_20250418113430-94186559.png,pv.snec.org.cn/api/getInviteCompanyList,2026
浙江埃特电气科技有限公司,"ZHEJIANG AITE ELECTRIC TECHNOLOGY CO., LTD",,,,d26086e1-23c3-4c5c-8986-7c3ae08e7048,9fe12216-47a2-4c7e-a857-dfc26115fe0e,,//download.snec.org.cn/SNEC/article/2025/05/26//logo无底-72943248.png,pv.snec.org.cn/api/getInviteCompanyList,2026
河北星哲紧固件制造有限公司,"Hebei Xingzhe Fastener Manufacturing Co., Ltd",,,,2d7512f8-f795-47f1-9270-31d05f48320f,acef570c-e768-480a-b36a-c8b898b96bdf,,//download.snec.org.cn/SNEC/article/2025/05/26//微信图片_20250523175128-93400505.png,pv.snec.org.cn/api/getInviteCompanyList,2026
杭州继保电气集团有限公司,"Hangzhou Jibao Electric Group Co.,Ltd.",,,,c8405da2-3305-4d95-8008-e5a7ba31d06e,40fdfde0-cfa6-4fdf-9e3c-957fe6b3600b,,//download.snec.org.cn/SNEC/article/2025/05/26//LOGO无底副本-81554352.png,pv.snec.org.cn/api/getInviteCompanyList,2026
大连科利德半导体材料股份有限公司,"Dalian Creditchem Semiconductor Materials Co., Ltd",,,,e61e4b55-60bb-4036-80ab-12a66ae0b6a1,48aec719-5c79-4dd7-aac6-04487428f627,,//download.snec.org.cn/SNEC/article/2024/04/22//科利德LOGO-74739739.png,pv.snec.org.cn/api/getInviteCompanyList,2026
合肥金泰克新能源科技有限公司,"JNTECH RENEWABLE ENERGY CO.,LTD",,,,e21610c8-53fa-4722-9cb7-a162b797c7db,6e70e8eb-cade-4980-b3de-3848267de5e6,,//download.snec.org.cn/SNEC/article/2025/05/26//logo-03431704.png,pv.snec.org.cn/api/getInviteCompanyList,2026
广东明阳光伏产业有限公司,"MINGYANG SOLAR CO,.LTD",,,,8451fc06-a363-4c31-b85d-5e240d7cedf4,f7505394-9b94-4656-b399-72a710a385b7,,//download.snec.org.cn/SNEC/article/2024/05/17//明阳集团logo定稿(竖版)-08159059.png,pv.snec.org.cn/api/getInviteCompanyList,2026
天津市保利盛钢管制造有限公司,"Tianjin Polysheng Steel Pipe Manufacturing Co., Ltd",,,,42e7c8f0-22b6-4f54-aa17-eced34fed341,ee23ba5f-7a3e-4fdd-9a26-ebf59d6517d3,,//download.snec.org.cn/SNEC/article/2025/05/28//QQ_1748402738998-92093804.png,pv.snec.org.cn/api/getInviteCompanyList,2026
上海万可姆高科技有限公司,"Shanghai Vacuum High-Tech Co.,Ltd",,,,577d75f9-6708-44c5-bc8b-10ae8be50778,b556487f-f53b-45b1-874d-1bd169903cd7,,//download.snec.org.cn/SNEC/article/2025/05/26//商标VAC-84668700.png,pv.snec.org.cn/api/getInviteCompanyList,2026
上海赫爽太阳能科技有限公司,"Shanghai Hi-show photovoltaic science&Technology Co.,Ltd.",,,,ce400e63-3b56-42ce-8ba4-59ee7d2175c9,5b1add8b-0070-4751-ada8-bd662ff1fba0,,//download.snec.org.cn/SNEC/article/2025/05/26//HSPV-LOGO（长形透明）-81433504.png,pv.snec.org.cn/api/getInviteCompanyList,2026
扬州阿斯特轻质柔性太阳能有限公司,"Yangzhou AST Flexible Solar Energy Co.,Ltd",,,,9b461f84-f434-4baa-bd99-6617dcc6f59d,e83f0da0-3a64-4c63-a1f7-0b083116c799,,//download.snec.org.cn/SNEC/article/2025/05/26//商标_副本-74064464.png,pv.snec.org.cn/api/getInviteCompanyList,2026
江苏瑞智中和新能源科技有限公司,"Jiangsu ENeutral New Energy Technology Co., Ltd.",,,,947d4bd5-3d09-406b-89a7-b2440dde720a,6d212e73-073c-414c-a305-77a60c73eb78,00aec401-7e8c-4ee1-b96b-b817f260eb3a,https://download.snec.org.cn/SNEC/article/2023/05/06//瑞智中和logo_画板 1-69527514.jpg,pv.snec.org.cn/api/getInviteCompanyList,2026
羲和电力有限公司,"Share Power Co.,Ltd.",,,,fbbb29b2-6810-4cdf-a6a8-689fda146ab3,ea98c79d-7e8b-4c9d-9632-8b4911880868,,//download.snec.org.cn/SNEC/article/2025/05/26//logo2-47865494.png,pv.snec.org.cn/api/getInviteCompanyList,2026
科电贸易（上海）有限公司深圳分公司,"ESE Trading (Shanghai) Co., Ltd. Shenzhen Branch",,,,d3b255e6-3dfe-48a4-b0a9-4da33be61ee8,1edfb3fc-40f6-4365-9f99-6729e97f333e,,//download.snec.org.cn/SNEC/article/2025/05/26//微信图片_20210728141220-38268091.png,pv.snec.org.cn/api/getInviteCompanyList,2026
拉普拉斯新能源科技股份有限公司,"LAPLACE Renewable Energy Technology Co.,Ltd.",,,,8ecdb21d-74c7-459d-966f-4b463c0e4bae,6f85b764-8baa-44f9-a88d-a4117ff8e984,,//download.snec.org.cn/SNEC/article/2025/05/26//5c0cac79cb96804ba100f99e7b138a9-24357294.png,pv.snec.org.cn/api/getInviteCompanyList,2026
江苏合盈新材料科技有限公司,"Jiangsu ALLWIN Materials Technology co., Ltd",,,,9feb6bcb-33bc-4e90-85f6-85be05329df2,0388aa97-1f70-44e1-864b-d1041ed45652,,//download.snec.org.cn/SNEC/article/2025/05/23//HY logo-39829251.png,pv.snec.org.cn/api/getInviteCompanyList,2026
广东科隆威智能装备股份有限公司,"Guang Dong Kelongwei HI-TECH Co.,Ltd.",,,,ca593462-5df9-4006-9902-85a7d0b48160,743ea7c9-d7e0-4561-b4e5-08fb727bbf86,,//download.snec.org.cn/SNEC/article/2025/05/27//2-57325376.png,pv.snec.org.cn/api/getInviteCompanyList,2026
内蒙古欧晶科技股份有限公司,"Inner Mongolia OJing Science & Technology Co., Ltd.",,,,9ac45343-ba74-48cd-9f48-a566772f48d8,a9996889-ac63-4174-ac46-ad632a9ae1c3,,//download.snec.org.cn/SNEC/article/2025/05/26//WechatIMG1457-44739774.png,pv.snec.org.cn/api/getInviteCompanyList,2026
友容新源电气（昆山）有限公司,"CFRIEND ELECTRIC (KUNSHAN) CO.,LTD.",,,,71dcef9b-c947-43b6-85a8-a4b26f3c2e39,a225df8d-33f5-4fcf-a12a-0870113c0449,,//download.snec.org.cn/SNEC/article/2025/05/26//CFRIEND LOGO-54738318.png,pv.snec.org.cn/api/getInviteCompanyList,2026
四川省威盾新材料有限公司,"Sichuan Weidun New Materials Co., Ltd",,,,d5a17ccc-f20f-4dbe-9c26-c08d357bd527,08662045-dc31-4e9b-adff-9b2e87804e76,,//download.snec.org.cn/SNEC/article/2025/05/26//logo-63451478.png,pv.snec.org.cn/api/getInviteCompanyList,2026
天津源泰德润钢管制造集团有限公司,"Tianjin Yuantai Derun Steel Pipe Manufacturing Group Co., Ltd",,,,4c095f5a-2a63-4cfe-9952-ad7f90cd7849,85477bf6-9f0e-4e4f-b9ec-ce5d59dfacd4,,//download.snec.org.cn/SNEC/article/2025/05/28//logo-69989024.png,pv.snec.org.cn/api/getInviteCompanyList,2026
天津鑫润恒信新能源科技发展有限公司,"Tianjin Xinrun HengXin New Energy Technology Development Co.,Ltd",,,,12f77b28-94ef-4731-9427-4d450fce4a3d,60edf293-42f5-4acf-905e-b14e95041203,,//download.snec.org.cn/SNEC/article/2025/05/24//鑫润恒信logo-62178981.png,pv.snec.org.cn/api/getInviteCompanyList,2026
广东太阳颂科技有限公司,"Guangdong Solarthon Technology Co.,LTD",,,,c69a3c4d-9a90-4467-9040-11e2db93db05,74acf6a2-dce9-440d-95ce-c7a595753ff1,,//download.snec.org.cn/SNEC/article/2025/05/26//太阳能颂LOGO-28554184.png,pv.snec.org.cn/api/getInviteCompanyList,2026
北京星日消防技术有限公司,Beijing Xingri Fire Technology Ltd. ,,,,8f2570b7-5a3d-48f3-8908-da3c692302a9,97c2e8cc-d8a7-4b2b-a4bf-7883a7131f13,,//download.snec.org.cn/SNEC/article/2025/05/26//LOGO-06114174.png,pv.snec.org.cn/api/getInviteCompanyList,2026
旭派国际贸易有限公司,"XUPAI INTERNATIONAL TRADE CO., LTD.",,,,eff17ae3-c46c-4f3d-af44-57d4501983b4,b1beb637-513a-4eeb-9c62-fb3e342e74df,,//download.snec.org.cn/SNEC/article/2025/05/27//旭派logo 2017年3月7日-82044976.png,pv.snec.org.cn/api/getInviteCompanyList,2026
德川技研精密机械（昆山）有限公司,"Detron Technology Research Precision Machinery(KunShan)Co.,Ltd",,,,3814373f-71b2-4361-b3f7-2fa542ce7518,5e4bd5a4-7e24-48fb-b07e-8687f678fb43,,//download.snec.org.cn/SNEC/article/2025/05/26//1748227284247-26524222.png,pv.snec.org.cn/api/getInviteCompanyList,2026
江苏亚威变压器有限公司,"JIANGSU YAWEI TRANSFORMER CO.,LTD",,,,0e3301fc-ce9b-4de1-b384-a3ad83978d1a,4efed499-e80b-4ad2-b0a7-5548ecae38ac,,//download.snec.org.cn/SNEC/article/2025/11/27//jiacu2-33566950.png,pv.snec.org.cn/api/getInviteCompanyList,2026
阳光能源控股有限公司,Solargiga Energy Holdings Limited,,,,ba2496fe-8b6a-4153-920f-640535b2cfe8,a4b9c38e-2c98-4090-8fc7-b7d922c7d756,,//download.snec.org.cn/SNEC/article/2025/05/26//阳光能源-横版简称-05673085.png,pv.snec.org.cn/api/getInviteCompanyList,2026
北京赛博联物科技有限公司,CYBERIOT,,,,0f2a0968-297a-44ae-bc83-fdad120431f6,a48f2615-3d02-4c28-acb8-0b3470d8028b,,//download.snec.org.cn/SNEC/img/2025/05/07//北京赛博-01-81030250.jpg,pv.snec.org.cn/api/getInviteCompanyList,2026
上海茂控机电设备有限公司,"Shanghai Maokong Electromechanical Equipment Co., Ltd",,,,5151d559-f635-42f8-999e-1f969ad982ef,04281157-165b-43d3-8466-42b193cac4f7,cc067507-8f8b-4b09-85c1-c74f77f17fe0,//download.snec.org.cn/SNEC/img/2025/05/21//mkLOGO-85314767.png,pv.snec.org.cn/api/getInviteCompanyList,2026
上海胜佰太阳能科技有限公司,"HANGHAI SUNBY SOLAR TECHNOLOGY CO., LTD.",,,,413bf13d-9c24-47c1-93fa-a70ad6dfea7b,fba4b8e7-5519-4509-a035-4f5aaf22582b,,//download.snec.org.cn/SNEC/article/2025/05/26//4e69ebc203823aab990412dcf8a2be4-08421141.png,pv.snec.org.cn/api/getInviteCompanyList,2026
中电电气(江苏)变压器制造有限公司,"China Electric Equipment (Jiangsu) Transformer Manufacture Co., Ltd.",,,,0f04bf86-cfd1-4ef4-a617-177c75ec9fb2,de9483e0-0f1e-4e50-832c-187a3673cd30,,//download.snec.org.cn/SNEC/img/2025/04/14//2022年中电电气LOGO 蓝色-22671051.png,pv.snec.org.cn/api/getInviteCompanyList,2026
中船黄冈贵金属有限公司,"CSSC Huanggang Precious Metals Co., Ltd.",,,,afa8e610-a97b-46c7-a40d-e9e78b6e40b9,b914a2f0-dd7c-4471-965d-a4312429c11b,,//download.snec.org.cn/SNEC/article/2024/06/05//微信图片_20230721145550-22660402.png,pv.snec.org.cn/api/getInviteCompanyList,2026
浙江德乐五金科技有限公司,ZHE JIANG DELE HARDWARE TECHNOLOGY CO.LTD,,,,556ead9a-ba30-4974-b0a4-311ac584a80b,6eac0d01-c77b-4541-9aee-345757af9e8f,,//download.snec.org.cn/SNEC/article/2025/05/26//德乐LOGO1-97640774.png,pv.snec.org.cn/api/getInviteCompanyList,2026
华润微电子有限公司,China Resources Microelectronics Limited,,,,0426271b-784e-4d13-ae0b-7c6cc7cf50ec,ee0e8337-5d69-47cd-ab2a-a5bf448312b5,,//download.snec.org.cn/SNEC/article/2025/05/27//华润微logo RGB—电子显示1-54863048.png,pv.snec.org.cn/api/getInviteCompanyList,2026
常州市和普电子科技有限公司,"Hopetech Electronic Technologies Co., Ltd",,,,da675d13-df3b-4524-b13c-fc40c30c3ea8,7cc6ccfa-a998-46a1-a809-10ae7de2ee08,,//download.snec.org.cn/SNEC/article/2025/05/26//logo蓝色_-92735562.png,pv.snec.org.cn/api/getInviteCompanyList,2026
浙江司坦电气有限公司,"Zhejiang Sitan Electric Co., Ltd",,,,b8a47d6c-fa93-4c85-b317-5e2b90e7fbb5,7de70d83-5f36-4934-a2f9-125dc5231b88,,//download.snec.org.cn/SNEC/article/2025/05/26//司坦logo-34163706.png,pv.snec.org.cn/api/getInviteCompanyList,2026
安徽壹石通材料科技股份有限公司,"Anhui Estone Materials Technology Co., Ltd.",,,,ac7fafc0-af2e-47d7-90fc-cdf641da3c37,05368055-93c6-4795-bf3f-ea2e8a895636,,//download.snec.org.cn/SNEC/article/2025/05/27//壹石通LOGO彩色(1)-42637959.png,pv.snec.org.cn/api/getInviteCompanyList,2026
广西隆林利通线缆科技有限公司,"GUANG XI LONG LIN LI TONG CABLE TECHNOLOGY CO.,LTD",,,,659519dc-ef90-43b2-971f-e98b615bdd9b,78e28cdd-74ac-447e-9b40-9655faf646d5,,//download.snec.org.cn/SNEC/article/2025/05/26//charleswuqiuyi-13899148.png,pv.snec.org.cn/api/getInviteCompanyList,2026
深圳市金楚瀚科技有限公司,KINGCHAN,,,,051ad4a6-768b-40f4-b348-ffc69beb7731,37a4afa9-ea55-4caf-a654-76ad9011f860,,//download.snec.org.cn/SNEC/img/2025/04/28//图片1-23692261.png,pv.snec.org.cn/api/getInviteCompanyList,2026
东莞市常友实业有限公司,"DONGGUAN A FRIEND INDUSTRIAL CO., LTD",,,,98cc8ed3-c82d-4b26-b076-8714c54d2d89,a0777879-c686-4de6-bbc5-296292ee58a6,,//download.snec.org.cn/SNEC/article/2025/05/26//9-26922621.png,pv.snec.org.cn/api/getInviteCompanyList,2026
万托科技（嘉兴）有限公司,OneTop Technology（Jiaxing）Co.，Ltd.,,,,28829126-c758-40ff-a30b-6db103f0582e,12d04703-71f9-42b5-8115-66a6ff54e008,,//download.snec.org.cn/SNEC/article/2025/05/28//QQ_1748424845316-49527501.png,pv.snec.org.cn/api/getInviteCompanyList,2026
嘉兴市盛央电气股份有限公司,"Jiaxing Shengyang Electric Co.,Ltd",,,,69e64545-6d9b-46b0-aa7f-b0d710514e1b,d86adebe-adf7-47d1-979e-006ebc74b1e5,,//download.snec.org.cn/SNEC/article/2025/05/26//盛央logo1-54346678.png,pv.snec.org.cn/api/getInviteCompanyList,2026
上海复旦微电子集团股份有限公司,"Shanghai Fudan Microelectronics Group Co., Ltd",,,,824e49eb-2717-4f34-9e79-045041be66b5,fbacd4c1-a7b2-4b6f-8b35-19878a0d71d1,,//download.snec.org.cn/SNEC/article/2025/05/26//透明图-99051857.png,pv.snec.org.cn/api/getInviteCompanyList,2026
贺利氏光伏,Heraeus Photovoltaics,,,,3e7614ec-ba5e-4213-bbd6-a17f3d61017f,5c3358cc-fea3-4c1f-9ad0-178a8efc584d,,//download.snec.org.cn/SNEC/article/2024/04/23//heraeus logo-86200757.png,pv.snec.org.cn/api/getInviteCompanyList,2026
山东星腾新材料科技有限公司,"Shandong Xingteng New Material Technology Co., Ltd",,,,9ce7f910-54d7-4d5e-90b9-bffcd562b7ef,cf3eed03-c5e2-41d1-b817-0ab3ed84f714,,//download.snec.org.cn/SNEC/article/2025/05/26//logo-15819607.png,pv.snec.org.cn/api/getInviteCompanyList,2026
牛尾贸易（上海）有限公司,USHIO SHANGHAI，INC.,,,,a5f61a9a-c8d0-4dcf-bc92-b98cec104cf1,8adc3980-ad3a-4227-8756-e004438047dc,,//download.snec.org.cn/SNEC/article/2025/05/26//LOGO-59681002.png,pv.snec.org.cn/api/getInviteCompanyList,2026
福建正阳汽车部件有限公司,FUJIAN JOYYOUNG AUTOMOBILE INDUSTRY CO，LTD,,,,aa0afd58-efdc-4cd8-a2fa-4bb1d5085ffe,387d7b9e-9612-42b5-8de4-7544ed6c1c8c,7682dd97-8a72-4c2a-87c9-0c93af1ee6eb,//download.snec.org.cn/SNEC/img/2024/04/08//复件 (3) logo-25460516.jpg,pv.snec.org.cn/api/getInviteCompanyList,2026
安徽沃博源科技有限公司,"Anhui Woo Power Tech Co., Ltd",,,,978d2ff6-e250-4e08-8e14-f8758cac2fa9,658cf7f3-869e-4749-8f93-8c5c9260faf5,,//download.snec.org.cn/SNEC/article/2025/05/26//沃博源logo1-03590298.png,pv.snec.org.cn/api/getInviteCompanyList,2026
邯郸市富北金属制品有限公司	,"Handan Fubei Metal Products Co., Ltd.",,,,2803175f-5787-4924-b579-dfd34b226641,a540a224-dde6-4a78-9ce7-83bad11a6cca,,//download.snec.org.cn/SNEC/article/2025/05/27//B((CIQEALA3)OQQ7ZYZ`Z%6-63232335.png,pv.snec.org.cn/api/getInviteCompanyList,2026
苏州诚拓智能装备有限公司,"Suzhou chengtuo Intelligent Equipment Co., Ltd",,,,550e4c03-f367-4146-b5e2-8e9c60afff27,bc51f297-ea71-47e8-a4f5-036f391e4a3b,,//download.snec.org.cn/SNEC/article/2024/03/08//公司logo-14264280.png,pv.snec.org.cn/api/getInviteCompanyList,2026
安徽矢量新能源科技有限公司/安徽国芯新材料股份有限公司,"ANHUI VECTOR NEW ENERGY TECHNOLOGY CO., LTD/ANHUI GUOXIN NEW-MATERIALS CO.,LTD",,,,1f683cf8-dcae-43f3-b468-3af05f4cd24d,3b711908-a3cd-488e-a25f-c64222570246,,//download.snec.org.cn/SNEC/article/2025/05/27//屏幕截图 2025-05-27 092431-61700540.png,pv.snec.org.cn/api/getInviteCompanyList,2026
湖南瑞仪卡电子科技有限公司,"HUNAN RIKA ELECTRONIC TECH CO., LTD",,,,d613815b-5deb-45e1-b33a-bfcaa159ffcf,5804d63b-8027-4c99-a0ec-c8c335cb018c,,//download.snec.org.cn/SNEC/article/2025/05/27//QQ图片20250527161508-36305361.png,pv.snec.org.cn/api/getInviteCompanyList,2026
江苏君航高新材料科技有限公司,"Jiangsu Junhang High tech Materials Technology Co., Ltd",,,,b807ef35-e7aa-4851-b560-6c15927dc95a,c5f05053-bc1a-42d8-a17c-1e49ef4af109,,//download.snec.org.cn/SNEC/article/2025/05/26//图片1-20033800.png,pv.snec.org.cn/api/getInviteCompanyList,2026
郑州德瑞智能科技有限公司,"Zhengzhou Derui Intelligent Technology Co., Ltd.",,,,271ba6dc-143f-45ae-a57b-5cdb42c7b528,921c95ef-1658-47d1-80dd-fbe47093b7fd,,//download.snec.org.cn/SNEC/article/2025/05/26//logo高清png - 副本-96400894.png,pv.snec.org.cn/api/getInviteCompanyList,2026
河北骅石新材料科技有限公司,Hebei Huashi New Material Tech. Co. Ltd.,,,,c4a03452-b2cb-4782-a438-c11a29898844,e8d31ab1-805f-40c6-8ec1-128eedb6d3aa,,//download.snec.org.cn/SNEC/article/2025/05/26//骅石LOGO-24747112.png,pv.snec.org.cn/api/getInviteCompanyList,2026
北京波粒新为科技有限公司,"	Beijing WPLna Technology Co.,Ltd.",,,,99ca83e4-74db-449f-bece-7a479ebe9cc6,4927b96d-36e3-4621-bb25-319d8955fab0,,//download.snec.org.cn/SNEC/article/2025/05/26//波粒logo1-36145688.png,pv.snec.org.cn/api/getInviteCompanyList,2026
长园科技集团股份有限公司,ChangYuan Technology Group LTD.,,,,ece1c76f-7f07-4e38-beb6-5906cd9c4452,c8bf6286-11e3-4277-a010-0997261eb296,7bab1733-c65f-451a-9371-83fd4094d9da,//download.snec.org.cn/SNEC/img/2025/04/17//CYG长园（原色）-61495996.png,pv.snec.org.cn/api/getInviteCompanyList,2026
因耐顿（浙江）电气科技有限公司,"Innerton(zhejiang)EiectrlcalTechnology co.,Ltd",,,,396e605d-d871-45d4-925e-2ee9ea0518cc,50147daf-4257-4b58-8a87-8af0f098d17f,,//download.snec.org.cn/SNEC/article/2025/05/27//1748310430955-98877412.png,pv.snec.org.cn/api/getInviteCompanyList,2026
苏州超缘电缆有限公司,"Suzhou Chaoyuan Cable Co.,Ltd.",,,,32c2bf3b-c99b-406c-9261-4bd60e3a229e,bd15ed9a-8d28-456f-bebc-5d563324d752,,//download.snec.org.cn/SNEC/article/2025/05/27//logo(1)-05532943.png,pv.snec.org.cn/api/getInviteCompanyList,2026
惠丰钻石股份有限公司,"Huifeng Diamond Stock Co., Ltd.",,,,064ce6e5-6ee7-4381-93af-b905e46b6b65,fcb8c81c-e750-4531-be2a-ad883fa482e3,,//download.snec.org.cn/SNEC/article/2025/05/27//中文logo-85681077.png,pv.snec.org.cn/api/getInviteCompanyList,2026
宁波播阳能源科技有限公司,"Ningbo Boyang Energy Technology Co.,Ltd",,,,14850c7d-3a83-49dc-a070-f331ecb391ee,f94cb8f9-03a7-467a-9482-20fc186cd4e2,,//download.snec.org.cn/SNEC/article/2025/05/27//logo(1)-28337804.png,pv.snec.org.cn/api/getInviteCompanyList,2026
高山科技,GOSANTECH,,,,77f0a43a-65b0-4d1f-b0df-1cf4d29890f0,c489bc1a-a7d0-4232-baa6-5bd9db74c996,,//download.snec.org.cn/SNEC/article/2025/12/04//GOSANLOGO-19930899.png,pv.snec.org.cn/api/getInviteCompanyList,2026
吉翔半导体设备（无锡）有限公司/ 吉姆西半导体科技（无锡）有限公司,"G-FLYING Co., Ltd./GMC Semitech Co.,Ltd.",,,,f007a59d-9815-45a8-aceb-0339e0768199,813ae8d0-6f1e-4be2-b295-a801c8385b1c,,//download.snec.org.cn/SNEC/article/2025/05/27//吉翔PNG-48736719.png,pv.snec.org.cn/api/getInviteCompanyList,2026
江苏宇烁鑫新能源科技有限公司,"Jiangsu Yushuoxin New Energy Technology Co., Ltd.",,,,d41aaa5a-b422-485d-9029-3fb072c01beb,49e5d926-9389-41c5-8e6e-1f28dc33b43f,,//download.snec.org.cn/SNEC/article/2025/05/28//QQ_1748425053465-60174301.png,pv.snec.org.cn/api/getInviteCompanyList,2026
深圳乔合里科技股份有限公司,"Chogori Technology Co.,Ltd",,,,1b7ea27a-9340-44d5-8848-9cb6bf54ca12,8f128cdc-33a2-41d3-a64b-c6a9826c6c4c,,//download.snec.org.cn/SNEC/article/2025/05/27//乔合里logo-93118885.png,pv.snec.org.cn/api/getInviteCompanyList,2026
浙江兴欧特智能驱动有限公司,"ZHEJIANG KINGAUT INTELLIGENT TECHNOLOGY CO., LTD",,,,5d196adb-e02c-4df9-96b2-8eb174d8c2b3,e0978778-e2eb-4c27-9691-79630adcccf1,,//download.snec.org.cn/SNEC/article/2025/05/27//兴欧特-17475117.png,pv.snec.org.cn/api/getInviteCompanyList,2026
安徽汇大新能源科技有限公司,"ANHUI HUIDA NEW ENERGY TECHNOLOGY CO., LTD",,,,0c4edda7-0016-421d-91ec-6809d79903f9,041dc81a-b36a-42ff-b002-ebb9ec687871,,//download.snec.org.cn/SNEC/article/2025/05/27//2-23209356.png,pv.snec.org.cn/api/getInviteCompanyList,2026
江阴海达橡塑股份有限公司,Jiangyin Haida Rubber And Plastic CO/LTD,,,,98b647d0-c955-4a2d-a28a-bbe4567acc16,9f2e2435-d05e-4bf0-8d5d-71a535e0b3a3,,//download.snec.org.cn/SNEC/article/2025/05/26//海达logo-47821630.png,pv.snec.org.cn/api/getInviteCompanyList,2026
高屋智能印刷技术（昆山）有限公司,"TAKAYA Intelligent Printing Technology (Kunshan) Co., LTD",,,,195690b1-9b20-40e8-be08-7ab7ca6a5db3,eb8e6c9a-3d43-4468-838d-d7d759b03636,,//download.snec.org.cn/SNEC/article/2025/05/26//2-08469521.png,pv.snec.org.cn/api/getInviteCompanyList,2026
江苏天合元氢科技有限公司,"Jiangsu Trina Green Hydrogen Technology CO., Ltd.",,,,77b6263b-c854-4f51-86c5-5210db7116b7,462f653e-9e2c-4116-b511-c9826035eb41,34fd0ed5-08f8-4f81-aa9f-289e115369f1,//download.snec.org.cn/SNEC/article/2024/08/19//天合元氢_PNG-05154991.png,pv.snec.org.cn/api/getInviteCompanyList,2026
南京荣泰电气自动化有限公司,"Nanjing Run-Time Automation Co.,Ltd",,,,7369b035-5138-42d9-897f-1574f2f64c88,716765ce-37a3-44a4-8e2d-8301e7486c5a,,//download.snec.org.cn/SNEC/article/2025/05/27//logo-34737057.png,pv.snec.org.cn/api/getInviteCompanyList,2026
江苏东海半导体股份有限公司,"Jiangsu Donghai Semiconductor Co., Ltd.",,,,b0afe97f-e90e-4505-bc49-a89cc18ef112,3caf851b-720d-4e17-8036-be04db7dce36,,//download.snec.org.cn/SNEC/article/2025/05/27//公司logo-85635962.png,pv.snec.org.cn/api/getInviteCompanyList,2026
艺唯科技股份有限公司,Electronic Wav Technology Co.，Ltd.,,,,8c57cce4-bcf2-4808-b74b-a9ac02777277,923bdf77-86bc-4ac7-a150-01d4ee948a1f,58731b3b-c674-450b-8957-635ac0a6a0c7,//download.snec.org.cn/SNEC/img/2025/04/29//微信图片_20250429162015-69234073.png,pv.snec.org.cn/api/getInviteCompanyList,2026
厦门优而美新能源科技有限公司,"XIAMEN YURB SOLAR TECHNOLOGY CO.,LTD.",,,,8e1321e1-a2f8-4f27-b33c-13a353ef94fe,7c0d6f3e-a653-41c2-ae6a-97491fb2debe,,//download.snec.org.cn/SNEC/article/2025/05/27//优而美-55421880.png,pv.snec.org.cn/api/getInviteCompanyList,2026
杭州萧山顺和金属软管有限公司,"HANGZHOU XIAOSHAN SHUNHE METAL HOSE CO.,LTD",,,,380bceab-3cb5-4733-af35-394936764289,01e90e92-dcef-42f6-add9-66c127356067,,//download.snec.org.cn/SNEC/article/2025/05/27//EAGLE LOGO-03507958.png,pv.snec.org.cn/api/getInviteCompanyList,2026
上海良信电器股份有限公司,"Shanghai Liangxin Electrical Co., Ltd.",,,,092e631f-3096-49f7-9db9-ef0ffb2a9714,315f4d9c-5613-408e-9b69-04b5abeffea2,f0616c4e-69ae-4031-add6-d42060352fcc,//download.snec.org.cn/SNEC/img/2025/04/27//logo-19997483.png,pv.snec.org.cn/api/getInviteCompanyList,2026
上海雷郎电器设备制造有限公司,,,,,1619d38d-023f-4d43-933c-bc7b427a2f94,837cdbca-0f8d-4ea4-867e-de3ea6772ceb,d9d50877-1c63-40eb-bc25-905791d9922c,//download.snec.org.cn/SNEC/img/2025/04/21//Logo克莱因蓝ccc-81882849.png,pv.snec.org.cn/api/getInviteCompanyList,2026
常州市杰洋精密机械有限公司,"CHANGZHOU JIEYANG PRECISION MACHIERY CO.,LTD.",,,,e1375df3-58a8-4a8e-bac5-67ce4a820a63,4f8c1da4-795a-47a5-9e3d-d52b02a752c2,,//download.snec.org.cn/SNEC/article/2025/05/27//杰洋PNG-91173478.png,pv.snec.org.cn/api/getInviteCompanyList,2026
常州亿合新能源科技有限公司/常州电多多能源科技有限公司,"Changzhou Eco-Hope New Energy Technology Co.,LTD/Changzhou Powersourcing Energy Technology Co.,LTD",,,,26afc214-56a4-401d-aa51-b580ec0c6bc5,d8aa783c-3e95-4d7e-af2e-4f4bfde49ce7,7af55bd0-951a-4e5c-aef9-3274e82e1d39,//download.snec.org.cn/SNEC/img/2024/04/16//亿合logo-37312961.jpg,pv.snec.org.cn/api/getInviteCompanyList,2026
浙江尚博能源科技股份有限公司,"Zhejiang Sunpro Power Technology Co., Ltd",,,,8f94aa89-b68f-4280-8d59-06ac72805009,03429eb1-03d3-4f9d-8104-82ed22ef7521,e2b2dd7f-6ad0-4f5f-a1be-584563d9ec33,//download.snec.org.cn/SNEC/img/2025/04/15//YHSUNPRO logo-17564897.png,pv.snec.org.cn/api/getInviteCompanyList,2026
英福康（广州）真空仪器有限公司,"INFICON (Guangzhou) Instruments Co.,Ltd.",,,,43515955-bfa4-465b-838e-5f7ffb7bf62f,5607b6d1-bc95-4117-aea0-0afb14541af8,a5d76ff4-1289-480c-a42b-0cc102f550ba,//download.snec.org.cn/SNEC/img/2024/04/18//100k logo-97836929.jpg,pv.snec.org.cn/api/getInviteCompanyList,2026
正信光电科技股份有限公司,"ZNSHINE PV-TECH CO., LTD.",,,,7b72ee97-3abf-4153-a208-615fb9035861,bc52dfd9-207c-4764-9b41-b892b2ce82f8,fae87c1c-c203-4947-bd37-9f1a137ef18a,//download.snec.org.cn/SNEC/img/2025/04/23//中英文2-42646654.png,pv.snec.org.cn/api/getInviteCompanyList,2026
易格斯（上海）拖链系统有限公司,"igus (Shanghai) Motion Plastics Co ., Ltd",,,,0d286a95-fafa-45a3-b2c1-f7bd24bd0317,9378a50c-f69e-495f-b482-b7938e0f1ba1,f1b41807-c599-4255-acd1-3a34815043c3,//download.snec.org.cn/SNEC/img/2025/04/18//igus single logo-31805873.ai,pv.snec.org.cn/api/getInviteCompanyList,2026
上海洪朴信息科技有限公司,"Shanghai Hongpu Information Technology Co., Ltd",,,,df74261d-5bde-4d54-8d6e-55409b05e085,dd558993-ca9d-4e0b-aace-6b2a996daa65,f0e80934-2e5f-40c9-b97c-6200f55b2c19,//download.snec.org.cn/SNEC/article/2024/01/03//logo1-69547671.jpg,pv.snec.org.cn/api/getInviteCompanyList,2026
仁卓智能科技有限公司,"EnerTrack Technology Co.,Ltd",,,,2ee0d9d5-7c78-4f97-b70d-22afd31f18ec,46449882-cd55-4dd4-ae1b-368a02f748d7,83b7a545-b517-4433-accb-097de71692e8,https://download.snec.org.cn/SNEC/article/2025/05/29//仁卓智能科技-94936470.png,pv.snec.org.cn/api/getInviteCompanyList,2026
重庆同辉气体有限公司,"Chongqing Tonghui Kefa Gas Co.,Ltd",,,,2e8b4230-8e82-493f-ad4c-2a2581478a4e,76148d1a-6cd5-4b2c-b4e6-dbacd1719cf0,44505a4d-7222-452b-980c-2b70ead658a4,//download.snec.org.cn/SNEC/img/2025/04/28//098d75d22bfed2c69dacbdea002f320-72884447.png,pv.snec.org.cn/api/getInviteCompanyList,2026
广东科鼎功能材料有限公司, ,,,,078df50f-490d-4f9b-9d28-c04fe6ea7f8d,1e71c894-3284-437b-a581-3a6f4a2f8071,9c48593d-cf99-4444-82ce-c1feaac02cd2,//download.snec.org.cn/SNEC/img/2025/03/05//KDD logo-22345903.png,pv.snec.org.cn/api/getInviteCompanyList,2026
上海睿池供应链管理有限公司, ,,,,efc8d1e6-58f2-4e6f-95b8-1ed93ea2cd8b,fdd2a780-e107-4238-a813-46b5a111b1d9,f926c3be-733c-45a6-8b00-063cedad9c5c,//download.snec.org.cn/SNEC/img/2025/04/21//睿池logo-01-36230527.jpg,pv.snec.org.cn/api/getInviteCompanyList,2026
浙江亿腾电气科技有限公司,"ZHEJIANG ETEK ELECTRICAL TECHNOLOGY CO.,LTD.",,,,3d692604-4131-4e8a-ace9-a10f82692a63,a3a2056c-1f08-47a4-9b97-a8ff5ca513d2,dd2ce792-892c-4bd6-a3e3-82b3466c8bad,//download.snec.org.cn/SNEC/img/2025/05/06//ETEK商标橙色-97652584.png,pv.snec.org.cn/api/getInviteCompanyList,2026
广东传琦精密科技有限公司,"GUANGDONG CHUANQI PRCISION TECHNOLOGY CO.,LTD",,,,64755f68-a032-4609-b722-050701bdfb14,b49a93d6-3b0f-40cc-83ff-9b4295a3283a,,//download.snec.org.cn/SNEC/article/2025/05/27//TUPIAN-03702535.png,pv.snec.org.cn/api/getInviteCompanyList,2026
绍兴合田新能源有限公司,"Shaoxing Hotian New Energy Co., Ltd.",,,,55082d87-5fb5-4249-9d08-685b042752d6,3b868196-320d-4701-88da-12b0624cba30,,//download.snec.org.cn/SNEC/article/2025/05/27//HOTIAN-合田（确认版2025.2.7）-70774377.png,pv.snec.org.cn/api/getInviteCompanyList,2026
天津亿晟钢铁有限公司,"Tianjin Yisheng Steel Co., Ltd",,,,e62c2234-c121-468b-ad0b-7995fb92a0ba,189c27e5-24c6-4f9c-9798-bde32a7b7442,,//download.snec.org.cn/SNEC/article/2025/05/27//LOGO-49255645.png,pv.snec.org.cn/api/getInviteCompanyList,2026
长沙奇古新能源科技有限公司,"Changsha QIGU New Energy Technology Co ., Ltd ",,,,80989209-76dd-4d6f-b526-b8f9178f464e,9d343e1b-c3c9-44af-a365-a478af99b323,,//download.snec.org.cn/SNEC/article/2025/05/27//微信图片_202306301502252_副本-86673404.png,pv.snec.org.cn/api/getInviteCompanyList,2026
常熟开关制造有限公司（原常熟开关厂）,"CHANGSHU SWITCHGEAR MFG. CO. ,LTD. (FORMER CHANGSHU SWITCHGEAR PLANT)",,,,789507dd-cf7a-4b18-a6a1-8f6127837996,3e028068-6fc3-448d-8ca7-3cf75c18bd61,,//download.snec.org.cn/SNEC/article/2025/05/27//fang副本-88572239.png,pv.snec.org.cn/api/getInviteCompanyList,2026
慈溪市天乐电子有限公司,"CIXI TIANLE ELECTRONICS CO.,LTD",,,,4e431496-7b46-4e16-90c8-8ce063737299,2f3f7c20-4290-4493-8e4d-45667e12f7b5,,//download.snec.org.cn/SNEC/article/2025/05/27//LOGO-13747401.png,pv.snec.org.cn/api/getInviteCompanyList,2026
温州凯立电气有限公司," Wenzhou Kinee Electrical Co., Ltd.",,,,eb97e22a-713c-4b04-bd48-4dd412d905ab,10c56e94-6997-4cee-8b15-8b9a3168de73,,//download.snec.org.cn/SNEC/article/2025/05/27//凯立-51879152.png,pv.snec.org.cn/api/getInviteCompanyList,2026
天长市富安电子有限公司,"Tianchang Fuan Electronics Co., Ltd",,,,b083b13d-574a-4e6a-8a6c-9e648494911b,8c519d58-781c-4242-83b7-94a7eb606d64,,//download.snec.org.cn/SNEC/article/2025/05/27//天长市富安电子有限公司LOGO-56540928.png,pv.snec.org.cn/api/getInviteCompanyList,2026
绵阳皓华光电科技有限公司,"Mianyang Haohua Solar Technology Co., Ltd.",,,,63949d16-18d7-4993-8d7c-bdea44aefea7,fcf66cb4-43f0-4508-befd-3cc9ba57593c,096753a0-b9c1-404e-ba85-445bfaa2d7b0,//download.snec.org.cn/SNEC/article/2023/05/19//横3-79155395.png,pv.snec.org.cn/api/getInviteCompanyList,2026
深圳创维光伏科技有限公司/江苏创维新能源科技有限公司,"Shenzhen Skyworth Photovoltaic Technoplogy Co.,Ltd",,,,e12805f0-7243-434b-b819-50d3dc5ff0af,ff40370f-226a-4cc2-996c-d9b6556cfba5,5176a7f1-075d-4396-895d-9e7e738c9bc1,//download.snec.org.cn/SNEC/img/2024/04/23//居中排版_蓝色-36859614.png,pv.snec.org.cn/api/getInviteCompanyList,2026
深圳光远智能装备股份有限公司,"Shenzhen Guangyuan Intelligent Equipment Co., Ltd  ",,,,0731315e-e233-4242-9468-db2ab6ff5faf,226b1212-a288-49b7-85ca-326eae719245,2b3750b4-2e85-4f3c-bde0-1ceba2a0b3b3,//download.snec.org.cn/SNEC/article/2024/04/10//73b8a5570b56eed4cdd580e77595648-95892589.png,pv.snec.org.cn/api/getInviteCompanyList,2026
江苏隆宇新材料有限公司,Jiangsu Lonmax Advanced Materials  Co,,,,7a74ff86-4ec5-40bf-8fa0-8f82c47aaec9,0ddd4a84-a605-4317-ae7c-fe4b95c9c036,,//download.snec.org.cn/SNEC/article/2025/05/27//714c34dfbaebe9ccebef9ca57829e3a-44043062.png,pv.snec.org.cn/api/getInviteCompanyList,2026
江苏芯科新能源有限公司,"Jiangsu Thinkpower New Energy Co., Ltd.",,,,5e85e790-c180-49c2-9695-4b681be803e9,21cdb8ef-e0af-46f9-ae05-73691e3f1f5b,,//download.snec.org.cn/SNEC/article/2025/05/27//Thinkpower新logo 2023_00-91828858.png,pv.snec.org.cn/api/getInviteCompanyList,2026
扬州通利冷藏集装箱有限公司,"Yangzhou tonglee reefer container co., ltd. ",,,,b969d6f0-f95c-42e6-bbb5-b3c573b2da47,d30eea51-deaa-4c45-bee6-029f4fe6bb20,,//download.snec.org.cn/SNEC/article/2025/05/27//1221-76382008.png,pv.snec.org.cn/api/getInviteCompanyList,2026
河北宾采尔电器有限公司,"Hebei Binzel Electric Applicance Co.,Ltd.",,,,894db1fc-00b9-4d87-beb5-52acb862ddfe,d92623de-644e-4b0f-91a9-f22cb71659ec,,//download.snec.org.cn/SNEC/article/2025/05/27//宾采尔PNG-69348444.png,pv.snec.org.cn/api/getInviteCompanyList,2026
卫德亿检测技术（上海）有限公司,VDE Renewables GmbH,,,,59c07200-44d7-479e-895e-48799a420c7a,519569cc-c552-4167-9bac-39b11277a1fc,,//download.snec.org.cn/SNEC/article/2025/05/28//QQ_1748403757548-90970596.png,pv.snec.org.cn/api/getInviteCompanyList,2026
勤晟（天津）钢铁发展有限公司,"Qinsheng (Tianjin) Steel Development Co., Ltd",,,,cf9dc383-2f05-4494-b135-b46bd0745b56,a164a762-dc9f-4641-81c9-d6aa46db7760,,//download.snec.org.cn/SNEC/article/2025/05/27//微信图片_20250527160018-03700130.png,pv.snec.org.cn/api/getInviteCompanyList,2026
天津市华耀钢铁有限公司/天津中汇万科新能源科技有限公司,"Tianjin Zhonghui Vanke New Energy Technology Co.,Ltd. ",,,,b31788c1-d3f0-459a-bc68-3f7550f4a184,5f4b5120-1225-4311-b0f1-6c30470ce0d7,,//download.snec.org.cn/SNEC/article/2025/05/27//华耀PNG-67674285.png,pv.snec.org.cn/api/getInviteCompanyList,2026
天津市泓毅农业科技有限公司,Tianjin Hongyi Agricultural Technology Co,,,,bd25edfb-d7cf-49c0-81e9-1e1bc88cb4dd,54138613-e1d1-4798-9060-e3aa5d20fb5a,,//download.snec.org.cn/SNEC/article/2025/05/27//泓毅logo-37287008.png,pv.snec.org.cn/api/getInviteCompanyList,2026
惠州市可立克电子有限公司,"HUIZHOU CLICK ELECTRONICS CO.,LTD",,,,1a71c7e7-8201-4692-a1da-6a413c7a308c,0bc15042-44f6-4d7e-a0cc-849b31a65f8b,,//download.snec.org.cn/SNEC/article/2025/05/27//可立克-80003949.png,pv.snec.org.cn/api/getInviteCompanyList,2026
东莞市野牛智能装备有限公司,"Dongguan Yeniu Intelligent Equipment Co., Ltd",,,,d3c2f4a1-4153-4bca-b94b-3d70e9be25f9,1fcee815-b1fa-4059-a805-1bb4b27e32bb,,//download.snec.org.cn/SNEC/article/2025/05/27//011cdd2e1acdbdda5ffcfbb457d5187-73714105.png,pv.snec.org.cn/api/getInviteCompanyList,2026
⻘岛祥荣达国际货运代理有限公司,"Qingdao Xiangrongda International Freight forwarder Co.,LTD",,,,e6604fc9-bd25-4fbc-994f-18483be03436,a05b45ff-7b92-4a8c-8a69-5058d7c2d492,,//download.snec.org.cn/SNEC/article/2025/05/27//微信图片_20250527155643(1)-68724177.png,pv.snec.org.cn/api/getInviteCompanyList,2026
浙江耐思威智能制造有限公司,"Zhejiang Niceway Intelligent Manufacturing Co., LTD",,,,71c41849-da28-403f-81ae-0c3c8fc38be3,892cf9b5-b15b-459e-98b8-b46e4f350b54,,//download.snec.org.cn/SNEC/article/2025/05/27//1、logo-55115270.png,pv.snec.org.cn/api/getInviteCompanyList,2026
伊特纳能源科技（大连）有限公司,"Eternal Energy Technology Co.,Ltd.",,,,aa1210c7-1374-4c88-b2f5-be560819f43d,f3bb07a9-e69c-4636-9b5d-d73c0a33cf8d,,//download.snec.org.cn/SNEC/article/2025/05/28//logo-44980648.png,pv.snec.org.cn/api/getInviteCompanyList,2026
恒丰泰精密机械股份有限公司,"HENGFENGTAI PRECISION MACHINERY CO.,LTD",,,,8ecfaf25-67b8-42e0-84b3-c7535d959222,396ff086-9fa0-49ea-b612-7b905b3089c2,b54b76cc-2e17-49ae-a24e-2ac8c824a47a,//download.snec.org.cn/SNEC/img/2023/03/22//恒丰泰LOGO-63563146.jpg,pv.snec.org.cn/api/getInviteCompanyList,2026
湘潭宏大真空技术股份有限公司,"Xiangtan Hongda Vacuum Technology Co., Ltd.",,,,eb792489-d455-4f6f-9cd0-5b412fea0883,f5de132d-1900-445f-91ac-e1e61202b924,,//download.snec.org.cn/SNEC/article/2025/05/28//1-94145860.png,pv.snec.org.cn/api/getInviteCompanyList,2026
上海加力气体有限公司,"Shanghai Chinllenge Gases Group Co., Ltd",,,,3df5e686-a8e6-4877-b34d-453717000826,b8711119-90f0-47f5-a342-ed1bccbadbc1,4b34b23c-dd05-49bb-acd4-83e0f123cf57,//download.snec.org.cn/SNEC/article/2023/05/17//公司logo-31659519.jpg,pv.snec.org.cn/api/getInviteCompanyList,2026
佛山艾麦工业皮带有限公司,"Foshan Aimai Industrial Belt Co., Ltd.",,,,6f74c742-28bd-463f-af3c-2d18c26c2251,fd7ce379-4de6-49da-99fe-ac228d34bd46,f040c5dc-3ded-48bb-b464-3a54dbf03915,https://download.snec.org.cn/SNEC/article/2023/05/13//39876414741996480-89662905.png,pv.snec.org.cn/api/getInviteCompanyList,2026
廊坊思拓新能源科技有限公司,Sol-Bright,,,,164f452c-9071-4992-bc0a-caffe4c7f788,77301767-dc5c-4b74-8daf-9f58813ae98b,05b8d3ac-7760-4011-82f7-2a9157681979,https://download.snec.org.cn/SNEC/article/2023/05/12//4f92eef2f8cbe2562cde811093ddc2b-02533783.png,pv.snec.org.cn/api/getInviteCompanyList,2026
浙江启皓光电有限公司,"ZHEJIANG CHISOLAR CO.,LTD",,,,b5af2c0b-9cff-466e-bba7-f695d0acbec0,b4c7bf47-a3fe-46e3-bcdf-01864d9d51a1,70e00eb6-b54b-4741-8dfb-77c9698734cd,https://download.snec.org.cn/SNEC/article/2025/05/29//微信图片_20250529140533-91115777.png,pv.snec.org.cn/api/getInviteCompanyList,2026
特瑞堡减振技术（苏州）有限公司,"Trelleborg Antivibration Solutions (Suzhou) Co., Ltd.",,,,20ae4d74-251d-4114-a200-3f5b5f704fdf,ba3e3429-cf8c-4fa7-b7d6-a7cfdc188033,,//download.snec.org.cn/SNEC/article/2025/05/27//Capture-79509594.PNG,pv.snec.org.cn/api/getInviteCompanyList,2026
蓝新智能（中山）储能科技有限公司,"Lansine Intelligent (zhongshan) Energy Storage Technology Co., Ltd.",,,,c6e47218-fd17-4744-ad06-7c673e8d9952,fef7bf5b-69ee-4f9c-a44c-422357e5623d,,//download.snec.org.cn/SNEC/article/2025/05/27//蓝新智能（中山）储能科技有限公司(Logo)-24174275.png,pv.snec.org.cn/api/getInviteCompanyList,2026
常州宸宇电机科技有限公司,"CHANGZHOU CHENYU MOTOR TECHNOLOGY CO.,LTD.",,,,82fa2a48-9182-4507-939b-72e6cd9137b1,e6e5979c-2a82-47ac-b9ab-92de53eea554,,//download.snec.org.cn/SNEC/article/2025/05/27//LOGO-84403018.png,pv.snec.org.cn/api/getInviteCompanyList,2026
西安天交新能源有限公司,"Xi'an Tianjiao New Energy Co., Ltd.",,,,978b016b-a98c-4538-91a2-8422821a2931,960fec7e-f8b5-4320-b6cb-ae7f4712441a,,//download.snec.org.cn/SNEC/article/2025/05/27//公司logo-39057519.png,pv.snec.org.cn/api/getInviteCompanyList,2026
浙江百事特包装科技股份有限公司," Zhejiang Best Packaging Technology Co., Ltd",,,,473781ff-3a0e-46b4-8270-24986083f47b,0aad1e05-be20-473f-b4e0-50a79d5cc02b,,//download.snec.org.cn/SNEC/article/2025/05/28//QQ_1748395164891-61915915.png,pv.snec.org.cn/api/getInviteCompanyList,2026
隆盛通达（天津）钢铁有限公司,Longsheng Tongda,,,,2b317481-3239-4ecd-bd22-d14dc33796e7,7d0337ee-8245-429f-9ff1-19667d5bd888,,//download.snec.org.cn/SNEC/article/2025/05/27//图片1(2)-78653284.png,pv.snec.org.cn/api/getInviteCompanyList,2026
美世乐（广东）新能源科技有限公司,"Must Energy (Guangdong) Technology Co.,LTD ",,,,a0d973d0-3b31-4205-81ab-8cab9a17c648,28ed1075-a548-44dc-a799-19e9ace21ad3,71571249-e425-421c-9018-d087f30d2171,//download.snec.org.cn/SNEC/img/2025/04/21//确认版-MUST logo_画板 1-24726094.jpg,pv.snec.org.cn/api/getInviteCompanyList,2026
常州百佳年代薄膜科技股份有限公司	,"Changzhou Bbetter Century Film Technologies CO.,LTD",,,,01b2fda4-0b56-4cd0-babb-70beb71eb8d0,224a0faf-6d71-4364-8be0-affd2e874570,d7bd64b6-fc6c-44d7-8160-70261268dbdb,https://download.snec.org.cn/SNEC/article/2025/05/30//常州百佳年代薄膜科技股份有限公司-43358177.png,pv.snec.org.cn/api/getInviteCompanyList,2026
安徽汉普斯智控科技有限公司,"Anhui High Precision Intelligent Control Technology Co., Ltd",,,,76b83e5d-37e0-4c66-9bb7-8e3be9d8004b,d8d90f2f-051c-4a09-b243-c1d2a55d70f3,,//download.snec.org.cn/SNEC/article/2025/05/27//316b4d715b5c5be6bf841782f2918b1-11154078.png,pv.snec.org.cn/api/getInviteCompanyList,2026
浙江科瑞普电气有限公司,"Zhejiang Kripal Electric Co., Ltd.",,,,ed6edaf5-12e5-44aa-96a8-2fff556a5421,8615da89-3ca5-4204-b553-13ffd6b228b9,,//download.snec.org.cn/SNEC/article/2025/05/27//科瑞普-76044409.png,pv.snec.org.cn/api/getInviteCompanyList,2026
桑田新能源(浙江)股份有限公司,,,,,fb5352d1-1253-400b-97e9-7b4fbce30755,33609f5b-7b25-4d86-8162-da364b8acd53,50682547-5b38-4ee4-844e-a37f1b6fde82,https://download.snec.org.cn/SNEC/article/2025/05/30//桑田新能源(浙江)股份有限公司-91986974.png,pv.snec.org.cn/api/getInviteCompanyList,2026
安徽亿横新材科技有限公司,"Anhui Yiheng New Material Technology Co., Ltd",,,,257f0463-38bd-4cfb-9dcc-934055e1dc8a,00b8b934-8230-4abd-bf83-44fecb09eae4,,//download.snec.org.cn/SNEC/article/2025/05/27//安徽亿横logo-15440617.png,pv.snec.org.cn/api/getInviteCompanyList,2026
宁波德业变频技术有限公司," Ningbo Deye Inverter Technology Co., Ltd.",,,,46ad637e-ad62-453c-b31b-c4bf53f7133e,088fec93-2207-4acf-b912-7cd71decba25,,//download.snec.org.cn/SNEC/article/2025/05/27//LOGO1-01637480.png,pv.snec.org.cn/api/getInviteCompanyList,2026
 廊坊钥能新能源科技有限公司 ,"Langfang Key Energy New Energy Technology Co., Ltd. ",,,,959e5186-da33-41f8-8d4e-a1b179bbd3df,b6d52a52-e3a8-4d23-a594-61ed0f30c718,,//download.snec.org.cn/SNEC/article/2025/05/27//logo-92027954.png,pv.snec.org.cn/api/getInviteCompanyList,2026
上海思格源智能科技有限公司,,,,,d5ea83c5-6f23-4b42-931c-5b73a5472639,fadf84f6-878f-4ff1-9e8e-59d38ca6c6c6,7345df04-9448-41e9-9054-48788037bfb4,//download.snec.org.cn/SNEC/img/2025/04/24//竖版logo大-50x30cm_300dpi-30921546.png,pv.snec.org.cn/api/getInviteCompanyList,2026
环创新能（苏州）科技有限公司, ,,,,5e46922f-9641-4d00-9b22-45959fcc7c56,252f2c43-a4a9-430e-a9e9-615c0352245b,769239ba-5f87-4aa3-b7e4-7d9eaccc9d44,//download.snec.org.cn/SNEC/img/2025/04/24//北京环创飞扬科技发展有限公司 定稿_画板 1-07985052.png,pv.snec.org.cn/api/getInviteCompanyList,2026
湖南盛银新材料有限公司, ,,,,2ea24a0b-8c47-4864-b646-aca067fae82b,8e8037f2-55d4-4283-aeda-8bd83bb1248c,1f044464-3cba-4217-aca4-c7b923f0edd8,//download.snec.org.cn/SNEC/img/2025/05/12//SYIN（盛银）商标-86488265.jpg,pv.snec.org.cn/api/getInviteCompanyList,2026
青岛特锐德电气股份有限公司,"TGOOD ELECTRIC Co.,Ltd.",,,,515e66c7-a5cc-49f9-b510-664cdef8d030,be0659df-6403-4c19-86c1-b3b1967fc747,,//download.snec.org.cn/SNEC/article/2025/05/27//特锐德-39771211.png,pv.snec.org.cn/api/getInviteCompanyList,2026
中船鹏力（南京）智能装备系统有限公司,"CSSC Pengli (Nanjing) Intelligent Equipment System Co., Ltd.",,,,a70c1acd-e6f0-45a1-92ce-5c4331e72de2,1df81120-c198-4627-be6c-9a720668fbcc,,//download.snec.org.cn/SNEC/article/2025/05/27//logo-55452468.png,pv.snec.org.cn/api/getInviteCompanyList,2026
广东源欣昊电缆有限公司	,Guangdong Yuanxinhao Cable Co..Ltd,,,,691e81c0-1aff-4b61-ad68-352767c0e8f5,7cbc3350-4c5d-415d-904d-ff846e981531,,//download.snec.org.cn/SNEC/article/2025/05/28//5-45363440.png,pv.snec.org.cn/api/getInviteCompanyList,2026
苏州赛腾精密电子股份有限公司,"Suzhou Secote precision Electronics Co., LTD",,,,3011e311-a451-411c-af1c-b20186837765,c92d006b-e493-42b8-9286-51158793d714,,//download.snec.org.cn/SNEC/article/2025/05/27//5月27日 (6)-65453253.png,pv.snec.org.cn/api/getInviteCompanyList,2026
南京工艺装备制造股份有限公司,"Nanjing Technical Equipment Manufacture Co., Ltd.",,,,43d534d5-22c4-4a17-8471-2e0bf36c977c,a9cb2334-2b36-4aa1-9dd8-1c62e35460dc,ecde2fef-460a-4414-a296-13b5a437eddd,//download.snec.org.cn/SNEC/img/2025/04/25//LOGO全红-36721826.png,pv.snec.org.cn/api/getInviteCompanyList,2026
广东汇成真空科技股份有限公司," Guangdong HuiCheng Vacuum Technology Co., Ltd.",,,,af283922-488e-4efa-9f5a-d339ea833c41,ce09a86a-c110-43a3-bad1-94451c750f31,,//download.snec.org.cn/SNEC/article/2025/05/28//QQ_1748399306141-26579880.png,pv.snec.org.cn/api/getInviteCompanyList,2026
北京安必信能源设备有限公司,"Beijing Ambition  Energy Equipment Co., Ltd",,,,06dc5489-c014-4ee0-acd3-d2834592d998,d56a8040-a37f-4c0a-a01f-0bda84feff40,,//download.snec.org.cn/SNEC/article/2025/05/28//高清标-55099694.png,pv.snec.org.cn/api/getInviteCompanyList,2026
庞大（天津）工贸有限公司,"Pangda（Tianjin）Industry and Trade Co.,Ltd.",,,,716c813b-cbaf-45d2-9ecc-42568077bf91,b7382fc0-25e7-443f-827e-6494f869d079,,//download.snec.org.cn/SNEC/article/2025/05/27//未标题-1-82620251.png,pv.snec.org.cn/api/getInviteCompanyList,2026
山东龙业机械有限公司,"SHANDONG LONGYE MACHINARY CO.,LTD",,,,c150bf62-7782-48e2-b096-433a3f0f941c,ab20b02f-43bc-4192-8e96-5751d9b07877,,//download.snec.org.cn/SNEC/article/2025/05/27//微信图片_20250527163137-81673532.png,pv.snec.org.cn/api/getInviteCompanyList,2026
常州嘉翔新材料有限公司,"Changzhou Jiaxiang New Materials Co., Ltd.",,,,9603ca6d-8151-4b90-8b0e-3524ad775437,e997b471-8471-441f-9d2c-34e77f5888b8,,//download.snec.org.cn/SNEC/article/2025/05/27//嘉翔logo-63166738.png,pv.snec.org.cn/api/getInviteCompanyList,2026
湖南省德谦新材料有限公司,"Hunan Deqian New Material Co., Ltd",,,,d0eb7df6-2259-4c22-9e8f-0f47b87238f6,aaef5632-cd4b-499e-be53-c051a6b2a6b4,,//download.snec.org.cn/SNEC/article/2025/05/28//QQ_1748395310032-33545237.png,pv.snec.org.cn/api/getInviteCompanyList,2026
惠州市铼汇清洁设备有限公司,"LaiHui Cleaning Equipment Co.,Ltd.",,,,10533758-b253-4b03-9cd2-7ac62b6be25f,f9ecc0ac-b6b7-4ede-b6da-bb5373289991,,//download.snec.org.cn/SNEC/article/2025/05/27//铼汇标识-54517803.png,pv.snec.org.cn/api/getInviteCompanyList,2026
莫本自动化(苏州)有限公司,"Moben Import & Export (Suzhou) Co., Ltd	",,,,d5975b13-f160-46d1-a193-9835e583c6c8,c56c87d3-df3a-49fd-a7f5-d08db3d18c74,,//download.snec.org.cn/SNEC/article/2025/05/28//莫本-51502128.png,pv.snec.org.cn/api/getInviteCompanyList,2026
深圳市思创格磁电有限公司,"Shenzhen Si Chuang Ge Magnetoelectric co.,Ltd",,,,d5bc4dd3-c23b-479e-9746-4828eba0d1f8,4c3d9e45-17c5-4cac-9248-d9909ea348d9,,//download.snec.org.cn/SNEC/article/2025/05/28//思创格-40833393.png,pv.snec.org.cn/api/getInviteCompanyList,2026
博泰智能装备（广东）有限公司,Botai Intelligent Equipment(Guangdong)co..Ltd.,,,,baa2e38a-7d52-43fd-8f1b-80cf78f28079,43b8dfbc-6f4a-43b4-bf50-e5056ba3c1ae,,//download.snec.org.cn/SNEC/article/2025/05/27//319955d91e092135ce07b8b0474d819-11182067.png,pv.snec.org.cn/api/getInviteCompanyList,2026
河南辰吉环保科技发展有限公司,"Henan Chenji Environmental Protection Technology Development Co., Ltd.",,,,6e97ff46-3a8c-4115-b368-041070fba63f,2b1cefd6-4ddc-40ac-97bb-6d42cb2702cb,,//download.snec.org.cn/SNEC/article/2025/05/27//企业logo1_副本-65149869.png,pv.snec.org.cn/api/getInviteCompanyList,2026
东莞市典威技术股份有限公司,"Dongguan Vaconn Electronics Co., Ltd.",,,,b40b123f-14dc-4578-85b1-8d6e1b2969f4,4ad2f724-ed1f-4b49-be40-f897ce8b8a24,,//download.snec.org.cn/SNEC/article/2025/05/28//QQ_1748395519848-04618322.png,pv.snec.org.cn/api/getInviteCompanyList,2026
河北增圣新能源科技有限公司,Zengsheng,,,,27bfe8c3-4d1e-4505-a492-319739b594c8,cffb33b3-8521-4034-905b-9958b50c054f,,//download.snec.org.cn/SNEC/article/2025/05/28//QQ图片20250528092222-67637719.png,pv.snec.org.cn/api/getInviteCompanyList,2026
上海派能能源科技股份有限公司,"Pylon Technologies Co., Ltd.",,,,e163f09b-cef4-4955-9e0e-a04c200325f8,f2ce10bd-13d1-4dac-b5da-d19d279f06fd,f59a8fb8-1eb4-4684-b832-e7e976b44196,//download.snec.org.cn/SNEC/img/2024/04/25//logo 中文横版-44190025.png,pv.snec.org.cn/api/getInviteCompanyList,2026
杭州禾迈电力电子股份有限公司,Hoymiles Power Electronics Inc.,,,,83e42b29-48b5-4943-a2ef-512b10b22595,fe3ce865-8f44-4453-a672-7236960b6bd7,b0df269c-3b7d-490b-9af2-8a3602c62590,//download.snec.org.cn/SNEC/img/2024/04/11//logo-01-85451809.jpg,pv.snec.org.cn/api/getInviteCompanyList,2026
中亿兴（上海）新能源科技有限公司," Zhongyixing (Shanghai) New Energy Technology Co. , Ltd.",,,,b5b654da-5c26-4908-bb6f-9415d9e22271,5a232f85-8e90-4ec4-94f9-5f7bf59d7335,,//download.snec.org.cn/SNEC/article/2025/05/28//QQ_1748425416895-35909191.png,pv.snec.org.cn/api/getInviteCompanyList,2026
江苏省陶瓷研究所有限公司,"JIANGSU PROVINCE CERAMICS RESEARCH INSTITUTE CO.,LTD.",,,,6a706086-85d9-4286-ae97-83c568289864,d7b78920-fa01-41d7-b7a3-590efba922e9,,//download.snec.org.cn/SNEC/article/2025/05/28//QQ_1748399776985-67373996.png,pv.snec.org.cn/api/getInviteCompanyList,2026
苏州聚晟太阳能科技股份有限公司,Suzhou JSolar Incorporated,,,,1b977703-7d41-44e3-acf6-68b0173fae52,2c0b2e1c-a890-403e-b0d2-142039ca8dd6,34c7f6dd-67c5-462f-8fdd-200a581561d3,//download.snec.org.cn/SNEC/article/2024/05/29//未标题-1-90328661.png,pv.snec.org.cn/api/getInviteCompanyList,2026
深圳市亚鹰科技有限公司,"Shenzhen Asia Lanneret Science & Technology Co.,Ltd ",,,,3d7234ce-7796-47e1-abc9-6577d7f20e97,009d3db6-6573-4ade-b61f-ced7231d1081,cb0b190d-daad-46e1-9035-cf87e448fdd7,//download.snec.org.cn/SNEC/img/2025/03/28//亚鹰注册商标logo-81124239.jpg,pv.snec.org.cn/api/getInviteCompanyList,2026
深圳市朗泰沣电子有限公司,Shenzhen FBTech Electronics Ltd,,,,31abf90b-b8b1-4d77-810c-0bcd001c436e,095acf6f-289d-4503-9faa-e6ce85e39129,,//download.snec.org.cn/SNEC/article/2025/05/27//朗泰沣-40374267.png,pv.snec.org.cn/api/getInviteCompanyList,2026
浙江博拉图科技有限公司,"ZHEJIANG BOLARTU TECHNOLOGY CO, LTD,",,,,a0c39af3-00fc-4d04-9629-041033d8b14f,2825863c-8722-4ee4-ad8d-ce2423887e1b,,//download.snec.org.cn/SNEC/article/2025/05/28//1-76494645.png,pv.snec.org.cn/api/getInviteCompanyList,2026
山东恒圣新材料有限公司,Shandong Hengsheng New material Co.. LTD,,,,bdd62c31-4e9e-4b65-818c-87b56376e97a,83176c21-1819-4191-8f41-317975ced876,,//download.snec.org.cn/SNEC/article/2025/05/28//5167df81167df6f2d9016477d4e4c10-01332174.png,pv.snec.org.cn/api/getInviteCompanyList,2026
菲希尔测试仪器有限公司,Fischer Instrumentation Ltd.,,,,5c682272-7d12-4c87-9acc-540c6ec1d536,78552dc3-5e55-4271-9ac3-cd7ab06395ec,,//download.snec.org.cn/SNEC/article/2025/05/28//QQ_1748396050937-91573698.png,pv.snec.org.cn/api/getInviteCompanyList,2026
连云港汇德石英玻璃有限公司, Braun ＆ Quarld Quartz Glass Lianyungang Ltd.,,,,a118cab2-c289-4363-b2fc-01668a8b4e0a,ff7ff217-1855-4e4d-b7ac-4e89afc3c78d,,//download.snec.org.cn/SNEC/article/2025/05/28//QQ_1748399434594-07999600.png,pv.snec.org.cn/api/getInviteCompanyList,2026
苏州市极合智能科技有限公司,"Suzhou Very Intelligent Technology Co.,Ltd.",,,,b04b4d9f-541f-40b4-9235-19fd532e634d,513820d8-bc8b-41b0-a04f-19b9a253fe36,,//download.snec.org.cn/SNEC/article/2025/05/28//QQ_1748399553147-28304187.png,pv.snec.org.cn/api/getInviteCompanyList,2026
扬州南缘智能装备制造有限公司," Yangzhou South Edge Intelligent Equipment Manufacturing Co., Ltd",,,,0a09ef9b-344b-46bd-85e8-8a538d5d928f,02ceedac-72ca-493f-98d2-9163c6f43da8,,//download.snec.org.cn/SNEC/article/2025/05/28//QQ_1748404190630-62027944.png,pv.snec.org.cn/api/getInviteCompanyList,2026
捷泰新能源科技有限公司,"Jietai New Energy Technology Co., Ltd. ",,,,8d197dbc-621a-4dda-b29a-64a680e8d539,64de4039-6f30-47b7-a178-8d6a8481871e,,//download.snec.org.cn/SNEC/article/2025/05/28//捷泰logo-01-57237939.png,pv.snec.org.cn/api/getInviteCompanyList,2026
马鞍山方圆传动科技有限公司,"Maanshan Fangyuan Driveline Technology Co.,Ltd.",,,,baa6bca1-ed5a-4c82-be15-341a38c874f3,159e6e03-dd85-4dd7-bd6f-46cb4ba85486,,//download.snec.org.cn/SNEC/article/2025/05/27//方圆-64670672.png,pv.snec.org.cn/api/getInviteCompanyList,2026
黄骅市广汇新能源科技有限公司,"Huanghua Guanghui New Energy Technology Co. , Ltd.",,,,270d6894-e6c0-4309-96c8-828c1546c29f,ee8ba809-22ad-4939-bcde-3c6e5172b797,,//download.snec.org.cn/SNEC/article/2025/05/27//广汇标志-71779858.png,pv.snec.org.cn/api/getInviteCompanyList,2026
深圳市骏鼎达新材料股份有限公司,"SHENZHEN JDD TECH NEW MATERIAL CO., LTD",,,,b86312d1-ad0e-4cf1-a6f7-f81044922ccb,55445148-729f-4fb3-8834-effb6fe86ff0,,//download.snec.org.cn/SNEC/article/2025/05/27//公司logo-55773866.png,pv.snec.org.cn/api/getInviteCompanyList,2026
矽迪半导体（苏州）有限公司,"Hidipower Semiconductor(Suzhou) Co.,Ltd",,,,359c7d57-5c22-4fc2-907f-f957055ae908,490f715c-60b3-4cbb-a45d-56ab7853574e,,//download.snec.org.cn/SNEC/article/2025/05/27//LOGO新-68162913.png,pv.snec.org.cn/api/getInviteCompanyList,2026
TCL中环新能源科技股份有限公司,"TCL ZHONGHUAN RENEWABLE ENERGY TECHNOLOGY CO., LTD.",,,,9f59100c-dcc9-401e-84c6-f58ad6997bfc,f38446d6-d306-4e37-9319-8d08d5170c75,,//download.snec.org.cn/SNEC/article/2025/05/28//TCL中环 标准反白-95810410.png,pv.snec.org.cn/api/getInviteCompanyList,2026
浙江钟铮锁业有限公司,"ZHEJIANG ZHONGZHENG LOCK INDUSTRY CO.,LTD",,,,67236f8d-0019-4455-9757-211e600dc564,d0fc9546-08fe-4a90-b32c-71c83f799f24,,//download.snec.org.cn/SNEC/article/2025/05/28//3f462bb0eab1cd99c42b684fd84e34b-03056101.png,pv.snec.org.cn/api/getInviteCompanyList,2026
宁波华宇电子有限公司,"NINGBO HUAYU ELECTRONICS CO .,LTD",,,,353be52e-e0cd-4256-a961-cc1fcb8f054c,d2c9c2aa-eeed-40fd-8d80-974c7645422e,,//download.snec.org.cn/SNEC/article/2025/05/28//QQ_1748404484208-11867392.png,pv.snec.org.cn/api/getInviteCompanyList,2026
浙江科佩达泵业有限公司,"ZHEJIANG KEPEIDA PUMP INDUSTRY CO.,LTD",,,,5420b8f0-8746-485e-833f-295a578d91a4,b29eca09-811b-4456-b677-dce3d62f7624,,//download.snec.org.cn/SNEC/article/2025/05/30//LOGO-58060854.png,pv.snec.org.cn/api/getInviteCompanyList,2026
淄博矽微电子科技有限公司,"Zibo Xiwei Electronic Technology Co., Ltd.",,,,482dd048-71ed-4a06-a636-40419a54d1f2,3fe099c3-6721-4b4b-b47b-6640bd60cef0,,//download.snec.org.cn/SNEC/article/2025/05/23//CAXW-38145936.png,pv.snec.org.cn/api/getInviteCompanyList,2026
浙江沪变电力科技有限公司,"CHBEST POWER TECHNOLOGY CO., LTD.",,,,0b558366-d1f5-4778-95c4-2d4500114e14,91cd75f8-5528-41e3-b2d9-b9dd711be0dd,,//download.snec.org.cn/SNEC/article/2025/05/27//1748336504086-47573229.png,pv.snec.org.cn/api/getInviteCompanyList,2026
深圳市贺盛真空科技有限公司,"Shenzhen Hesheng Vacuum Technology Co.,Ltd",,,,290de893-c4d9-49ec-b3fb-e3ee1d79577d,6cc35d1d-9561-4068-b714-28d988004a00,,//download.snec.org.cn/SNEC/article/2025/05/20//贺盛真空logo 中文 170-58151883.png,pv.snec.org.cn/api/getInviteCompanyList,2026
北京富安时科技有限公司/索罗克电子科技有限公司,"Beijing Fuanshi Technology Co., Ltd/Solex  Electronic Technology Co., Ltd",,,,ff8e746f-5435-4c10-9bea-e048d54d2ac5,20eff344-cb71-4198-a876-7a47d8acf140,6b252e1f-4855-4554-a8af-9ca99270bdad,https://download.snec.org.cn/SNEC/article/2023/05/09//2-61003806.jpg,pv.snec.org.cn/api/getInviteCompanyList,2026
大连泰维精密模具股份有限公司,DALIAN TOPWAY PRECISE MOULD,,,,35d41965-4271-4b09-8072-21b611c765cc,46a46935-c8c2-4f85-b5cd-127340dde56b,fb9a7287-831d-4564-970f-3a2a0de1dc4d,https://download.snec.org.cn/SNEC/article/2023/05/08//NEW泰维logo-48173668.jpg,pv.snec.org.cn/api/getInviteCompanyList,2026
横琴华通金融租赁有限公司,"Hengqin Huatong Financial Leasing Co.,Ltd.",,,,3bde0711-c2b3-48bf-8c90-737fe27c4abc,842e6c4a-db17-4c63-84fe-01cae64aeed4,,//download.snec.org.cn/SNEC/article/2025/05/27//微信图片_20250527170148-07295518.png,pv.snec.org.cn/api/getInviteCompanyList,2026
青岛高测科技股份有限公司,"Qingdao Gaoce Technology Co., Ltd.",,,,2308de0f-a4d1-4ca9-8cf9-12ec29d8ee3a,c975200c-6da3-4d66-b49d-89ef845f65e1,d2b98665-738c-4eef-afb3-c567428f4dad,//download.snec.org.cn/SNEC/article/2024/04/09//资源 13@3x-03772059.png,pv.snec.org.cn/api/getInviteCompanyList,2026
无锡博达新能科技有限公司,"ET Solar Technology(Vietnam) Co.,Ltd",,,,eee1edfc-3314-4b30-9e28-7eebda090b9c,7b10a875-8311-4fa0-a289-1e99e9e700e4,,//download.snec.org.cn/SNEC/article/2025/05/28//QQ_1748406907080-50719775.png,pv.snec.org.cn/api/getInviteCompanyList,2026
中科纳微真空科技(合肥)有限公司,"Nano-Micro of Chinese Science Vacuum Technology (Hefei) Co. , Ltd.",,,,3b9a0bff-b5a1-4149-821b-5a441b5a4178,431763bc-e89f-4875-b2da-e3faeccc8360,4fe1bc4e-1e40-47e6-b745-89731b7566cc,//download.snec.org.cn/SNEC/img/2025/04/17//651351531-22221018.png,pv.snec.org.cn/api/getInviteCompanyList,2026
湖南顶立科技股份有限公司, Advanced Corporation for Materials & Equipments,,,,0b45ebdd-8030-4c7a-be02-e337618893de,c7d92282-6517-4522-bf68-0962ceaa0380,,//download.snec.org.cn/SNEC/article/2025/05/28//QQ_1748395767109-29250721.png,pv.snec.org.cn/api/getInviteCompanyList,2026
深圳市易能拓科技有限公司,"ENT TECH SHENZHEN CO.,LTD.",,,,65b01b62-ef2c-4688-ab95-cba47f1141d2,eac0645b-c2db-4330-a523-a507fd452620,,//download.snec.org.cn/SNEC/article/2025/05/27//商标-08042187.png,pv.snec.org.cn/api/getInviteCompanyList,2026
世地光伏科技（泰州）有限公司,"Shidi Photovoltaic Technology (Taizhou) Co., Ltd",,,,39db78c5-31ed-4759-b6d4-599b7a754015,81e477bc-9d1d-4e87-9302-671b688bcfb3,,//download.snec.org.cn/SNEC/article/2025/05/28//微信图片_20250527173622-47049441.png,pv.snec.org.cn/api/getInviteCompanyList,2026
无锡三九制冷设备有限公司,"Wuxi Sanjiu Cooling Equipment Co., Ltd.",,,,789041fe-c115-4468-9cf3-ce4f53905dad,ec01a9c3-753c-49b5-8dae-1e008cde39b7,,//download.snec.org.cn/SNEC/article/2025/05/28//QQ_1748411088378-13482230.png,pv.snec.org.cn/api/getInviteCompanyList,2026
河南省稳众减振器有限公司/西安智通自动化技术开发有限公司,"Henan Wenzhong Damper Co.,Ltd./Xi'an Zhitong Automation Technology Development Co., Ltd.",,,,ef9b39f0-9e46-4cfe-8e96-e4ff5b1afaaa,2cdf2557-94c1-4e11-a78b-24b0ba55a0a4,,//download.snec.org.cn/SNEC/article/2025/05/27//稳众-54108932.png,pv.snec.org.cn/api/getInviteCompanyList,2026
芜湖天鸟高新技术有限公司,"WUHU TIANNIAO HIGH TECH CO.,LTD",,,,6cf4a36b-c9e3-4136-8cd6-e61b1f0f83ca,83220754-b553-4b44-b157-e18f56f84e66,,//download.snec.org.cn/SNEC/article/2026/03/17//企业logo-75881912.png,pv.snec.org.cn/api/getInviteCompanyList,2026
宁波亚路⾦刚复合材料有限公司," NING BO A&D COMPOSITE MATERIALS CO.,LTD.",,,,ce5d642f-e1aa-43a1-8724-453a9746ca3e,ddcae1e5-4131-44ba-92b2-8bcdad7f5402,,//download.snec.org.cn/SNEC/article/2025/05/27//宁波亚路金刚logo-15992405.png,pv.snec.org.cn/api/getInviteCompanyList,2026
深圳市迪克斯科科技有限公司,"Shenzhen DISK CISCO Technology Co., Ltd",,,,d9bf6ca8-cee6-4025-bb8e-916526b05fb6,696d6845-67fb-42ad-bd83-8ce9d79beaf8,,//download.snec.org.cn/SNEC/article/2025/05/28//未标题-1-92038958.png,pv.snec.org.cn/api/getInviteCompanyList,2026
浙江华熔科技股份有限公司,"Zhejiang Harog Technology Co.,Ltd",,,,0db478ad-e962-450b-8981-161b2321e3cc,22cb8120-4318-425f-b709-4ff89354983a,,//download.snec.org.cn/SNEC/img/2025/04/24//logo白底-97292772.png,pv.snec.org.cn/api/getInviteCompanyList,2026
科威尔技术股份有限公司,"KEWELL TECHNOLOGY CO.,LTD",,,,1b2cca0a-8147-4268-9cf9-17adc75e50b5,5e2b1516-87e6-42a4-aea8-6e9e6aafe761,,https://download.snec.org.cn/SNEC/article/2025/06/08//微信图片_20250608221406-47707418.png,pv.snec.org.cn/api/getInviteCompanyList,2026
宁波公牛低压电气有限公司,"Ningbo Gongniu Low Voltage Electrical Co,. Ltd.",,,,6c10727f-80cc-4438-b78e-aa6a5962845e,b0a177de-70c1-4417-8a5c-bde044eb01bf,,//download.snec.org.cn/SNEC/article/2025/05/27//公牛低压-48163611.png,pv.snec.org.cn/api/getInviteCompanyList,2026
天津德鑫新能源科技发展有限公司,"Tianjin Dexin New Energy Technology Development Co., Ltd.",,,,f03a691c-4dd3-48de-bfb8-3ebe2da481ed,66f0727b-b7f2-4153-9947-5ae0dc386b38,,//download.snec.org.cn/SNEC/article/2025/05/27//未标题-1-55797449.png,pv.snec.org.cn/api/getInviteCompanyList,2026
美国高登电气集团,U.S. GOLDEN ELECTRICTECH GROUP INC,,,,91a7cd52-1155-4160-8ba1-5e740cae4e29,86d06fbd-d65c-4aa1-9211-efbdb1c4510d,,//download.snec.org.cn/SNEC/article/2025/05/27//高登-93871007.png,pv.snec.org.cn/api/getInviteCompanyList,2026
江苏恒美德新材料有限公司,"Jiangsu Chemlead New Material Co.,Ltd.",,,,840c7404-5dd1-40a8-b569-be1db3d73098,d7bc4ea1-4c88-4b0b-b5ad-93bdd5dc6cd2,,//download.snec.org.cn/SNEC/article/2025/05/27//恒美德-19053866.png,pv.snec.org.cn/api/getInviteCompanyList,2026
阳光智维科技股份有限公司,"SUNGROW SMART MAINTENANCE TECHNOLOGY CO.,LTD",,,,247a24f7-32b6-4afc-88b9-18ea5215b581,cfbd7a99-beae-4bcb-911b-ea1b049ddb64,80b3f111-bf12-4d82-a259-5a8013f4c5b2,https://download.snec.org.cn/SNEC/article/2025/05/29//阳光智维标识_RGB-76192084.png,pv.snec.org.cn/api/getInviteCompanyList,2026
中国南玻集团股份有限公司,CSG HOLDING,,,,2db59244-03cd-404e-9762-0496782307c4,b5b101f3-4a36-4288-a3af-7df14507f8b4,,//download.snec.org.cn/SNEC/article/2025/05/27//南玻LOGO_画板 1 副本 3-56813660.png,pv.snec.org.cn/api/getInviteCompanyList,2026
广东伏田电气股份有限公司,"Guangdong Future Electric Co.,Ltd",,,,42ecc897-0a9e-4bcb-a6ae-c8f9814c37e4,dae23741-1caa-4ee8-b0cd-b62d095738f8,,//download.snec.org.cn/SNEC/article/2025/05/28//QQ_1748396440576-25556060.png,pv.snec.org.cn/api/getInviteCompanyList,2026
云南宇泽半导体有限公司,"Yunnan Yuze Semiconductor Co., Ltd.",,,,a78df430-81fa-45ab-94c4-416d2be3893c,dd41f3ce-98e2-4ce9-b475-24fb0cea1d57,89da11ff-82c1-4bbc-aef6-23c43b8d943e,https://download.snec.org.cn/SNEC/article/2023/05/10//新logo彩色-99764774.png,pv.snec.org.cn/api/getInviteCompanyList,2026
河北鹏盛紧固件制造有限公司,Hebei Pengsheng Fastener Mamfacturing Co.。Ltd.,,,,1f8ee327-3ac3-4f68-af16-6548a0f7aa64,57c29b77-1b37-4d32-b0ad-91abfa5d4671,174e1b24-0287-4aec-b05b-0927e7652fec,//download.snec.org.cn/SNEC/img/2025/04/21//logo-33640808.jpg,pv.snec.org.cn/api/getInviteCompanyList,2026
深圳市今朝时代股份有限公司,"Shenzhen TIG Technology Co., Ltd",,,,3609da35-e7f2-459a-b863-e87b10e88579,ab39337a-8711-4550-8932-a657912e889c,,//download.snec.org.cn/SNEC/article/2025/05/28//QQ_1748399923844-22287974.png,pv.snec.org.cn/api/getInviteCompanyList,2026
杭州柯林电气股份有限公司,"Hangzhou Colin Electric Co., Ltd",,,,90b8bef2-6d9c-4757-a227-a72bb8730448,de3ff797-7477-4999-ae00-1d74f6b271a9,31de339d-a6f8-455f-9387-c7e853be65fe,//download.snec.org.cn/SNEC/article/2023/08/22//kelin Energy-91952482.png,pv.snec.org.cn/api/getInviteCompanyList,2026
江苏威腾新材料科技有限公司,"JiangsurWetowNewMaterials Technology Co.,Ltd ",,,,2767cdce-0599-4bb7-a15a-b180118408c4,d247f029-fbac-4246-a8b9-2aebdad282f9,528c79b8-f556-453a-b717-b871083c6b3d,https://download.snec.org.cn/SNEC/article/2025/05/30//江苏威腾新材料科技有限公司-90935557.jpg,pv.snec.org.cn/api/getInviteCompanyList,2026
双登电缆股份有限公司,"Shuangdeng cable co.,Ltd.",,,,730f6a28-3557-4f4d-a794-943c09003e33,97dac6f6-e451-47a4-b6cc-eb2bf515fc6a,,//download.snec.org.cn/SNEC/article/2025/06/03//logo-73757373.png,pv.snec.org.cn/api/getInviteCompanyList,2026
深圳市杰诚伟业科技发展有限公司,SHENZHEN JCA S&T DEVELOPMENT CO．，LTD．,,,,8d6fc124-09d9-4fce-923b-b624c5520a1a,dacc6e0d-cba4-4703-8a5e-5d48d488b32c,,//download.snec.org.cn/SNEC/article/2025/03/11//深圳市杰诚伟业科技发展有限公司-55548615.png,pv.snec.org.cn/api/getInviteCompanyList,2026
杰创供应链管理（常州）有限公司,"Jiechuang Supply Chain Management (Changzhou) Co., Ltd.",,,,ea4b0a10-4d6b-47bf-aa67-508589ea95cd,b20d6ff7-7c7c-41d7-bc79-d67d2ec8265a,,//download.snec.org.cn/SNEC/article/2025/05/28//d848077e8a3ad8397053fd4783ba2e1-46709746.png,pv.snec.org.cn/api/getInviteCompanyList,2026
深圳市龙达工业设备有限公司,Longda Air Compressor,,,,5d3c9fe9-1c99-4639-9f55-4a6aedc08de7,bd431c0a-1fd6-42ad-8d59-f43cdc1f13ef,,//download.snec.org.cn/SNEC/article/2025/05/28//龙达(1)-89641347.png,pv.snec.org.cn/api/getInviteCompanyList,2026
上海百叠科技有限公司,"ShangHai B-Dear Technology Co.,Ltd",,,,2c770112-7caa-4766-9c8e-f3dd3914386f,06ce853f-88ce-4bb3-9faa-8c288be02397,,//download.snec.org.cn/SNEC/article/2025/05/28//百叠-96891018.png,pv.snec.org.cn/api/getInviteCompanyList,2026
昌松电气有限公司,"Chang Song Electric Co.,Ltd.",,,,fdc081ea-7fe6-485c-a742-ebfe0e0a5398,016cb536-7e55-4c16-a40e-9d4c2949db58,,//download.snec.org.cn/SNEC/article/2025/05/28//QQ_1748407336145-40341883.png,pv.snec.org.cn/api/getInviteCompanyList,2026
浙江东安电器有限公司,"ZHEJIANG DONGAN ELECTRICAL CO,. LTD.",,,,3dcd20b4-70af-45cf-a268-dface00d85e4,6def6a2e-a9fa-45b2-970f-f782c0da609d,,//download.snec.org.cn/SNEC/article/2025/05/28//LOGO-49126910.png,pv.snec.org.cn/api/getInviteCompanyList,2026
深圳市泰和盛新能源科技有限公司,"Shenzhen Taihesheng New Energy Technology Co.,Ltd",,,,b94accca-0cf9-47ea-a528-1aa77a041ae6,003e460b-45ee-44c8-88d2-964dfd8706b9,,//download.snec.org.cn/SNEC/article/2025/05/28//THS-logo-18175018.png,pv.snec.org.cn/api/getInviteCompanyList,2026
河北邯峻金属制品有限公司," Hebei Handan Jun Metal Products Co., Ltd.",,,,67524519-9396-4a14-89e6-28d3c5837120,9021425f-02df-4c50-898a-be8e0126d7c5,,//download.snec.org.cn/SNEC/article/2025/05/28//QQ_1748401018204-42668991.png,pv.snec.org.cn/api/getInviteCompanyList,2026
常州顶旺光伏科技有限公司,"TYNWING SOLARTECH CO.,LTD",,,,5b811848-fbd0-4bf3-86cf-10195d815276,066cf443-f787-475b-a751-dff01c340c9c,,//download.snec.org.cn/SNEC/article/2025/05/28//91a27d86535cf48320911080315cb51-33836060.png,pv.snec.org.cn/api/getInviteCompanyList,2026
普旭真空设备国际贸易（上海）有限公司," Busch Vacuum (Shanghai) Co., Ltd.",,,,c085d8a8-408c-4806-82f9-ab9848837f13,fceb10a6-4116-47a4-a9ab-ef75bc30f917,,//download.snec.org.cn/SNEC/article/2025/05/28//QQ_1748408922879-08184712.png,pv.snec.org.cn/api/getInviteCompanyList,2026
浙江金诺新能源科技有限公司,"ZHEJIANG KINGDOM SOLAR ENERGY TECHNIC CO., LTD",,,,d48ecc29-a2dc-426e-8c07-900e610d093b,47f16721-5015-4fe4-a53e-1ee8d47b4373,,//download.snec.org.cn/SNEC/article/2025/05/28//LOGO-69778222.png,pv.snec.org.cn/api/getInviteCompanyList,2026
东莞市特联电子有限公司,"Dongguan Telian Electronics Co., Ltd",,,,da28e414-a449-4d53-b7c7-38e363499577,83388bca-5a18-456e-b683-e2936708fe4a,,//download.snec.org.cn/SNEC/article/2025/05/28//TELIAN logo(2)-82443004.png,pv.snec.org.cn/api/getInviteCompanyList,2026
苏州莱库航空装备科技有限公司,"Suzhou Laiku Aviation Equipment Technology Co., Ltd.",,,,cc7fe2d3-ec57-4c81-ae7e-e1e3f4bf9d85,d01ff960-d891-4e65-bc0c-3827c3348d7f,,//download.snec.org.cn/SNEC/article/2025/05/28//莱库logo新-44788621.png,pv.snec.org.cn/api/getInviteCompanyList,2026
热浪电热科技（苏州）有限公司,"Suzhou Reheatek Electrical Technology Co.,Ltd",,,,60c0f8ef-2f45-4ca9-a877-0d85ef5d7c6e,68f49591-33dc-43f4-acdc-60c0bf8c746b,,//download.snec.org.cn/SNEC/article/2025/05/28//热浪logo-88696523.png,pv.snec.org.cn/api/getInviteCompanyList,2026
铠博新材料（天津）有限公司,"Kemibond Advanced Materials(Tianjin) Co., LTD",,,,ec92f315-dbea-4218-afc6-be45bd293890,88b45e4d-8ea3-41e5-83ba-733f658da87e,f58b79e8-f4b8-4d39-b719-b204971e92ae,https://download.snec.org.cn/SNEC/article/2025/05/30//铠博新材料（天津）有限公司-58991770.png,pv.snec.org.cn/api/getInviteCompanyList,2026
大连派立特电子科技发展有限公司,"Dalian Pilot Electronic Technology Development Co.,Ltd.",,,,8d99d860-aadc-476d-a8b2-48c39657a12e,c7f94978-e841-4bb4-afe0-83a1b774e012,,//download.snec.org.cn/SNEC/article/2025/05/28//高清版商标 拷贝-58797888.png,pv.snec.org.cn/api/getInviteCompanyList,2026
上海方德自动化设备股份有限公司,Shanghai Found Automation	,,,,8a729ba1-4d9f-4a99-9dcf-7b0edaa8d61e,ef9b45b5-c08b-46ea-9fba-3432d63af911,,//download.snec.org.cn/SNEC/article/2025/05/28//方德(1)-50874919.png,pv.snec.org.cn/api/getInviteCompanyList,2026
康维明工程薄膜（张家港）有限公司,"Coveme Engineered Films Zhangjiagang Co.,Ltd./ COVEME SPA",,,,f587cea3-9fe0-4a1d-a2f9-80ba903ef6b0,f91f961e-5bac-4740-b027-204de26cb37e,,//download.snec.org.cn/SNEC/article/2025/05/28//LOGO-55808772.png,pv.snec.org.cn/api/getInviteCompanyList,2026
上海羿舜科技有限公司,Avalon ST,,,,29115834-014f-4901-a288-48d243bc5174,618da2f2-72d4-4ade-80aa-004bdd224eca,,//download.snec.org.cn/SNEC/article/2025/05/28//QQ_1748416202492-65918097.png,pv.snec.org.cn/api/getInviteCompanyList,2026
浙江冠博流体科技有限公司,"ZHEJIANG GUANBO FLUID TECHNOLOGY CO., LTD.",,,,37a2b06f-3707-4754-86b9-577bdea837e5,4da885d4-57ce-405d-af68-32918afee633,,//download.snec.org.cn/SNEC/article/2025/05/28//1748402739449-51169453.png,pv.snec.org.cn/api/getInviteCompanyList,2026
杭州申昊科技股份有限公司,"Hangzhou Shenhao Technology Co., LTD",,,,498450bb-6d3f-4b8f-b8c4-9f4c57f08ec7,7bd08b5f-fb06-4e05-9989-5450611387fc,,//download.snec.org.cn/SNEC/article/2026/03/17//未标题-1_画板 1-82945121.png,pv.snec.org.cn/api/getInviteCompanyList,2026
艾伏新能源科技（上海）股份有限公司,"Afore New Energy Technology (Shanghai) Co., Ltd.",,,,b9cfa062-37e4-4110-9794-00ac3c53276e,b5191af5-a2bf-4839-b426-34b30119717f,,//download.snec.org.cn/SNEC/article/2025/05/28//logo-16026735.png,pv.snec.org.cn/api/getInviteCompanyList,2026
深圳市金龙达陶瓷科技有限公司,"Shenzhen Jinglongda Ceramic Technology Co.,Ltd.",,,,b9e9ae4b-9b61-49db-9e20-dd7f029b15d3,737e80d0-8c8f-45e6-9f38-815053705607,,//download.snec.org.cn/SNEC/article/2025/05/28//透明-89249925.png,pv.snec.org.cn/api/getInviteCompanyList,2026
江苏烁晶半导体材料有限公司,"Jiangsu Shuojing Semiconductor Material Co., LTD",,,,e5f7fff7-234d-43d4-9722-bfd303305870,d508f6cb-5a1d-4d34-88e2-032bbc621d4f,,//download.snec.org.cn/SNEC/article/2025/05/28//c3ee135e070bdddcacd494f11f4801b-03698880.png,pv.snec.org.cn/api/getInviteCompanyList,2026
宁波蔓格索太阳能科技制造有限公司,NINGBO MANGESUO SOLAR TECHNOLOGY MFY.CO.LTD,,,,e9c48d9a-88b7-4cbe-966a-8000f0b68958,7256e61f-8193-4657-b00e-6c6aed9ff3ca,d2ae579a-e77d-4a71-94f7-c28e2683d55c,https://download.snec.org.cn/SNEC/article/2025/05/30//宁波蔓格索太阳能科技制造有限公司-50084824.jpg,pv.snec.org.cn/api/getInviteCompanyList,2026
河北泰联紧固件集团有限公司,,,,,77592db3-c000-4ced-a989-1b05b87e8297,339fd4a9-6f33-4da2-aa66-10043b24be3a,a0dac320-8095-498f-8537-04c7be2e5f10,https://download.snec.org.cn/SNEC/article/2025/05/30//河北泰联紧固件集团有限公司-05149964.png,pv.snec.org.cn/api/getInviteCompanyList,2026
深圳高登电科股份有限公司,"SHENZHEN GOLDEN ELECTRICAL APPLIANCES CO.,LTD",,,,ace54640-83bd-4084-b425-4a9efbc1e493,8eccb6ff-140b-4223-b2c9-40843e7b0e41,,//download.snec.org.cn/SNEC/article/2025/05/28//GOLDEN LOGO-77290013.png,pv.snec.org.cn/api/getInviteCompanyList,2026
浙江碳富数智新能源开发有限公司,"Zhejiang Tanfu Digital Neoenergy Development Co., Ltd",,,,dfe394e4-425b-425a-94c3-ba7622f77d13,83b8fd50-b54f-411b-bd34-da9c03a3125e,,//download.snec.org.cn/SNEC/article/2025/05/28//c98fc8f8b7daafae31e7af85c1ccafa-58485523.png,pv.snec.org.cn/api/getInviteCompanyList,2026
雷克星电气有限公司,"Leikexing Electric Co., Ltd.",,,,9b64c75d-b734-4484-ae77-e7f44975b098,e78f0257-c1f9-4f75-a858-bf2928475701,,//download.snec.org.cn/SNEC/article/2025/05/28//black-28097828.png,pv.snec.org.cn/api/getInviteCompanyList,2026
沧州尚普科技有限公司,"Cangzhou Shangpu Technology Co., Ltd. ",,,,b0485e31-5208-4b8e-ba57-9f1c20613c13,7f51cb18-fcca-46a6-a134-f2424574745d,,//download.snec.org.cn/SNEC/article/2025/05/28//微信123-61621044.png,pv.snec.org.cn/api/getInviteCompanyList,2026
BT Imaging Pty Ltd,BT Imaging Pty Ltd,,,,ee682cdd-df48-4cd7-ab42-8226c5fedc20,d3282f7e-9eab-4e49-af6c-8f701093be8b,,//download.snec.org.cn/SNEC/article/2025/05/28//logo-Arial-01-62451941.png,pv.snec.org.cn/api/getInviteCompanyList,2026
无锡莹杰智能装备有限公司," WUXI YINGJIE INTELLIGENT EQUIPMENT CO.,LTD",,,,8efa8f10-db07-4d09-8821-91d61482c620,8392a2f9-8db0-41a9-ba19-e5028038a961,,//download.snec.org.cn/SNEC/article/2025/05/28//QQ_1748416363067-56211452.png,pv.snec.org.cn/api/getInviteCompanyList,2026
孝感华工高理电子有限公司,Xiaogan Huagong Gaoli Electronics Co. Ltd.,,,,5a2f2ee1-848c-4197-a17a-8265033904ff,75faad7f-a11a-414d-b8c3-10b660480248,54e63688-1946-47d1-be04-132cb46f7e3b,https://download.snec.org.cn/SNEC/article/2026/03/18//logo2-66877041.jpg,pv.snec.org.cn/api/getInviteCompanyList,2026
北京华通特瑞光电科技有限公司,"Beijing Hua Tong Terui Photon Technology Co.,Ltd.",,,,fa10341f-be5d-41f9-8d7d-f3c7b51c31ba,1e9d6538-43f4-431b-9bba-330b858ba862,,//download.snec.org.cn/SNEC/article/2024/04/17//long-23988433.png,pv.snec.org.cn/api/getInviteCompanyList,2026
德韦尔工业材料(上海）有限公司,"DEWERE Industrial Materials (Shanghai) Co., Ltd.",,,,7ec1216d-4ed2-40fb-beba-90781b92616d,4999bc1e-c1a8-4798-8858-b5d2eb98ba1e,,//download.snec.org.cn/SNEC/article/2025/05/28//5d65bb728f57124afdaacf88bf384cc-47231404.png,pv.snec.org.cn/api/getInviteCompanyList,2026
安徽超隆光电科技有限公司,"AnHui ChaoLong Solar Co.,Ltd",,,,3fd8abd0-ed25-446c-9339-b95d7a7ce460,c6fcb023-7d38-4b2f-9352-c48b492730f2,,//download.snec.org.cn/SNEC/article/2025/05/28//QQ_1748407336145-86272936.png,pv.snec.org.cn/api/getInviteCompanyList,2026
东莞市创升机械设备有限公司,"TRANSCEND MACHINERY EQUIPMENT CO.,LTD",,,,8180bbee-f37a-438c-982d-6cfd5ff73062,f125aa6e-c9dd-4c71-8f55-bab222d640fe,,//download.snec.org.cn/SNEC/article/2025/05/28//5a9f4cbe0c541091c595d92eb13d9e0-54908249.png,pv.snec.org.cn/api/getInviteCompanyList,2026
烟台开发区德联软件有限责任公司,"YTDZ Delian Software Co.,Ltd.  ",,,,e8dc535e-f061-4ff1-9ce7-b0450f5ac7d0,8e799e88-d6f5-46f5-8a9c-26633859a83b,,//download.snec.org.cn/SNEC/article/2025/05/28//QQ_1748408763456-58353706.png,pv.snec.org.cn/api/getInviteCompanyList,2026
浙江中庆电气有限公司,,,,,44f40d6c-df59-409b-a369-6721fefb1c80,c19a6422-cb43-49aa-902e-4b7189e67951,00c28442-aa45-4231-9110-a65081ff11c2,https://download.snec.org.cn/SNEC/article/2025/06/03//微信图片_20250603094449-18380914.png,pv.snec.org.cn/api/getInviteCompanyList,2026
江苏林洋新能源科技有限公司/江苏林洋电力服务有限公司,"Jiangsu Linyang Renewable Co.,Ltd ",,,,9c564e16-37cd-4a00-be68-269adfcc36bf,13fc11ca-ea98-4f97-8e04-5d0e4664456a,0f563be7-e75c-49c8-ae93-e861d0485b14,https://download.snec.org.cn/SNEC/article/2025/07/28//林洋能源logo(1)(1)(1)-82980788.jpg,pv.snec.org.cn/api/getInviteCompanyList,2026
清源科技股份有限公司,"Clenergy Technology Co.,Ltd",,,,38971596-678e-4cba-a0fb-7a4f3d81fcf6,7e8f61c5-8b7c-4810-8107-85a26c57674a,,//download.snec.org.cn/SNEC/img/2024/04/28//Clenergy LOGO中英文-02-12938064.png,pv.snec.org.cn/api/getInviteCompanyList,2026
四川东阁科技有限公司,Dongge ELectronic Technology,,,,a9f70f1e-e7fe-4378-9065-1c559f1beb44,b1ce3930-0945-4798-ab00-2759d453051d,,//download.snec.org.cn/SNEC/article/2025/05/28//logo-84832705.png,pv.snec.org.cn/api/getInviteCompanyList,2026
江苏省埃迪机电设备实业有限公司,"Jiangsu Aidi Electromechanical Equipment Industry Co., Ltd.",,,,6d62d58e-ce42-4422-95da-62ea4825322f,b2d09543-5bc1-4757-974a-b2f6a6da6e09,,//download.snec.org.cn/SNEC/article/2025/05/28//QQ_1748408553846-64913900.png,pv.snec.org.cn/api/getInviteCompanyList,2026
沃朴新材料技术（上海）有限公司," Wellpo New Material (Shanghai) Co.,LTD",,,,a678e1b5-23b2-4441-aff6-738447308411,0683d7b4-4eb4-4bd0-a51d-fbaa0865a2e2,,//download.snec.org.cn/SNEC/article/2025/05/28//QQ_1748414359847-33240703.png,pv.snec.org.cn/api/getInviteCompanyList,2026
天津市雨诺钢管有限公司,"Tianjin Yunuo Steel Pipe Co. , Ltd.",,,,82fc67c0-6cde-4b0d-9f57-8cc1d58cbf43,37b8fb81-5989-4919-8761-ea4257f98f15,,//download.snec.org.cn/SNEC/article/2025/05/28//雨诺LOGO微信图片_20250528125214-02267613.png,pv.snec.org.cn/api/getInviteCompanyList,2026
信息产业电子第十一设计研究院科技工程股份有限公司,The IT Electronics Eleventh Design&Research Institute Scientific and  Technological Engineering Corporation Limited (“ EDRI” in short) ,,,,f47dc7b5-4585-4256-b783-7cc5592d581b,180054e2-c1bf-4344-9972-29f83be95521,,//download.snec.org.cn/SNEC/article/2025/05/28//108 十一科技-31364085.png,pv.snec.org.cn/api/getInviteCompanyList,2026
深圳市德乐士光电科技有限公司,      ,,,,c07303e7-a9bc-4a9d-b318-1b1ed18030af,5987626b-b47c-4964-8b4c-50c4881130e7,,//download.snec.org.cn/SNEC/article/2025/05/28//QQ_1748408381987-52537933.png,pv.snec.org.cn/api/getInviteCompanyList,2026
浙江恒星传动科技有限公司,"Zhejiang Fixedstar Drive Co.,Ltd.",,,,e15d9215-626a-4c7e-a4b6-3e1d6b4875ee,931cca98-bd78-4f8e-ab39-b8e6260ec20c,,//download.snec.org.cn/SNEC/article/2025/05/28//微信图片_20250528130032-15721471.png,pv.snec.org.cn/api/getInviteCompanyList,2026
杭州科工电子科技股份有限公司, ,,,,684f24a9-d53b-4007-bf62-a219b45992d4,cd496928-938f-4a05-8606-b687a4971734,56f1083c-60ac-4259-8043-59d3f16b2033,https://download.snec.org.cn/SNEC/article/2026/03/18//微信图片_20260317155742_165_20-50152068.png,pv.snec.org.cn/api/getInviteCompanyList,2026
埃慕迪磁電科技（上海）有限公司,"MORETEC MAGNETIC＆ELECTRONIC (SHANGHAI) CO.,LTD",,,,61f0a7ee-a0c0-4f13-ac98-379a8f6fa95b,3965ef60-00cd-4a5d-9e47-8f1b1269afbe,,//download.snec.org.cn/SNEC/article/2025/05/28//Moretec-15432958.png,pv.snec.org.cn/api/getInviteCompanyList,2026
宁波嘉艺新能源科技有限公司,"Ningbo Jiayi New Energy Technology Co., Ltd",,,,350ec59e-d291-407b-9382-aefa05576c8a,6ebeace8-c916-45e3-b50a-bd8ab45ddcd7,,//download.snec.org.cn/SNEC/article/2025/05/28//logo-85476784.png,pv.snec.org.cn/api/getInviteCompanyList,2026
极致国际贸易有限公司,"Uni-Prosper International Co.,Limited",,,,3f2de6ac-a297-4133-a64e-229a77bb49d4,6b4e9d77-88c1-4485-b27a-6eda8e6b1b7c,,//download.snec.org.cn/SNEC/article/2025/05/28//极致logo.png-64090997.png,pv.snec.org.cn/api/getInviteCompanyList,2026
安徽鑫旺德太阳能科技有限公司,"ANHUI WONDER SOLAR ENERGY TECHNOLOGY CO.,LTD",,,,c3f25a2b-ae2a-44d8-be80-e8d9894b929c,c63b1199-0dfa-4d8b-9ff7-7108eec2bf0e,,//download.snec.org.cn/SNEC/article/2025/05/28//b918813ec0eb051c2cadfeacbc99bc3-57068966.png,pv.snec.org.cn/api/getInviteCompanyList,2026
上海普达特设备科技有限公司," Productive Equipment Technologies(Shanghai) Co., Ltd.",,,,7b25137c-cf05-455f-aaed-8926ee71d751,2fb6be91-2a82-4b4b-98c7-57fe4aee4b6f,,//download.snec.org.cn/SNEC/article/2025/05/28//QQ_1748408711597-55473464.png,pv.snec.org.cn/api/getInviteCompanyList,2026
常熟雅致模块化建筑有限公司,"Changshu Yahgee Modular Building Co., Ltd.",,,,d2d6cb7d-fc93-4734-a8bb-3edac369bddf,57c1c47f-2950-46b2-8c32-7241c6c8b8c8,,//download.snec.org.cn/SNEC/article/2025/05/28//88331bf3b838c929d0399258bb7e6c2-61210947.png,pv.snec.org.cn/api/getInviteCompanyList,2026
昆山亚胜欧智能遮阳技术有限公司,"Kunshan Yashengou Intelligent Sunshade Technology Co., Ltd",,,,718ca758-4339-4eec-8ba6-808edf04e440,daf3f1a4-9d31-4058-a960-419990195c0f,,//download.snec.org.cn/SNEC/article/2025/05/28//123-94366493.png,pv.snec.org.cn/api/getInviteCompanyList,2026
上海兴感半导体有限公司,"Shanghai Xinggan Semiconductor Co., Ltd.",,,,879cfcf0-1b0d-4ef5-8060-004d92b08b69,3a9ccba7-a4b4-47df-b54c-8efa202d0084,,//download.snec.org.cn/SNEC/article/2025/05/28//QQ_1748415864191-27046294.png,pv.snec.org.cn/api/getInviteCompanyList,2026
迈科新能源（深圳）有限公司,"MK ENERGY (SHENZHEN) CO., LTD.",,,,e6cf0c8f-299a-4afe-8c02-5744bdd6537e,c259194a-4dbe-4bc5-86c6-76715fd3600d,,//download.snec.org.cn/SNEC/article/2026/04/14//68152c8c094c9dcbf3b9557bd8b3a44-57156741.png,pv.snec.org.cn/api/getInviteCompanyList,2026
江阴久盛科技有限公司,"Jiangyin Jiusheng Technology Co., Ltd",,,,ff32487f-34f0-4db6-92a8-645c134f61cc,a5b36d59-d1e4-4674-b248-b9d94116b83a,,//download.snec.org.cn/SNEC/article/2025/05/28//1748417089445-99416868.png,pv.snec.org.cn/api/getInviteCompanyList,2026
江苏嘉拓新能源智能装备股份有限公司,"Jiangsu KATOP Automation Co., Ltd",,,,ea9e69c6-b4b5-4466-a038-cb86c2dfb7fc,16e0327e-44bc-4964-8fca-cc12ba684d60,,//download.snec.org.cn/SNEC/article/2025/05/28//嘉拓智能LOGO 纯英文版本  RGB格式-02052629.png,pv.snec.org.cn/api/getInviteCompanyList,2026
江西山旭精密电路有限公司,"JIANGXI SHANXU PRECISION CIRCUIT CO.,LTD",,,,cc6540dc-4502-40de-a9e5-d1c1a2c620cd,b334ce10-2ccc-4ee2-9baa-273214dc47d3,,//download.snec.org.cn/SNEC/article/2025/05/28//公司logo_20241203161414-16573751.png,pv.snec.org.cn/api/getInviteCompanyList,2026
森根新能源（浙江）有限公司,"Cergen New Energy (Zhejiang) Co.,Ltd.",,,,aea60832-5ec3-49d6-a706-601a58867d2c,260e164e-0da8-4234-9ced-205a7c7f27c4,,//download.snec.org.cn/SNEC/article/2025/05/28//CERGEN-LOGO-46043540-12760238.png,pv.snec.org.cn/api/getInviteCompanyList,2026
陕西美兰德新材料股份有限公司,"Shaanxi Molando New Materials Co., Ltd.",,,,ac45f4a5-8116-47c6-ba79-95a7549e6b0f,cfda02d6-cf8f-4d6d-8624-e27504844dda,,//download.snec.org.cn/SNEC/article/2025/05/28//logo新-06713017.png,pv.snec.org.cn/api/getInviteCompanyList,2026
中村精机（无锡）有限公司,NKE,,,,3845e2b6-e280-4122-93e3-2e29aa0dd749,9f68b167-efba-4cbf-bd46-98f79fb08bbe,,//download.snec.org.cn/SNEC/article/2025/05/28//公司LOGO 2-06359874.png,pv.snec.org.cn/api/getInviteCompanyList,2026
无锡百士齐光伏科技有限公司,"Wuxi baishiqi Photovoltaic Technology Co., Ltd",,,,22db3006-5e48-4d49-a9ca-f1f867035cd4,92ceee8d-b4b3-4b24-9fe0-09eb9f5724e1,,//download.snec.org.cn/SNEC/article/2025/05/28//logo-99470000.png,pv.snec.org.cn/api/getInviteCompanyList,2026
上海雷景电气有限公司,,,,,38daf64d-c0ad-41de-8094-c678087c8d68,22e3e223-8d49-49bb-82f3-3dc0e8516d96,178ddd6f-e397-4685-aa23-ff774eda0535,https://download.snec.org.cn/SNEC/article/2025/06/03//上海雷景电气有限公司-72260415.jpg,pv.snec.org.cn/api/getInviteCompanyList,2026
湖北万润新能源科技股份有限公司,"Hubei WanRun New Energy Technology Co.,Ltd.",,,,c4410c70-3400-4f2b-8a75-f426b78025b1,fc8d8e24-21ba-4bd0-9916-810853972c86,,//download.snec.org.cn/SNEC/article/2025/05/28//万润新能源LOGO（横版）01-26058796.png,pv.snec.org.cn/api/getInviteCompanyList,2026
长城电器集团浙江科技有限公司,"CNC ELECTRIC GROUP CO., LTD.",,,,96bbf8ab-e65b-4001-b483-7c0a42409b21,e5a13123-7a64-4794-b448-86bf87fec104,,//download.snec.org.cn/SNEC/article/2025/05/28//LOGO-39126712.png,pv.snec.org.cn/api/getInviteCompanyList,2026
澎阳泵业泰州有限公司,"Pengyang Pump Taizhou Co.,Ltd",,,,cfd540b2-5ca6-4bbf-87a2-05820236119d,5082fe35-52e8-48a4-b0d5-5ac41d3014b3,,//download.snec.org.cn/SNEC/article/2025/05/28//1 矢量LOGO-85880140.png,pv.snec.org.cn/api/getInviteCompanyList,2026
安徽瑞德磁电科技有限公司/江苏瑞德磁性材料有限公司/淮北瑞德磁电科技有限公司,"Anhui Red Magneto-electric Technology Co., Ltd./Jiangsu Red Magnetic Materials Incorporation/Huaibei Red Magneto-electric Technology Co., Ltd.",,,,11ede59a-33c1-4220-8c8a-9174387e7aaf,546f71a7-3ec2-400f-b1b2-2ce87343433a,,//download.snec.org.cn/SNEC/article/2025/05/28//QQ_1748409506332-31364197.png,pv.snec.org.cn/api/getInviteCompanyList,2026
宁夏小牛自动化设备股份有限公司,"Ningxia XN Automation Equipment Co., Ltd.",,,,5eb79aad-c808-4e68-a537-67461f838a9d,eb2d5e8a-8faa-4ed9-8fa3-8867a6148582,,//download.snec.org.cn/SNEC/article/2025/05/28//小牛自动化矢量图-49373656.png,pv.snec.org.cn/api/getInviteCompanyList,2026
深圳市瑞精创实业有限公司,"Shenzhen RJC Industrial CO., LTD",,,,a2fd7525-da59-4d10-8e2f-940d9d717e50,231c555f-6b2a-41f9-ad5b-868de9c1bed4,,//download.snec.org.cn/SNEC/article/2025/05/28//QQ_1748409805394-64614493.png,pv.snec.org.cn/api/getInviteCompanyList,2026
河北一览紧固件制造有限公司,"Hebei Yilan Fastener Manufacturing Co., Ltd.",,,,32caf707-961f-421e-9f5b-7e19c8c1848b,3c321e32-b7a2-4c2b-b061-fed0a91969d6,,//download.snec.org.cn/SNEC/article/2025/05/28//QQ_1748416013741-48155624.png,pv.snec.org.cn/api/getInviteCompanyList,2026
广州旭之源科技有限公司,"ATAZ Guangzhou Science&Technology Co., Ltd  91440112MADJP1TX1G",,,,f6b36909-c106-4c3d-bfff-5a78aa02c3fa,c4cfb2c5-46a5-4c38-8771-fe5d2377f17c,,//download.snec.org.cn/SNEC/article/2025/05/28//中英文（上下） 80灰+60灰-11295422.png,pv.snec.org.cn/api/getInviteCompanyList,2026
宁波晨翔电子有限公司,CONNFLY ELECTRONIC CO;LTD,,,,e7a95973-da8e-447c-843e-9b68dd2c56cf,c40e9dd0-cfd6-4636-838f-cb5000a5022e,,//download.snec.org.cn/SNEC/article/2025/05/28//晨翔LOGO-57104790.png,pv.snec.org.cn/api/getInviteCompanyList,2026
易弗鲁德流体技术(上海)有限公司,"E Fluid Technology Co., Ltd. ",,,,a06ce820-0453-4dba-b1b3-47178ea02891,ba925f1f-a2b2-452f-80f1-db02b76fd2d1,,//download.snec.org.cn/SNEC/article/2025/05/28//E FLUID LOGO-71357541.png,pv.snec.org.cn/api/getInviteCompanyList,2026
江西瑞威新能源有限公司," Jiangxi Ruiwei New Energy Co.,Ltd",,,,d4334ad6-667a-49ce-8707-6684a535f8b8,289c709c-735c-455d-b979-9d77ea56c053,,//download.snec.org.cn/SNEC/article/2025/05/28//QQ_1748410489710-18376790.png,pv.snec.org.cn/api/getInviteCompanyList,2026
丽水一元科技有限公司,"LISHUI YIYEN TECHNOLOGY CO.,LTD",,,,bcfba3b6-1c48-45a1-960f-2b135f1d8f75,d296fa1c-56e3-4428-ac40-8d5129478153,,//download.snec.org.cn/SNEC/article/2025/12/09//YIY LOGO-78499538.png,pv.snec.org.cn/api/getInviteCompanyList,2026
挪威船级社（中国）有限公司,DNV,,,,b2f6f887-f839-4676-8137-7caa3b8a53c0,5b81efa3-4272-4b37-b3e3-8dfc290e87b2,,//download.snec.org.cn/SNEC/article/2025/05/28//DNV_logo_RGB-83378769.png,pv.snec.org.cn/api/getInviteCompanyList,2026
德维创测试设备（北京）有限公司,"DEWETRON Test and Measurement Equipment (Beijing) Co., Ltd.",,,,29a3cf97-d731-47f1-82f4-4f7f012572ae,5117bf73-bc4a-4ad1-841c-6d2ecefa938e,,//download.snec.org.cn/SNEC/article/2025/05/28//Dewetron 4c 20150310-PNG LOGO-01-34100715.png,pv.snec.org.cn/api/getInviteCompanyList,2026
赛默飞世尔科技,Thermo Fisher Scientific,,,,4e143625-ad96-4701-99f9-84da7278ac2f,5936086d-e5af-4015-ad1e-3a4c86ccc80c,,//download.snec.org.cn/SNEC/article/2025/05/28//QQ_1748410797630-25282241.png,pv.snec.org.cn/api/getInviteCompanyList,2026
秀水（天津）钢铁发展有限公司,"Xiushui (Tianjin) Iron and Steel Development Co.,Ltd",,,,17de9ff2-fd6d-4b5d-bb3e-b9d92abdb3fc,afbaa82c-f226-459b-9f57-3344a4f58fa6,,//download.snec.org.cn/SNEC/article/2025/05/28//d848077e8a3ad8397053fd4783ba2e1-18347745.png,pv.snec.org.cn/api/getInviteCompanyList,2026
西安普立维尔电气有限公司,Xi'an Polewhale Electric Co. Ltd,,,,f5321f56-a8b7-460f-afb0-d993350ec11f,b1a57645-a112-4efb-80d7-6a41192adcde,,//download.snec.org.cn/SNEC/article/2025/05/28//普立维尔-标识_标准版-33907022.png,pv.snec.org.cn/api/getInviteCompanyList,2026
复盛实业（上海）有限公司,"FUSHENG INDUSTRIAL(SHANGHAI)CO.,LTD. ",,,,95da2506-adc8-438a-8340-8461fdce2e8a,9ce4b020-fafa-4d19-a861-02f65e02a035,,//download.snec.org.cn/SNEC/article/2025/05/28//FS-logo-15135548.png,pv.snec.org.cn/api/getInviteCompanyList,2026
江苏骏达新能源有限公司,"Jiangsu Junda New Energy Co., Ltd",,,,f70d6d5e-b92e-4543-9cd3-d809b803730f,0c959c71-1a9c-4a9b-9c53-e4c483fb076b,,//download.snec.org.cn/SNEC/article/2025/05/28//QQ_1748411240222-02894854.png,pv.snec.org.cn/api/getInviteCompanyList,2026
Intertek天祥集团,Intertek,,,,c0dd01a7-ee38-4a6b-ad7a-6880fee81158,23a276d2-12ef-4dd5-ae04-2aa44c03cad3,,//download.snec.org.cn/SNEC/article/2024/05/27//LOGO-10318610.png,pv.snec.org.cn/api/getInviteCompanyList,2026
圣辉（上海）能源科技有限公司,"Shenghui (Shanghai) Energy Technology Co., Ltd.",,,,9cce1238-7338-4dd9-87d1-1553151a1905,b0e9c9e3-2bda-4f63-8d01-9a1f1bf39fb0,,//download.snec.org.cn/SNEC/article/2025/05/28//QQ_1748412218038-29284434.png,pv.snec.org.cn/api/getInviteCompanyList,2026
广东尚坤工业科技有限公司,"ShangKun Industrial Technology Co., Ltd.",,,,7b6af21a-746c-4915-b461-4f93b924827e,5bd5ffcf-e576-4f84-851c-48dcd8d3ba51,,//download.snec.org.cn/SNEC/article/2025/05/28//KUNLONGlogo-49129432.png,pv.snec.org.cn/api/getInviteCompanyList,2026
广东省洛仑兹技术股份有限公司,"Guangdong Lorentz Technology Co., Ltd.",,,,18e3a644-cc6c-46dc-8e22-2b9db1d0cd58,8971cea9-a882-4dd0-9283-bbafebb19d2d,,//download.snec.org.cn/SNEC/article/2025/05/28//洛仑兹logo1-90488185.png,pv.snec.org.cn/api/getInviteCompanyList,2026
上海喆塔信息科技有限公司,"Shanghai Zetatech Co., Ltd	",,,,12f35850-5b20-41c7-bb8c-9417a9af5851,7d2538ed-d50e-41d5-bbda-b704c8680c3a,95b3b38d-46ee-4e2e-a7bc-c75739e6f658,https://download.snec.org.cn/SNEC/article/2025/06/03//上海喆塔信息科技有限公司-15330681.png,pv.snec.org.cn/api/getInviteCompanyList,2026
阿尔赛（苏州）无机材料有限公司,"ALCERA (SUZHOU) CO., LTD",,,,b7afcea9-cbc0-469d-9db3-0885e40bec31,88c57441-070c-44eb-9c4b-a0208f4563f3,,//download.snec.org.cn/SNEC/article/2025/05/28//ALCERA-79320351.png,pv.snec.org.cn/api/getInviteCompanyList,2026
宇电自动化科技有限公司," YUDIAN AUTOMATION TECHNOLOGY CO.,LTD.",,,,b78f1435-3362-42a1-84d3-896c936bd2cb,8e8385c1-2661-462d-ac55-5cdc2bf97416,,//download.snec.org.cn/SNEC/article/2025/05/28//QQ_1748411374425-06532977.png,pv.snec.org.cn/api/getInviteCompanyList,2026
南通虎神金属制品有限公司,"NANTONG TIGER METAL PRODUCTS CO.,LTD.",,,,2e958507-2c66-42bd-8255-c7a2a729dfcd,294543ba-eb25-4072-867d-bd2651fde13c,,//download.snec.org.cn/SNEC/article/2025/05/28//d848077e8a3ad8397053fd4783ba2e1-63416595.png,pv.snec.org.cn/api/getInviteCompanyList,2026
山东鲁普科技有限公司,Shandong Rope Technology Co,,,,41370f77-06c7-4de1-9433-4d195ba3c70b,446218d1-3f68-4379-85d7-7cd3c92a57e5,,//download.snec.org.cn/SNEC/article/2025/05/28//QQ_1748411533067-75534527.png,pv.snec.org.cn/api/getInviteCompanyList,2026
天津市祥昇金属制品有限公司,"Tianjin Xiangsheng Metal Products Co., Ltd",,,,fd5829f2-d51d-4f4a-952f-2786ca1a0f63,30994231-8d31-4db0-ab8a-8f383649c51e,,//download.snec.org.cn/SNEC/article/2025/05/28//祥昇（源文件）-80849155.png,pv.snec.org.cn/api/getInviteCompanyList,2026
江苏博迁新材料股份有限公司,JIANGSU BOQIAN NEW MATERIALS CO.. LTD.,,,,7af1b3db-abba-4d33-9176-88699592b381,7821d198-c74e-4433-aea6-c88e41c869df,,//download.snec.org.cn/SNEC/article/2025/05/28//311237226768535533-70703403.png,pv.snec.org.cn/api/getInviteCompanyList,2026
天津市计量监督检测科学研究院,Tianjin Institute of Metrological Supervision and Testing,,,,d18dc7cb-24c1-49aa-95ef-815a5e9d67e9,a2a0e0aa-05e0-4012-bff9-9be63a0cdc81,,//download.snec.org.cn/SNEC/article/2025/05/28//1748413892545-57745689.png,pv.snec.org.cn/api/getInviteCompanyList,2026
深圳市高斯宝电气技术有限公司,"Gospower Electrical Technology Co., Ltd.",,,,eb4143b2-d25b-4d76-9f28-e668206d22d9,32a0b8d2-cc3c-4f98-9504-0a9daeecb8a4,,//download.snec.org.cn/SNEC/article/2025/05/28//QQ_1748414539222-49460882.png,pv.snec.org.cn/api/getInviteCompanyList,2026
河北尚迪紧固件制造有限责任公司,"Hebei Shangdi Fastener Manufacturing Co., Ltd.",,,,54c760a4-2811-4a72-8cb1-816726f5d11a,8e6e711b-49a9-4ae4-95bb-0d01c36bf78a,,//download.snec.org.cn/SNEC/article/2025/05/28//QQ_1748411685801-34285762.png,pv.snec.org.cn/api/getInviteCompanyList,2026
浙江尚高新能源有限公司,"SUGNEW ENERGY CO.,LTD",,,,49b4b3e1-1523-4260-9bec-8389f1869864,01ca7eb4-e85d-42f3-90a8-45b79d0add67,,//download.snec.org.cn/SNEC/article/2025/05/28//QQ_1748411820738-54626571.png,pv.snec.org.cn/api/getInviteCompanyList,2026
武汉曜华激光科技有限公司,"Wuhan Yoha Laser Technology Co., Ltd",,,,606546ba-c02f-4abb-a7ca-a52752e1981e,634024a4-2f83-4033-98df-d5e0d8dc3a48,,//download.snec.org.cn/SNEC/article/2025/05/28//立体yohasolar-03-92331022.png,pv.snec.org.cn/api/getInviteCompanyList,2026
东莞市新金阳光电科技有限公司,"NewSun PV Technology Co., Ltd.",,,,e5a433cf-c5dd-404f-ad31-8a8906e3931c,3982d18a-8056-40c5-a352-d6832ec66fbe,,//download.snec.org.cn/SNEC/article/2025/05/28//QQ_1748415417833-74416511.png,pv.snec.org.cn/api/getInviteCompanyList,2026
浙江新纳陶瓷新材有限公司,"Zhejiang Xinna New Ceramic Materials Co., Ltd.",,,,57036359-5327-41c9-ad20-71d15f93f29b,759e88b2-dbf4-417d-8157-964a70aa6d97,,//download.snec.org.cn/SNEC/article/2025/05/28//QQ_1748415635184-07263768.png,pv.snec.org.cn/api/getInviteCompanyList,2026
海姆光伏设备有限公司 ,halm elektronik gmbh,,,,5df2115c-3065-41f4-8f87-4b4ee19407a3,8bedea3f-a1fc-4ea7-8c9e-20fcdb9f622c,,//download.snec.org.cn/SNEC/article/2025/05/28//halm-schriftzug_klein-53147920.png,pv.snec.org.cn/api/getInviteCompanyList,2026
上海双域光电科技有限公司,"Shanghai Coupletechs Co.,Ltd",,,,ffd99d4c-2d40-4714-b29b-c3697474ec7c,506e70a8-94e5-446c-9d03-b7aea4a17051,,//download.snec.org.cn/SNEC/article/2025/05/28//QQ_1748420380753-99274644.png,pv.snec.org.cn/api/getInviteCompanyList,2026
江苏安瑞森电子材料有限公司,"Jiangsu Aricen Electronic Materials Co., Ltd",,,,e958cfaf-2c06-469a-a3de-bf0e1eb674db,b3220400-ea15-4d71-a7a5-b602cab1a981,,//download.snec.org.cn/SNEC/article/2025/05/28//75d83da92678667676baf7f612b2dad-03778288.png,pv.snec.org.cn/api/getInviteCompanyList,2026
连云港保康石英制品有限公司,"Lianyungang PonKon Quartz Products Co., Ltd",,,,4b0d8b63-2b8e-49c8-aa5d-31f4321d7038,450d0089-1f8a-470e-9034-bfd59072e765,,//download.snec.org.cn/SNEC/article/2025/05/28//PonKon001-20895626.PNG,pv.snec.org.cn/api/getInviteCompanyList,2026
浙江策佳电气有限公司,"ZHEJIANG C&J ELECTRICAL HOLDING CO.,LTD",,,,f90a468f-7f61-48f7-a004-4930efdcda00,a2cdf758-3467-4acd-b9dd-80f31e9f5f80,,//download.snec.org.cn/SNEC/article/2025/05/28//06d9551c-2485-4b4d-8b84-1cc257da08c9-87863027.png,pv.snec.org.cn/api/getInviteCompanyList,2026
赛晶科技集团有限公司,"SUN.KING Technology Group Co., Ltd.",,,,fd292a9d-ccfc-4b7c-b7d8-89ebaef44d9f,f63ee5d5-7916-4474-8997-40cee87c5b7f,,//download.snec.org.cn/SNEC/article/2025/05/28//赛晶科技-简称-左右-PNG-94017894.png,pv.snec.org.cn/api/getInviteCompanyList,2026
上海尚微机电技术有限公司,"Shanghai Sunvive Electronics Co., Ltd.",,,,5d3f5e94-aad5-4a27-b1e6-81c634b75646,348f95d9-0f01-4a79-a6ed-5320acfd7256,,//download.snec.org.cn/SNEC/article/2025/05/28//QQ_1748412074507-49529638.png,pv.snec.org.cn/api/getInviteCompanyList,2026
上海诺能泰自动化技术有限公司,"Shanghai Nongengte Automation Technology Co., Ltd.",,,,55359ee0-43cc-4775-af49-453b05c3d4f6,f1ba59eb-922f-4917-be22-ffc0bda2ae0b,,//download.snec.org.cn/SNEC/article/2026/03/20//公司logo-85485257.png,pv.snec.org.cn/api/getInviteCompanyList,2026
济南延世数控设备有限公司,"Jinan Yanshi Cnc Equipment Co., Ltd.",,,,40583643-8983-4eca-8035-86ad60706873,39c56258-77a5-41d6-8a32-24b59d2429f2,,//download.snec.org.cn/SNEC/article/2025/05/28//延世数控-26782340.png,pv.snec.org.cn/api/getInviteCompanyList,2026
苏州谐通光伏科技股份有限公司,"Suzhou XTONG Photovoltaic Technologies Co.,Ltd",,,,fa841df7-040d-487a-b571-3287b7ad9071,9564526f-9994-48e9-88d6-ba29a4be4679,,//download.snec.org.cn/SNEC/article/2025/05/28//QQ_1748414796146-17638890.png,pv.snec.org.cn/api/getInviteCompanyList,2026
天津市晟昇钢结构有限公司,,,,,aa4899b5-07e7-4cad-92e9-ad904f129457,677b8c9b-3674-4e57-b176-18ed6cd56b7d,e7696c83-9c7c-47fc-9469-a5e98e894d17,https://download.snec.org.cn/SNEC/article/2025/06/03//天津市晟昇钢结构有限公司-77394844.jpg,pv.snec.org.cn/api/getInviteCompanyList,2026
伊顿辉能低压电器（江苏）有限公司,"Eaton Huineng Low-Voltage Electrical (Jiangsu) Co., Ltd。",,,,59cf9d7d-8fb2-485b-939e-8136786a5373,d41b6e1e-0251-45a7-bed6-469d55357315,,//download.snec.org.cn/SNEC/article/2025/05/28//170x70_画板 1 拷贝-41267456.png,pv.snec.org.cn/api/getInviteCompanyList,2026
诚联电源股份有限公司,"ChengLian Power Co., Ltd.",,,,109602f4-b19d-4135-851b-4f990c416bba,ab6624da-4351-4b1c-aba0-0f3a070a7fe9,,//download.snec.org.cn/SNEC/article/2025/05/28//2024最新LOGO-64089381.png,pv.snec.org.cn/api/getInviteCompanyList,2026
浙江硕克科技股份有限公司," Zhejiang Shuoke Science&Technology Co., Ltd",,,,543bce0d-1755-45ba-902c-4409aa2506af,a1b8be78-0e20-4aaa-8cb7-2dc336b1e997,,//download.snec.org.cn/SNEC/article/2025/05/28//QQ_1748412416693-66992314.png,pv.snec.org.cn/api/getInviteCompanyList,2026
山西中科安瑞能源科技有限公司,"Shanxi Zhongke Anrui Energy Technology Co., Ltd",,,,cfc3f352-31f0-4724-9c49-5d8e95585990,e6780934-bccf-4dd7-bfe6-ef08124db867,,//download.snec.org.cn/SNEC/article/2025/05/28//未标题-1-00520819.png,pv.snec.org.cn/api/getInviteCompanyList,2026
厦门硕山新能源科技有限公司," Xiamen Sossen Energy Co., Ltd",,,,bd2edd60-688e-4aed-b93b-d389097e906d,5a900efd-f02f-4a2a-b4f7-3dc2a662731f,,//download.snec.org.cn/SNEC/article/2025/05/28//QQ_1748412560519-00832621.png,pv.snec.org.cn/api/getInviteCompanyList,2026
浙江尼古拉斯电气科技有限公司,"Zhejiang Nikolaus Electrical Technology Co., Ltd.",,,,719850f9-9fa8-4c1a-bff7-a0704b088b14,928a6d6d-b8ce-4445-931a-205b52732e74,,//download.snec.org.cn/SNEC/article/2025/05/28//LOLG1-81981479.png,pv.snec.org.cn/api/getInviteCompanyList,2026
江苏台成制辊有限公司,"Jiangsu Taicheng Roller Marking Co.,Ltd",,,,dc17f4a2-3114-48c8-8206-6682b24de855,c44b3f00-59c0-4331-9b15-dd72292bc382,,//download.snec.org.cn/SNEC/article/2025/05/28//QQ_1748413134019-67336423.png,pv.snec.org.cn/api/getInviteCompanyList,2026
迅得科技（广东）有限公司 ,SCHMID Technology (Guangdong) Co. Ltd. ,,,,2f64412c-0723-48aa-9586-ad62c1f47f90,c2cc5e00-eee1-404e-8e27-17835fe2dcc6,,//download.snec.org.cn/SNEC/img/2024/04/29//SCHMID Logo überarbeitet 300 dpi-20734703.jpg,pv.snec.org.cn/api/getInviteCompanyList,2026
天立电机（宁波）有限公司,"Tianli Electrical Machinery(Ningbo)Co., Ltd",,,,63245fc3-7318-4a94-a36c-1d128c77a2d9,64fe1970-3ce3-45a1-b716-9ee19d76d731,,//download.snec.org.cn/SNEC/article/2025/05/28//QQ_1748413478098-54433048.png,pv.snec.org.cn/api/getInviteCompanyList,2026
佛山市银美吸台制造有限公司,"Foshan Yinmei Vacuum Table Manufacturing Co.,Ltd.",,,,da21709e-f36d-452e-b5c9-4279b791d3e9,c948ef6c-e490-4e67-9c5e-e867a9e87fb5,,//download.snec.org.cn/SNEC/article/2025/05/28//银美logo-53254384.png,pv.snec.org.cn/api/getInviteCompanyList,2026
安徽斯迈特新材料股份有限公司,"Anhui Surmount New Materials Co.,Ltd.",,,,6b60c331-4f86-4321-9127-45b8c23f0d8c,4c4b7a85-c03a-42e7-9efd-6dded634cec7,,//download.snec.org.cn/SNEC/article/2025/05/28//QQ_1748412699446-79352267.png,pv.snec.org.cn/api/getInviteCompanyList,2026
上海长濑贸易有限公司,"SHANGHAI NAGASE TRADING CO.,LTD.",,,,3eb5f483-2765-4a90-b00a-0c196366a898,9ecc4244-5ac6-4065-b537-61c99b502c47,,//download.snec.org.cn/SNEC/article/2025/05/28//LOGO-59974916.png,pv.snec.org.cn/api/getInviteCompanyList,2026
河北诚制紧固件制造有限公司,"Hebei Chengzhi Fastener Manufacturing Co., Ltd",,,,c1ba95cf-9aed-476c-8b65-a5ed5fd0eb76,42131747-7eb3-4d36-9462-20096e643779,,//download.snec.org.cn/SNEC/article/2025/05/27//2cd873d9ebdd535b0d64822de700f3c-94032310.png,pv.snec.org.cn/api/getInviteCompanyList,2026
欧玛嘉宝（珠海）开关设备有限公司,Ormazabal Zhuhai Switchgear Limited,,,,c0f32929-5998-42fa-92da-56765e5bb856,85ad565a-5293-46a2-b2b6-d604977270ff,,//download.snec.org.cn/SNEC/article/2025/05/28//logo_principal_rgb (for digital formats)-50100381.png,pv.snec.org.cn/api/getInviteCompanyList,2026
浙江佳明天和缘光伏科技有限公司,"Zhejiang Jiaming Tianheyuan Photovoltaic Technology Co.,Ltd",,,,ae0f9c3a-9dd4-46a7-b113-3f9003d36639,ed16d93a-5f66-4b8d-9921-485c9884e390,,//download.snec.org.cn/SNEC/article/2025/05/28//天和缘logo-78698537.png,pv.snec.org.cn/api/getInviteCompanyList,2026
厦门能加新能源科技有限公司," Xiamen Nengjia New Energy Technology Co., Ltd.",,,,78cb2956-4253-4b29-a5d7-c3681fa98a0b,149d6663-d409-4275-93ba-6d4df1b2ae0e,,//download.snec.org.cn/SNEC/article/2025/05/28//logo黑字透明底-81267823.png,pv.snec.org.cn/api/getInviteCompanyList,2026
常州金坛立森机械有限公司,Changzhou Jintan lisen Machinery Co.，Ltd,,,,9e698fc5-f3de-49ef-a84c-489a231b3970,ae547bfe-817b-45be-a020-04fdd7f1d1b4,f99e0dbc-3132-466b-8a1c-25e76ec09cd4,https://download.snec.org.cn/SNEC/article/2025/05/29//常州金坛立森机械有限公司Changzhou Jintan lisen Machinery Co.，Ltd-77541448.jpg,pv.snec.org.cn/api/getInviteCompanyList,2026
东莞市润达散热风扇有限公司,"DongGuan Runda Cooling Fan Co.,Ltd",,,,2762e4e5-1003-43b0-8d3c-f04f00219e26,69e0c681-3fe5-416a-866b-d133183151f0,ebba455c-8b87-481a-a801-92ceda1bf4d5,"https://download.snec.org.cn/SNEC/article/2025/05/29//东莞市润达散热风扇有限公司DongGuan Runda Cooling Fan Co.,Ltd-41735935.jpg",pv.snec.org.cn/api/getInviteCompanyList,2026
无锡宏霸机电股份有限公司,"WUXI HONGBA MECHANICAL & ELECTRICAL EQUIPMENT CO., LTD.",,,,73eccb17-8a29-4e54-acf3-831ba6300be0,f87a9b67-d35c-4038-9dac-d71e1785f67a,,//download.snec.org.cn/SNEC/article/2025/05/28//宏霸机电-蓝色透明可移植png格式-92279442.png,pv.snec.org.cn/api/getInviteCompanyList,2026
重庆建兴智能仪表有限责任公司,"Chongqing Janxin Intelligent Instruments Co.,Ltd",,,,79411085-1aad-44af-ae41-042e083e14ff,e559288a-e19b-4999-bae5-8185245689c0,,//download.snec.org.cn/SNEC/article/2025/05/28//QQ_1748413622738-92255290.png,pv.snec.org.cn/api/getInviteCompanyList,2026
宁波尤利卡太阳能股份有限公司,"Ningbo Ulica Solar Co.,Ltd.",,,,555b69fa-9937-4baa-acaa-8149992609c2,e0da8c20-f79a-4e26-bb73-d69b5c21b65e,,//download.snec.org.cn/SNEC/article/2025/05/28//未命名-99779095.png,pv.snec.org.cn/api/getInviteCompanyList,2026
广州贝纳机电设备有限有限公司,"Guangzhou Beina Electromechanical Equipment Co.,Ltd",,,,8b06ac98-ed17-4ff4-8905-5acc38328904,d624d8d7-9687-424f-bde3-a6e73ed7cac5,,//download.snec.org.cn/SNEC/article/2025/05/28//微信图片_20230505160827-18622610.png,pv.snec.org.cn/api/getInviteCompanyList,2026
河北咏昌复合材料科技有限公司,"Yongchang Composite Technology Co., Ltd. ",,,,35cb25d1-9bde-4be6-b1e0-478c7f333f78,f2d3d355-060c-4859-b76f-a515c0291315,,//download.snec.org.cn/SNEC/article/2025/05/28//微信图片_20190912085512-26840546.png,pv.snec.org.cn/api/getInviteCompanyList,2026
上海佰微电子有限公司,"Shanghai Baiway Electronics Co., Ltd.",,,,d2e0d96a-fef3-4d6a-a756-7c683ac31020,e52bd451-c4d3-4a22-94fe-616531a1876e,,//download.snec.org.cn/SNEC/article/2025/05/28//上海佰微电子 LOGO2-250528-64807793.png,pv.snec.org.cn/api/getInviteCompanyList,2026
常州亿晶光电科技有限公司,"Changzhou EGing Photovoltaic Technology Co., Ltd.",,,,6b18b4c7-4198-4414-a9fc-5c1cfbc3494e,96c31ed7-7c18-46cf-ae32-20b326852940,91c19160-f920-4e04-a809-c95ab54eed56,"https://download.snec.org.cn/SNEC/article/2025/05/29//常州亿晶光电科技有限公司Changzhou EGing Photovoltaic Technology Co., Ltd.-72830004.png",pv.snec.org.cn/api/getInviteCompanyList,2026
慈溪市科发电子有限公司,"CIXI KEFA ELECTRONICS CO., LTD.",,,,1cda6c00-8e90-4af0-9660-d2af59a7d97a,33668692-c8ae-409e-8495-65b593ef050a,6238d377-82eb-49b3-acd3-e94865fb29c4,"https://download.snec.org.cn/SNEC/article/2025/05/29//慈溪市科发电子有限公司CIXI KEFA ELECTRONICS CO., LTD.-60722825.png",pv.snec.org.cn/api/getInviteCompanyList,2026
广东联塑班皓新能源科技集团有限公司,"Guangdong Lesso Banhao New Energy Technology Group Co., Ltd.",,,,f1d99180-d09f-4402-8fec-4b941ea98641,fa856dbd-9f51-4291-9089-af9d6ea13154,11239fa6-35f3-43c6-8479-82193ab2c73c,"https://download.snec.org.cn/SNEC/article/2025/05/29//广东联塑班皓新能源科技集团有限公司Guangdong Lesso Banhao New Energy Technology Group Co., Ltd.-06973649.png",pv.snec.org.cn/api/getInviteCompanyList,2026
江苏高润智能装备有限公司,"Jiangsu Gaorun Intelligent Equipment Co., LTD",,,,e11c1c0c-3c4b-42a7-90a3-c004b309c1e6,3b9b9f7b-6859-46e6-80c3-1ecb261dd9ad,,//download.snec.org.cn/SNEC/article/2025/05/28//123-83839636.png,pv.snec.org.cn/api/getInviteCompanyList,2026
义乌市兴树进出口有限公司,"Yiwu Green Tree Import & Export Co.,Ltd",,,,e5d2ed0a-9cb9-4b32-bf9e-611fd7981b3e,1072dd85-80f9-4cda-8d0f-757731325d3a,,//download.snec.org.cn/SNEC/article/2025/05/28//logo-03048057.png,pv.snec.org.cn/api/getInviteCompanyList,2026
天津市泰吉钢铁实业有限公司/天津市晟昇钢结构有限公司,,,,,fc1be886-3d78-487d-951a-2c552d4e6d25,998d755b-ed38-46b9-97bd-23f31b3aa592,85ef2d1e-eac3-4140-9081-269b4d832951,https://download.snec.org.cn/SNEC/article/2025/06/03//天津市晟昇钢结构有限公司-27892770.jpg,pv.snec.org.cn/api/getInviteCompanyList,2026
常州时创能源股份有限公司,"Changzhou Shichuang Energy Co., Ltd.",,,,59f2ef68-de9a-421c-83b9-8a3ffe688f6d,594abf74-7c4a-455e-a142-5ca1db8b3d2f,,//download.snec.org.cn/SNEC/article/2025/05/28//QQ_1748415262241-04610917.png,pv.snec.org.cn/api/getInviteCompanyList,2026
淄博博瑞斯自动化设备有限公司,"Zibo Boris Automation Equipment Co., Ltd",,,,d7e42787-95eb-46f0-8450-6e497bf7ce14,a72c3aa2-d47e-4d8a-a52c-6804a8713533,,//download.snec.org.cn/SNEC/article/2025/05/28//微信图片_20230210142443-57218491.png,pv.snec.org.cn/api/getInviteCompanyList,2026
上海钧乾智造科技有限公司,"Shanghai Junqian Zhizao Technology Co.,Ltd",,,,e7971dd9-2d94-4a20-a75a-110be90648ba,270e924b-a559-4ac7-ba10-fe19e1d6622c,,//download.snec.org.cn/SNEC/article/2025/05/28//钧乾logo-94474251.png,pv.snec.org.cn/api/getInviteCompanyList,2026
上海亿钶气体股份有限公司,"Shanghai EACO Gas Co.,Ltd.",,,,b6d37f5e-f240-4c80-a376-531685c2eccc,f4688455-10e7-477c-921a-166cf389382e,,//download.snec.org.cn/SNEC/article/2025/05/28//EACO 透明logo -62597120.png,pv.snec.org.cn/api/getInviteCompanyList,2026
无锡隆玛科技股份有限公司,"Wuxi  Longmax Technology Co.,Ltd",,,,05ffde03-3e67-4280-ae44-0e20a33d424b,edd5d198-e9c1-4ff0-839f-10ecec439615,cbca6b0c-97a2-4bec-9688-f375b1ee98d1,https://download.snec.org.cn/SNEC/article/2025/06/03//无锡隆玛科技股份有限公司-60995114.png,pv.snec.org.cn/api/getInviteCompanyList,2026
小电电源(杭州)有限公司, ,,,,6691f946-a498-441f-b26c-478b7ff98c46,e6cf4f11-8b4c-4c5d-8def-de2c37ca140b,0db2fa85-9321-4bf7-8681-5320f7a8f77d,"https://download.snec.org.cn/SNEC/article/2025/05/29//小电电源(杭州)有限公司Xiaodian Power (Hangzhou) Co., Ltd-17764634.png",pv.snec.org.cn/api/getInviteCompanyList,2026
湖南宇晶机器股份有限公司," Hunan Yujing Machinery Co., Ltd.",,,,b23bd38e-82fd-40ca-8896-0888fc2e8f19,8fd01e23-c64b-44b7-92d1-18fef9cd91b3,,//download.snec.org.cn/SNEC/article/2025/05/28//QQ_1748417176082-91179196.png,pv.snec.org.cn/api/getInviteCompanyList,2026
中国人民财产保险股份有限公司,PICC Property and Casualty Company Limited,,,,50ed3aed-e368-4435-864f-894709601348,9be72d4e-4d04-4ddf-9ab1-6fe657729e5f,,//download.snec.org.cn/SNEC/article/2025/05/28//A-03 核心标识-居中版-43480023.png,pv.snec.org.cn/api/getInviteCompanyList,2026
深圳市永诚创科技有限公司,YCCFAN INTERNATIONAL LIMITED,,,,5a814051-98b4-49d7-b571-a2ab8755285d,13123faf-28ba-47fc-9d11-66a5e2781259,,//download.snec.org.cn/SNEC/article/2025/05/28//QQ_1748416526286-20837675.png,pv.snec.org.cn/api/getInviteCompanyList,2026
宁波伏龙同步带有限公司,"NINGBO FULONG SYNCHRONOUS BELT CO., LTD",,,,b03c9eef-a5ad-4308-9b80-858a8e7a27ac,cddead2f-05c9-43cd-993c-36930486dca8,,//download.snec.org.cn/SNEC/article/2025/05/28//图片1-71631931.png,pv.snec.org.cn/api/getInviteCompanyList,2026
深圳市盛仕达电子有限公司,"SHENZHEN SHENGSHIDA ELECTRONICS CO.,LTD",,,,e808b347-0fed-4581-930c-a064fda066a1,f5cf99b8-237b-4444-88f5-e5f874d64ec0,,//download.snec.org.cn/SNEC/article/2025/05/28//222-06096237.png,pv.snec.org.cn/api/getInviteCompanyList,2026
长兴华强电子股份有限公司,"Changxing Huaqiang Electronics Co., Ltd",,,,cb5aa18a-323c-4d5a-802e-3ac61055fad6,9408c6bd-d9b2-4551-b22b-ceb6cdc1a1a6,,//download.snec.org.cn/SNEC/article/2025/05/28//商标-91098989.png,pv.snec.org.cn/api/getInviteCompanyList,2026
天津智易时代科技发展有限公司,"Tianjin Zwinsoft Technology Co.,Ltd. ",,,,8c8c03af-3650-4a9c-bfc6-c22e0294be9f,2773eedf-a458-4363-bd23-9e3c4c466cd8,00a0a031-7cb4-4502-82d3-1b50649cf2f1,"https://download.snec.org.cn/SNEC/article/2025/05/29//天津智易时代科技发展有限公司Tianjin Zwinsoft Technology Co.,Ltd.-09409055.jpg",pv.snec.org.cn/api/getInviteCompanyList,2026
上海雷尔盾电气有限公司,"Shanghai LERDN Lightning Protection Co.,Ldt.",,,,c001e7c9-e3a3-4b75-b778-2d35237f16f5,6f9a9518-e72f-4509-bba3-597f2dbdb3df,,//download.snec.org.cn/SNEC/article/2025/05/28//1db2d4b3b4608ac2fc4f2a70e4ed0426-64135387.png,pv.snec.org.cn/api/getInviteCompanyList,2026
常州裕能石英科技有限公司,"CHANGZHOU YUNENG QUARTZ TECHNOLOGY CO., LTD",,,,49205566-1956-4191-a45c-b68229006661,e89926de-d21f-46ac-8857-979795449033,,//download.snec.org.cn/SNEC/article/2025/05/28//QQ_1748417320924-81596076.png,pv.snec.org.cn/api/getInviteCompanyList,2026
浙江熊创微电网科技有限公司,XiongChuang Microgrid,,,,dc485bba-b5ff-481d-992d-a9a9f2152ef4,58f4f2c7-cebc-4ffe-8cfc-8e2edb8a67d5,ba374d70-cad9-4fd7-b5fb-addfccdf9cd3,https://download.snec.org.cn/SNEC/article/2025/06/03//浙江熊创微电网科技有限公司-77804035.png,pv.snec.org.cn/api/getInviteCompanyList,2026
常州恒玖传动科技有限公司,"Changzhou Hengjiu transmission Technology Co., LTD",,,,77ba7d35-b571-4aad-8657-3abca8e3ae4e,bafbfc33-7dd2-44b4-9f25-5b2f2aecdc36,,//download.snec.org.cn/SNEC/article/2025/05/29//微信图片_20250529174355-88043017.png,pv.snec.org.cn/api/getInviteCompanyList,2026
厦门宏发电声股份有限公司,"Xiamen Hongfa Electroacoustic Co.,Ltd.",,,,aca42a40-f629-4417-b623-2ebe9542edcd,b13d2e6e-8528-4dcd-940d-ff431cf5de0c,,//download.snec.org.cn/SNEC/article/2025/06/03//宏发LOGO规范(1)-05-30290215.png,pv.snec.org.cn/api/getInviteCompanyList,2026
华彩光能科技（云南）有限公司,"Huacai Solar Technology (Yunnan) Co., Ltd",,,,c16b2666-1afb-48fd-b1ba-34de58139221,6b27d091-4ac3-4331-b671-cf1e0af85455,,//download.snec.org.cn/SNEC/article/2025/06/04//华彩光能 定稿-01-62959631.png,pv.snec.org.cn/api/getInviteCompanyList,2026
宁波欧达光电有限公司,OSDA SOLAR,,,,a6e8a69b-a97c-4558-8c1f-e1c2cf484d4f,ea10c585-3f1b-490d-ac2d-875ee7c6429f,,//download.snec.org.cn/SNEC/article/2025/06/06//微信图片_20231218133839-67531644.png,pv.snec.org.cn/api/getInviteCompanyList,2026
深圳市矩形科技有限公司,"Shenzhen Rectangular Technology Co., Ltd",,,,313d47ac-67c0-4f65-a391-afc8457c662a,86261f27-0f5a-498b-99c8-11c3c2262188,,//download.snec.org.cn/SNEC/article/2025/08/01//矩形科技logo高清版1-79036618.png,pv.snec.org.cn/api/getInviteCompanyList,2026
  首瑞（天津）电气设备有限公司,"SVRUI（TIANJIN） ELECTRICAL EQUIPMENT CO.,LTD.",,,,f75c1d8a-bc02-4032-a6a9-d1f54682d4eb,56f6c679-2e2e-4ecd-a9db-2a5a09c25502,,//download.snec.org.cn/SNEC/article/2025/05/28//未标题-2_画板 1-51701971.png,pv.snec.org.cn/api/getInviteCompanyList,2026
浙江永能控股有限公司/浙江昌能规划设计有限公司,"Zhejiang Yongneng Holding Co., Ltd/Zhejiang Changneng Plannning and Design Co.,Ltd",,,,b5233cbb-da05-4eab-a73e-4bfc3e19531b,ebb586eb-8825-4ca5-9fa6-c078cc581c67,,//download.snec.org.cn/SNEC/article/2025/05/28//QQ_1748416666002-57825803.png,pv.snec.org.cn/api/getInviteCompanyList,2026
衢州季丰检测技术有限公司,"GIGA FORCE(QZ)TESTING TECHNOLOGY CO., LTD",,,,221381b9-76ee-4b1c-a9e2-aefa2678ae84,beac9146-9ad4-401a-b2c6-8b5290e01951,,//download.snec.org.cn/SNEC/article/2025/05/28//70eb49cf608869e3c20aa96aa53b837-94961963.png,pv.snec.org.cn/api/getInviteCompanyList,2026
EVERLIGHT (SUZHOU) ADVANCED CHEMICALS LTD.,永光（苏州）光电材料有限公司,,,,295e75c9-c686-467e-a5fa-c1f2872a3891,3a1d0a0f-8f6f-4174-803f-baa04563502f,,//download.snec.org.cn/SNEC/article/2025/05/28//EverlightChemical_logo_170x70px-83750807.png,pv.snec.org.cn/api/getInviteCompanyList,2026
深圳市优优绿能股份有限公司,"Shenzhen UUGreenPower Co.,Ltd",,,,1ad2bac8-52d7-44fb-963d-207b73e648ba,be2860bb-5db9-48d6-8a72-461039d9b34a,,//download.snec.org.cn/SNEC/article/2025/05/28//QQ_1748416966601-46237346.png,pv.snec.org.cn/api/getInviteCompanyList,2026
浙江元通线缆制造有限公司,Zetastone Cable,,,,b7056e07-2a48-4ef7-b87f-c8f746740c48,1b45c2d8-b554-4bca-aca4-8ca2618b6bbc,,//download.snec.org.cn/SNEC/article/2025/05/28//QQ_1748417475223-45251613.png,pv.snec.org.cn/api/getInviteCompanyList,2026
金龙电缆科技有限公司,"C-KINGDOM CABLE TECHNOLOGY CO.,L-TD",,,,3aada74b-1069-4406-a4c0-585a03c1ac1e,2fc41670-8cf4-45a4-8feb-7898f2cb0f9f,,//download.snec.org.cn/SNEC/article/2025/05/28//金龙电缆logo合集-01-54346097.png,pv.snec.org.cn/api/getInviteCompanyList,2026
江苏神州半导体科技有限公司,"JiangSu Shenzhou Semiconductour Technology Co,Ltd",,,,9a363504-aea2-4f75-99ce-74523388e6c8,76ad22c3-b1c2-42a4-bf8b-190187a4d1fe,,//download.snec.org.cn/SNEC/article/2025/05/28//神州logo-86415470.png,pv.snec.org.cn/api/getInviteCompanyList,2026
浙江云恒绿能新材料有限公司,Zhejiang Yunheng Green Energy New Material Co.，LTD,,,,44489f19-0fa9-418c-ab3f-fd0ef91ad6c7,8b9b2d1b-36d5-4285-82db-8eb071b9fbc2,,//download.snec.org.cn/SNEC/article/2025/05/28//QQ_1748417657689-13745049.png,pv.snec.org.cn/api/getInviteCompanyList,2026
上海宇涵机械有限公司,"Shanghai Yuhan Machinery  Co., Ltd",,,,71084486-7032-478c-b5d1-c5293f06d7e7,4779b36a-3fb7-4192-b706-63b367227746,,//download.snec.org.cn/SNEC/article/2025/05/28//宇涵图标-42317309.png,pv.snec.org.cn/api/getInviteCompanyList,2026
上海宝山太平货柜有限公司,"Shanghai Baoshan Pacific Container Co., Ltd.",,,,4eca79ce-7ac7-4ae7-883f-a8ff541ea0d1,8f27bf09-3532-4cc7-a5e8-83484584d088,,//download.snec.org.cn/SNEC/article/2025/05/29//企业LOGO-04640780.png,pv.snec.org.cn/api/getInviteCompanyList,2026
杭州远方仪器有限公司,EVERFINE Corporation,,,,88f84752-76a0-4c2e-b859-47625e44af99,148185d7-0d9e-4cef-a665-cf8421e9de24,,//download.snec.org.cn/SNEC/article/2025/05/30//远方logo-26422421.png,pv.snec.org.cn/api/getInviteCompanyList,2026
苏州芯凯杰半导体设备有限公司,"Suzhou XinKaiJie Semiconductor Equipment Co., Ltd.",,,,84f95555-2e7a-4408-a3fc-9e6f824a38ca,f22b1456-f204-47c1-9898-d68848452225,,//download.snec.org.cn/SNEC/article/2025/12/19//WPS圖片20251219181102-40537219.png,pv.snec.org.cn/api/getInviteCompanyList,2026
珠海光驭科技有限公司,Phomera Metamaterials Inc.,,,,40ca692d-00e9-46d0-84f1-3340b732f4e7,edb6bc65-9f69-43db-9c27-fa9f17152ef2,,//download.snec.org.cn/SNEC/article/2025/05/30//光驭彩色LOGO(1)-66152925.png,pv.snec.org.cn/api/getInviteCompanyList,2026
大连华邦化学有限公司,"DaLian High Purity Chemical co.,Ltd",,,,95df7b17-0e28-4ae8-9d2a-f0a4b38227fa,21b07250-1dc9-4af9-a899-20fc92486bad,,//download.snec.org.cn/SNEC/article/2025/05/30//logo5-04924023.png,pv.snec.org.cn/api/getInviteCompanyList,2026
天津华源时代金属制品有限公司,"Tianjin Huayuan Times Metal Products Co., LTD",,,,0f86dea2-cfa6-423c-923d-367edbc96eb5,3a1a4404-86d6-4c22-ba80-3bc3cab29336,,//download.snec.org.cn/SNEC/article/2025/05/28//WechatIMG3473_副本2-11921710.png,pv.snec.org.cn/api/getInviteCompanyList,2026
河海大学安能光伏团队,Anneng Photovoltaic Team of Hohai University,,,,4f8d2731-0ae5-4d66-9491-85172e4ca615,21b1b117-b654-4c70-903b-d360f755727c,,//download.snec.org.cn/SNEC/img/2025/04/30//安太数能LOGO-90649305.png,pv.snec.org.cn/api/getInviteCompanyList,2026
中船 （邯郸）派瑞氢能科技有限公司," PERIC Hydrogen Technologies Co., Ltd.",,,,44099c25-397f-43b6-81fb-5b266415d79d,f24e7b52-68c3-4c0d-86c4-4f4651cb4bb3,,//download.snec.org.cn/SNEC/article/2025/05/28//QQ_1748419008050-74778396.png,pv.snec.org.cn/api/getInviteCompanyList,2026
润阳新能源（上海）有限公司,RUNERGY,,,,1b65524b-e200-46a8-81ff-b8bbdf2898ef,9e6e666a-3506-48c5-8304-ea27373aa2c0,743b913b-063a-4713-87eb-2f0c922b66f9,https://download.snec.org.cn/SNEC/article/2025/12/29//runergy中文logo-85894853-86456728.png,pv.snec.org.cn/api/getInviteCompanyList,2026
苏州中信博新能源电力科技有限公司,"Arctech Solar (Suzhou)Co., Ltd.",,,,a8ffd80d-656e-48be-86ba-ee413379e754,21e52229-95cf-450f-943c-e82ed8759e3f,1098c78b-eba3-4d6f-a19f-2322a9cb6165,https://download.snec.org.cn/SNEC/article/2025/12/29//中信博 _20251226152934-32422680.png,pv.snec.org.cn/api/getInviteCompanyList,2026
广东科明环境仪器工业有限公司,"Guangdong KOMEG Industrial Co., Ltd",,,,1276fac1-33bb-4957-b1de-e504a63b863c,3ee16cdb-a38b-4195-85b2-d604a1ab1213,,//download.snec.org.cn/SNEC/article/2025/05/28//微信图片_20250527100103-70545388.png,pv.snec.org.cn/api/getInviteCompanyList,2026
赛拉弗能源集团股份有限公司,"SERAPHIM ENERGY GROUP CO., LTD.",,,,ef9141a8-bd00-4b36-af83-1def22448277,8aa42a0c-ef84-4c87-b9f9-eb7d1065d1fa,88d9549a-6c9d-4a11-8b3b-a8f9d997ad3f,https://download.snec.org.cn/SNEC/article/2025/06/03//赛拉弗(1)-97913739.png,pv.snec.org.cn/api/getInviteCompanyList,2026
苏州润阳光伏科技有限公司/江苏润阳悦达光伏科技有限公司,"Suzhou Runergy PV Technology Co.,Ltd.",,,,b92e5a85-7929-4aea-b264-5a7f9b6698ab,b1377309-f6c6-4831-a343-0aa537757976,c7611004-f3f5-4715-8387-fa2dcb9da79c,https://download.snec.org.cn/SNEC/article/2025/12/29//runergy中文logo-85894853-61588863.png,pv.snec.org.cn/api/getInviteCompanyList,2026
兆滕科技(无锡)有限公司,Zhao Teng Ke Ji,,,,054d4b91-f80a-4de8-931e-1e72b2b48606,28920cef-7c38-4669-b804-b4965bda744b,,//download.snec.org.cn/SNEC/article/2025/05/28//兆滕-12339853.png,pv.snec.org.cn/api/getInviteCompanyList,2026
无锡众能光储科技有限公司,"Wuxi Zhongneng Optical Storage Technology Co.,Ltd	",,,,7f4e1629-2f5d-49cd-aa49-1b52b0460d5d,805fc678-c662-4443-9f79-624ff5e48aeb,,//download.snec.org.cn/SNEC/article/2025/05/27//稿定设计-1-77601926.png,pv.snec.org.cn/api/getInviteCompanyList,2026
杭州裕正电子有限公司,"Hangzhou Yozea Electronic Co., Ltd.",,,,802d8e1c-d3c7-4deb-be24-068bb576ffad,d3565a24-c294-4471-8ab1-d199371c2153,,//download.snec.org.cn/SNEC/article/2025/05/28//微信图片_20250528164127-28586668.png,pv.snec.org.cn/api/getInviteCompanyList,2026
优美特(北京) 环境材料科技股份公司,"NEWMAT (Beijing) Environmental Materials Technology Co.,LTD",,,,d1180a8a-6c8e-45a2-90ff-6bd9aebfae43,0ee6dc1e-dfae-4269-87e6-745c843fb6e7,,//download.snec.org.cn/SNEC/article/2025/05/27//优美特-35523046.png,pv.snec.org.cn/api/getInviteCompanyList,2026
江苏煜华新能源有限公司,"Centro Energy Co., Ltd",,,,8e9c9c6e-2084-432d-a2ba-a899f6c865d9,25194351-dd2a-4415-81f8-c2b40c246b43,,//download.snec.org.cn/SNEC/article/2025/05/30//CENTRO LOGO-14982923.png,pv.snec.org.cn/api/getInviteCompanyList,2026
成都睿宝电子科技有限公司,"ChengduReborn Electronics Co.,Ltd",,,,6331241f-a1f3-456f-ad04-3e3af1738d60,429fe87f-90c8-41dc-ae81-3b048bda2fcf,,//download.snec.org.cn/SNEC/article/2025/05/28//睿宝LOGO（2023白底1）-94224014.png,pv.snec.org.cn/api/getInviteCompanyList,2026
安徽铜峰电子股份有限公司,"ANHUI TONGFENG ELECTRONICS CO., LTD",,,,8ce89db2-2b1b-4624-b726-67449ee1b38a,29eea019-4c2f-4c96-8614-46b2061e7c77,,//download.snec.org.cn/SNEC/article/2025/05/28//QQ_1748422007737-98162701.png,pv.snec.org.cn/api/getInviteCompanyList,2026
深圳市青虹激光科技有限公司,"Shenzhen Qinghong Laser Technology Co., Ltd.",,,,fbcdbc88-9f25-4623-b10d-54edcc7bb07e,51f7007b-817d-4e36-a207-c955be1f4d05,,//download.snec.org.cn/SNEC/article/2025/05/28//mmexport1748422569519-14137261.png,pv.snec.org.cn/api/getInviteCompanyList,2026
大自然塑胶（苏州）工业有限公司,DAZIRAN  PLASTIC（SUZHOU）INDUSTRIAL CO.，LTD.,,,,e7569311-7496-4a3e-a2b7-7b449941aa0d,d0e7461f-4f05-45b7-860b-d85e2c680d45,,//download.snec.org.cn/SNEC/article/2025/05/28//QQ截图20230314112847-17729265.png,pv.snec.org.cn/api/getInviteCompanyList,2026
无锡市明耀太阳能科技有限公司,"Wuxi Mingyao Solar Energy Technology Co., Ltd",,,,85200552-6754-4a12-9ede-7a9ce50c0858,5fb55fac-9b6a-4828-ab71-f45543663aa5,,//download.snec.org.cn/SNEC/article/2025/05/28//2-98109625.png,pv.snec.org.cn/api/getInviteCompanyList,2026
西安创联新能源设备有限公司,"XI AN CHUANG LIAN NEW ENERGY EQUIPMENT CO,LTD.",,,,13504198-4c30-4748-b46d-22a38830d8e0,108a6cad-beea-4770-9b8f-f2353db9f33e,,//download.snec.org.cn/SNEC/article/2025/05/28//微信图片_20250528170954-46202377.png,pv.snec.org.cn/api/getInviteCompanyList,2026
博爱新开源制药有限公司,Boai NKY Pharmaceuticals Ltd,,,,68ca4faf-0c6f-4b7b-a94a-992399efa71b,4fff4fec-6770-4400-a748-9c8f81d0978d,,//download.snec.org.cn/SNEC/article/2025/05/29//iwEcAqNwbmcDAQTRCngF0Qp4BrCwMGLBHe-4fQaCmmC-jzsAB9MAAAAAvD8EXQgACaJpbQoAC9IAB8fe-74246525.png,pv.snec.org.cn/api/getInviteCompanyList,2026
广州冠图电子科技有限公司,"Guangzhou Guantu Electronic Technology Co., Ltd.",,,,73ec356b-f0c4-44cd-914c-3f4fd775494e,abb37d45-2efc-4fca-8479-b0c5104b51fe,3241e957-435b-4bda-b11f-d7b0b9d425d6,"https://download.snec.org.cn/SNEC/article/2025/05/29//广州冠图电子科技有限公司Guangzhou Guantu Electronic Technology Co., Ltd.-12778136.jpg",pv.snec.org.cn/api/getInviteCompanyList,2026
东莞市鼎格自动化设备有限公司,"Dongguan Dingge Automation Equipment Co., Ltd",,,,c7745f41-eeaa-46c3-b07b-ce124a671b09,9328ca9b-9617-4d2e-97cb-df975c81055f,,//download.snec.org.cn/SNEC/article/2025/05/28//LOGOdge-24883159.png,pv.snec.org.cn/api/getInviteCompanyList,2026
嘉兴渥誊贸易有限公司,O-TECH（JIAXING）INC,,,,b5029f0c-3c90-4440-a727-c84cac159229,92e92d47-f0cb-4113-b334-72a00f55dfab,06ed1edb-0a25-404d-9350-9b913ab5da7d,https://download.snec.org.cn/SNEC/article/2025/05/29//嘉兴渥誊贸易有限公司O-TECH（JIAXING）INC.-11008115.png,pv.snec.org.cn/api/getInviteCompanyList,2026
苏州智慧谷激光智能装备有限公司/昆山赛阳电子材料有限公司,"Suzhou Wisdom Valley Laser Intelligent Equipment Co. , Ltd. /Kunshan saiyang electroic material Co.,Ltd",,,,bdd50dc7-3e1a-4a45-a6bc-1fc1865e8386,f7db0852-c8d4-4626-accd-c320c5f8182e,,//download.snec.org.cn/SNEC/article/2025/05/28//蓝色透明-LOGO-45445073.png,pv.snec.org.cn/api/getInviteCompanyList,2026
昆山胜泽光电科技有限公司,KUNSHAN SHENGZE TECHNOLIGIES Co.，LTD,,,,ff65e405-4131-4731-b7f5-6e54c2fe244f,217868ee-3ca7-472c-8aff-547f6c2331c8,,//download.snec.org.cn/SNEC/article/2025/05/28//QQ_1748423265088-15912012.png,pv.snec.org.cn/api/getInviteCompanyList,2026
天津德赢新能源科技发展有限公司,,,,,f0799a7d-1dd3-4eb1-adc1-6f082255f474,991b27a6-c5e9-4426-a237-0484cbc7ddf7,29647a1a-c05e-4e2e-b098-084bbc1a39af,https://download.snec.org.cn/SNEC/article/2025/05/30//天津德赢新能源科技(1)-05709750.jpg,pv.snec.org.cn/api/getInviteCompanyList,2026
杭州高特电子设备股份有限公司,"HangZhou GOLD Electronic Equipment Inc.,LTD",,,,643f9bba-6a08-4a5d-834b-e06f9f429e92,6bd6746c-d8eb-44e6-a7a5-09211d6bdee0,d0df9f91-f598-4855-bd11-4f3ee66c60b9,https://download.snec.org.cn/SNEC/article/2025/05/30//高特logo（中文线上色）(1)-46302999.jpg,pv.snec.org.cn/api/getInviteCompanyList,2026
宁波君灵模具技术有限公司,"Ningbo Junling Mould Technology Co.,Ltd",,,,48a32b94-a7f1-46a4-b753-67bb32701221,b91c1ee1-5a28-46e9-b32d-bbb7b04f2ef4,,//download.snec.org.cn/SNEC/article/2025/05/30//11-97103952.png,pv.snec.org.cn/api/getInviteCompanyList,2026
中核光电科技（上海）有限公司," CNNP Optoelectronics Technology (shanghai) Co.,Ltd.",,,,1bcf4442-a86d-4fdc-9bf6-c0c21e4ea2e7,53f279da-bbae-45a0-b159-0ed54a5862d8,,//download.snec.org.cn/SNEC/article/2025/06/03//中核光电科技logo-01-55522037.png,pv.snec.org.cn/api/getInviteCompanyList,2026
固德威技术股份有限公司,"GOODWE TECHNOLOGIES CO.,LTD.",,,,65f89962-c406-4763-96c9-fc246e5226b6,5697ad2b-cb71-44a9-bd3d-f25114a2310a,d52af8c9-a887-482b-8e0f-b0d738db1ce0,https://download.snec.org.cn/SNEC/article/2025/08/01//微信图片_20250801105246-65304125.jpg,pv.snec.org.cn/api/getInviteCompanyList,2026
济南德迈科机械设备有限公司,"JINAN DEMAC MACHINE CO., LTD. ",,,,1164fe4e-9ff1-40a7-9158-338367827f44,8709e3c4-3e29-4ff2-b5c1-8e84fd0839fa,,//download.snec.org.cn/SNEC/article/2025/05/28//Logo demac-49272654.png,pv.snec.org.cn/api/getInviteCompanyList,2026
山东福马轴承有限公司,"Shandong fuma Bearing co.,ltd",,,,515c99c9-caa7-4209-9716-c6575876b2ab,a60e259c-281d-402c-8f97-1ca71225cf78,,//download.snec.org.cn/SNEC/article/2025/05/28//微信图片_20250528171008(1)-77417258.png,pv.snec.org.cn/api/getInviteCompanyList,2026
合肥志友电气有限公司,"Hefei Zhiyou Electric Co., Ltd.",,,,1ba3c044-80b9-4a34-9bcf-d31a5fe45916,b9644706-6262-4203-83ae-33aea1cc0201,,//download.snec.org.cn/SNEC/article/2025/05/28//QQ_1748424207628-40771459.png,pv.snec.org.cn/api/getInviteCompanyList,2026
 浙江金信不锈钢制造有限公司,"ZHEJIANG JINXIN STAINLESS STEEL MANUFACTURE CO., LTD",,,,9ebbbbe3-bed5-4f2e-992c-602a52c0c633,abfae75a-147c-4312-b6ce-3768eeec6041,,//download.snec.org.cn/SNEC/article/2025/05/31//微信图片_20250531154423-06221361.png,pv.snec.org.cn/api/getInviteCompanyList,2026
南京欧陆电气股份有限公司,"Nanjing Oulu Electric Corp.,Ltd.",,,,3b797cae-decb-48a8-aae3-0bf0fe44d5ae,ee620ddd-06c9-4b0b-a91a-28979cc36ac2,,//download.snec.org.cn/SNEC/article/2025/05/30//ollogo视频11-28941573.png,pv.snec.org.cn/api/getInviteCompanyList,2026
艾罗能源  ,SolaX Power,,,,4508bbd9-b4ea-4681-9dba-708985f2215a,30fea02c-417f-46c0-a29a-7912da562c0b,121e5e17-9ac2-444f-ad75-141ba0fce637,https://download.snec.org.cn/SNEC/article/2025/06/03//微信图片_20250603183241-53558017.png,pv.snec.org.cn/api/getInviteCompanyList,2026
科圣达（苏州）智能科技有限公司,"King Star(Suzhou)Intelligent Technology Co.,Ltd.",,,,16cc3ccd-316d-4f87-a60d-f4987cf77e78,b55a43db-d084-45fe-940c-f4a4455ee6ca,,//download.snec.org.cn/SNEC/article/2025/05/27//科圣达logo_00-19545324.png,pv.snec.org.cn/api/getInviteCompanyList,2026
三弦电子科技（昆山）有限公司,Trigon Electronics (Kun Shan) Limited,,,,531e370b-7cd6-4534-8c6c-0924afb4ccac,839cefe0-de16-4722-aff0-633f32099e3e,,//download.snec.org.cn/SNEC/article/2025/05/30//微信图片_20250530101402-44886969.png,pv.snec.org.cn/api/getInviteCompanyList,2026
浙江艾罗网络能源技术有限公司/杭州桑尼能源科技股份有限公司,"SolaX Power Network Technology(Zhejiang) Co.,Ltd.",,,,3c28b6c4-6971-4cdd-9e78-79d3aa5c8535,271caabe-ff78-4ef1-86dc-df1c83db12a0,bc173737-f7d4-492c-916d-274fb184ca6a,https://download.snec.org.cn/SNEC/article/2025/06/03//微信图片_20250603183241-65870049.png,pv.snec.org.cn/api/getInviteCompanyList,2026
固德威技术有限公司,GOODWE,,,,3a4ae82c-d995-447d-b0d6-2503dc3141e6,9c7b4860-12f2-4517-ae08-05704e8d80de,cce1d6e2-cfd6-49e5-bd08-1c684b80dc16,https://download.snec.org.cn/SNEC/article/2025/08/01//微信图片_20250801105246-09623048.jpg,pv.snec.org.cn/api/getInviteCompanyList,2026
东莞市沃成科技有限公司,"Dongguan Wocheng Technology Co.,Ltd.",,,,a10ed122-9ac7-4fff-9816-7c3bfa3dd4b8,2b86d940-8eb3-4b5b-8d32-211b8a7b5f03,,//download.snec.org.cn/SNEC/article/2025/05/28//公司Logo3333-40077937.png,pv.snec.org.cn/api/getInviteCompanyList,2026
中建材浚鑫,"Jetion Solar (China) Co., Ltd",,,,cd1d4683-59e7-4a4b-8da9-e9e347a8745c,ed995bc5-fca8-4952-b30b-3a4302bdb24f,,//download.snec.org.cn/SNEC/article/2025/05/28//微信图片_20250528181628-57039389.png,pv.snec.org.cn/api/getInviteCompanyList,2026
江苏和正特种装备有限公司,JANGSU HEZHENG SPECIAL EQUIPMENT CO.LTD,,,,f0d03954-1d1c-4929-86e9-6828a14f1dee,3bf07880-e42b-4115-ad90-39260caa0214,8802c1be-5c62-4710-91d4-ecee66758899,https://download.snec.org.cn/SNEC/article/2025/05/30//和正LOGO-57606848.jpg,pv.snec.org.cn/api/getInviteCompanyList,2026
东莞市华铜实业有限公司,"Dongguan Huatong Industrial Co., Ltd.",,,,4e2b0de3-3973-45f3-9da4-b16589bbe360,c33f46af-37de-4bfc-90c0-49e71d96c71c,ab902464-35f8-43e4-893a-844c05d7371e,https://download.snec.org.cn/SNEC/article/2025/05/30//华铜LOGO-12422949.png,pv.snec.org.cn/api/getInviteCompanyList,2026
浙江飞旋科技有限公司,"Zhejiang EMAGING Technology Co.,Ltd.",,,,45d5d4bb-38aa-432c-99a5-52e1fc665ffe,efcfbc95-2631-447a-af5d-a5be0a97762c,,//download.snec.org.cn/SNEC/article/2025/05/30//飞旋-78550947.png,pv.snec.org.cn/api/getInviteCompanyList,2026
精航新能源技术有限公司,Jinghang New Energy Technology Co.，Ltd,,,,ae3a290d-7e9e-490e-9379-817fd221f3ae,577dbc46-7701-4c59-a193-7d49ebbae685,b3154a22-557f-4313-a7ee-472a8070ec43,https://download.snec.org.cn/SNEC/article/2025/05/30//精航LOGO-23769027.png,pv.snec.org.cn/api/getInviteCompanyList,2026
西安中熔电气股份有限公司,"Xi’an Sinofuse Electric Co., Ltd.",,,,30b86ded-0682-4a00-a3cf-196304d1f0dc,b5d049a2-55a3-4755-a789-49e012e4a74b,,//download.snec.org.cn/SNEC/article/2025/05/30//未标题-1-42650234.png,pv.snec.org.cn/api/getInviteCompanyList,2026
杭州禾迈电力电子股份有限公司/杭州禾迈电力电子技术有限公司,Hoymiles Power Electronics Inc,,,,49205b68-f5c6-4fa5-868d-c6e24e385b35,442b3176-0471-43c3-bbd5-20d993572967,4dc264a4-4595-4e6a-895e-cebdc50a852b,https://download.snec.org.cn/SNEC/article/2025/06/05//微信图片_20250603183256-50227294.png,pv.snec.org.cn/api/getInviteCompanyList,2026
东莞市思普太阳能科技有限公司,"Dongguan Slocable Photovoltaic Technology Co.,Ltd",,,,73925967-3249-429a-949e-8aaf3e32e335,d4145209-fcbc-4a92-a2c8-ea1caaa14ba9,,//download.snec.org.cn/SNEC/article/2025/05/28//SLOCABLE LOGO-69989188.png,pv.snec.org.cn/api/getInviteCompanyList,2026
胜业电气股份有限公司,shengye,,,,5ba402dc-5f90-4a4a-ab8f-61c9d460e1f0,bf12d5b2-72ab-43fc-8bb4-eb7f517e5ec0,,//download.snec.org.cn/SNEC/article/2025/05/28//LOGO-74926797.png,pv.snec.org.cn/api/getInviteCompanyList,2026
南京德睿能源研究院有限公司,"DERI Energy Research Institute Co.,Ltd",,,,075993f9-254e-45c5-ad76-130531eb07b0,43856336-79b3-40d8-8044-57c38c04fe00,15ef839f-9ddc-4337-a936-4b763c149e72,"https://download.snec.org.cn/SNEC/article/2025/05/29//南京德睿特来电能源研究院有限公司DERI-TELD Energy Research Institute CO.,LTD.-31643521.png",pv.snec.org.cn/api/getInviteCompanyList,2026
江苏苏美达能源控股有限公司,"SUMEC Energy Holding Co.,Ltd",,,,1bff5a42-7ab9-4d47-8f64-9ed6c5f65dd2,8e24e1e4-9c56-430b-b01f-e3311c1da7ca,0ac51b83-11c5-47ab-88e0-6e2bde330b03,https://download.snec.org.cn/SNEC/article/2025/12/29//苏美达-93531320.png,pv.snec.org.cn/api/getInviteCompanyList,2026
沐祥集团有限公司,"Moshell Group Co., Ltd",,,,182a5605-3421-4757-be1e-e744c7233e93,e5d2b186-e099-4118-a27d-754fc9ff67da,,//download.snec.org.cn/SNEC/article/2025/05/29//d5320838d59d6f8cf9de5d0aef93c38-91164660.png,pv.snec.org.cn/api/getInviteCompanyList,2026
上海玖蓥智能科技有限公司,"Giozening(shanghai)Intelligent Technology Co.,Ltd",,,,a6b538cf-cd4a-4be4-99e5-fe2c49efb975,191956bf-0cdd-425e-b82e-a0a0751868d7,,//download.snec.org.cn/SNEC/article/2025/05/29//logo-2023-46658838.png,pv.snec.org.cn/api/getInviteCompanyList,2026
江西天永诚高分子材料有限公司,"GOLOHO POLYMER(JIANGXI)CO.,LTD.",,,,4180c23d-77db-4d19-88b1-e7e907295005,2097f5d4-c17e-40fc-be0c-cc7969f7a623,,//download.snec.org.cn/SNEC/article/2025/05/29//天永诚-15638368.png,pv.snec.org.cn/api/getInviteCompanyList,2026
杭州华塑科技股份有限公司,"Hangzhou Huasu Technology Co., Ltd",,,,b348b0c7-b501-40b7-bd1d-6c30be78f99f,adeb9ca5-a2ac-488f-92d5-a002c9dfb810,92da6bcd-8508-4c81-9603-afe39b7efb73,"https://download.snec.org.cn/SNEC/article/2025/05/29//杭州华塑科技股份有限公司Hangzhou Huasu Technology Co., Ltd-39696260.png",pv.snec.org.cn/api/getInviteCompanyList,2026
合肥伊斯特电气有限公司,Hefei East Electric Co.，Ltd.,,,,514bd216-ee05-4e7d-aa50-68d4c4f389b8,4fbf2819-fd4f-4323-88f3-f383b7b12b6c,5baa1f31-7ab4-40f0-a6df-aa8bc565769e,https://download.snec.org.cn/SNEC/article/2025/05/29//合肥伊斯特电气有限公司Hefei East Electric Co.，Ltd.-05228024.jpg,pv.snec.org.cn/api/getInviteCompanyList,2026
惠州市宝惠电子科技有限公司,"HUIZHOU BAOHUI ElECTRONIC TECHNOLOGY CO,LTD",,,,70fb7151-ae8b-4db5-98cc-f8380cb1a6f1,dc5ae971-e6f3-4f2a-a712-a1d2af3c376f,e5ba3771-f34d-4b97-aa3a-35e9146be2a9,"https://download.snec.org.cn/SNEC/article/2025/05/29//惠州市宝惠电子科技有限公司Huizhou Baohui Electronic Technology Co.,Ltd.-31685692.png",pv.snec.org.cn/api/getInviteCompanyList,2026
南京中盈新能源科技有限公司,"Nanjing First Energy Co.,Ltd",,,,21807ef0-d451-416a-b03d-c13d8cb8db8d,a6d91b41-df5a-4ea9-9499-86a5cac81eb0,a3ac4076-2e0b-4c86-85ff-b4090783e238,"https://download.snec.org.cn/SNEC/article/2025/05/29//南京中盈新能源科技有限公司Nanjing First Energy Co.,Ltd-97743854.jpg",pv.snec.org.cn/api/getInviteCompanyList,2026
广东聚石化学股份有限公司,"Polyrocks Chemical Co., Ltd.‌",,,,ccaf56a2-ade7-49ae-ba5e-0171ada9fcd3,15e5286c-8df1-4e34-854b-c5dd535bdc2b,,//download.snec.org.cn/SNEC/article/2025/12/29//微信图片_20251229104012_167_90-46592138.png,pv.snec.org.cn/api/getInviteCompanyList,2026
嘉兴昇望科技有限公司,Jiaxing Shown Tech Co.Ltd,,,,b095575a-3c58-4364-9124-6021a4b09c39,c22b1ce7-0c69-477c-9454-e06ee985b796,,//download.snec.org.cn/SNEC/article/2025/05/23//logo原图2-21699957.png,pv.snec.org.cn/api/getInviteCompanyList,2026
天长市圣日太阳能有限公司,"Tianchang Shengri Solar Energy Co.,Ltd",,,,ecd5235b-f583-44b8-9ad1-7ae3353f9e4e,11669673-bafd-47e1-ab76-63cc48a8b410,,//download.snec.org.cn/SNEC/article/2025/05/29//6e2bc0ce8fbe3a7c100740fc02e7595-75091568.png,pv.snec.org.cn/api/getInviteCompanyList,2026
嘉兴市纳杰微电子技术有限公司,"Jiaxing Synergy Micro-Electronics Technology Co.,Ltd.",,,,8cd9f758-b8d7-4397-bcb4-72b3321fcc24,4a561f80-52fc-4b89-8a76-0ad0288e5c89,,//download.snec.org.cn/SNEC/article/2025/05/29//图片-40861890.png,pv.snec.org.cn/api/getInviteCompanyList,2026
仓和精密制造（苏州）有限公司,"BRAVE PRECISION MFG(SUZHOU)CO.,LTD.",,,,d871b5ff-189f-496f-ba17-014ae142a2e8,170e0a4e-7b81-4afd-bdac-35204534da3b,,//download.snec.org.cn/SNEC/article/2025/05/29//QQ截图20250529131329-69743402.png,pv.snec.org.cn/api/getInviteCompanyList,2026
广东力王高新科技股份有限公司,"Guangdong Liwang High-Tech Co.,Ltd",,,,7a58cbd6-8c40-47b5-af30-69d90c5a39f7,054ae449-cf19-429b-950d-5c9f4cd17572,,//download.snec.org.cn/SNEC/article/2025/05/29//photobankdas-34031772.png,pv.snec.org.cn/api/getInviteCompanyList,2026
江苏南丰纺织线业有限公司,,,,,9af4cfef-39cd-44b6-b8d9-1e1aaa34ec2e,d046a10c-b79d-47ac-9dbb-6579df4666d4,a650319f-45e6-42c2-8ae5-fe1859420f99,"https://download.snec.org.cn/SNEC/article/2025/05/29//江苏南丰纺织线业有限公司 Jiangsu Nanfeng Textile Thread Industry Co., Ltd-99097778.jpg",pv.snec.org.cn/api/getInviteCompanyList,2026
麦加芯彩新材料科技（上海）股份有限公司,MEGA P&C Advanced Materials (Shanghai) Company Limited ,,,,461ec2ed-f448-4722-bf7b-0bed858db197,9d9cc584-7817-412c-a089-c0837d9f5b47,,//download.snec.org.cn/SNEC/article/2025/05/28//logo-New-08275851.png,pv.snec.org.cn/api/getInviteCompanyList,2026
南通康比电子有限公司,Nantong Hornby Electronics Ltd.,,,,f9a0c8f9-fa50-4be3-8be1-d12b36c50682,d44a90ff-8392-4493-b868-18c9a60bce5b,,//download.snec.org.cn/SNEC/article/2025/05/29//HB logo 2024-86214487.png,pv.snec.org.cn/api/getInviteCompanyList,2026
浙江博拉图科技有限公司/乐清市高科环保电子有限公司,"Zhejiang Bolartu Technology Co.,Ltd",,,,591f55c2-d7f1-47de-afb7-fdbfbd8d2c2c,0235ecf6-4f89-4e90-985f-0d314fe4abc8,f7c4a3da-f4b1-4975-86ad-f9cdc87b64c6,,pv.snec.org.cn/api/getInviteCompanyList,2026
山东昶迈新能源有限公司,"Shandong Changmai New Energy Co., Ltd",,,,b30a3194-71c7-4599-b73f-1521e801014e,5f847f9f-f0da-41c2-ae8a-b449fc7f83de,e05afa2c-6940-4993-a710-4b61bce0d5f2,https://download.snec.org.cn/SNEC/article/2025/05/30//昶迈LOGO-72970876.png,pv.snec.org.cn/api/getInviteCompanyList,2026
无锡驰和试验仪器有限公司 ,"WUXI CHIHE TESTING EQUIPMENT CO., LTD  ",,,,9787a52b-282d-45de-b2c0-c0f8d6bd2d17,fbb93129-139e-4ce8-8ee6-e1c3eae91789,342d0c4c-07e9-4dd5-ad7d-ba4becbbed4b,https://download.snec.org.cn/SNEC/article/2025/05/30//驰和LOGO-76715911.jpg,pv.snec.org.cn/api/getInviteCompanyList,2026
东莞市东兴铝业有限公司,"Token Aluminum Products Co., Ltd",,,,a5f32e5c-2e29-432c-86a1-eb740a00775a,f0902f9a-9b15-438b-8d48-101b3d69909d,e33bb215-dcbc-4292-9cf9-b47b5bb18203,https://download.snec.org.cn/SNEC/article/2025/05/30//东兴LOGO-39289522.png,pv.snec.org.cn/api/getInviteCompanyList,2026
安徽科蓝特铝业股份有限公司,"Anhui Krant Aluminum Products Co.,Ltd.",,,,89663b00-8d25-4096-a9e1-54ead3fd21e5,9f98a739-b003-4db7-86fd-a5b6f9bf9cbd,a83b0a9d-86e9-4248-8e9f-7e1e0191b4f3,https://download.snec.org.cn/SNEC/article/2025/05/30//科蓝特LOGO-76276692.png,pv.snec.org.cn/api/getInviteCompanyList,2026
广东菱智科技有限公司,Guangdong Lingzhi Technology Co.，Ltd,,,,ad4577c9-47f5-456c-9da3-0c2748fc1558,64bb53cb-578d-4136-8f65-82718e51d464,a68e5090-bca3-484a-abb2-f88173b71bc5,https://download.snec.org.cn/SNEC/article/2025/05/30//菱智LOGO-46245347.jpg,pv.snec.org.cn/api/getInviteCompanyList,2026
上海永铭电子股份有限公司,"SHANGHAI YONGMING ELECTRONIC CO.,LTD",,,,573e8394-75f8-4efa-b49c-b73340a4bd5d,68f70fa3-55e3-4c17-8cc7-cda1c54736e7,,//download.snec.org.cn/SNEC/article/2025/05/30//LOGO-01-09855669.png,pv.snec.org.cn/api/getInviteCompanyList,2026
隆盛通达（天津）钢铁实业有限公司,,,,,332b5bd8-c0de-43fd-b7bf-a166df7184f3,9de0a025-2641-42d6-9995-526f335f8210,acdfefb7-449d-4391-bbb3-7d6dfc1ada7b,https://download.snec.org.cn/SNEC/article/2025/05/30//隆盛通达LOGO-12702216.png,pv.snec.org.cn/api/getInviteCompanyList,2026
广东世纪明匠光电科技有限公司,"Guangdong Century Mingjiang Photoelectric Technology Co.,Ltd",,,,a4404dd6-344f-4595-921f-e2d6b3a6d8a7,5bc67808-edb8-4051-96c9-12e8a3d18ff1,470181a4-c8d7-4c57-b4c0-bcf59840a57b,https://download.snec.org.cn/SNEC/article/2025/05/30//世纪明匠-26002539.jpg,pv.snec.org.cn/api/getInviteCompanyList,2026
株洲中车时代电气股份有限公司,"ZHUZHOU CRRC TIMES ELECTRIC CO.,LTD",,,,18d9ddd4-7e6d-44ce-b616-8229db914ae6,d472d1f1-93b3-46af-aee8-c6cbc4daadc0,295f43ea-2779-4489-b8f4-16a71d56919b,https://download.snec.org.cn/SNEC/article/2025/12/29//中车-45771556.jpg,pv.snec.org.cn/api/getInviteCompanyList,2026
苏州腾圣技术有限公司,"TSUNESS CO., LTD",,,,3aa5b96e-34da-4dde-9c81-c0dd51f04a88,7af8b58e-2477-4fe3-8902-fafa3d75c108,,//download.snec.org.cn/SNEC/img/2023/03/01//LOGO_透明底-51983126.png,pv.snec.org.cn/api/getInviteCompanyList,2026
深圳市联益电子有限公司,"Shenzhen LYCN Electronics CO.,LTD",,,,1d9f28ca-5561-409b-835f-ed03a358e682,3b6b0784-a010-4664-a692-5634b1a7f48c,,//download.snec.org.cn/SNEC/article/2025/08/22//微信图片_2025-08-22_154157_837-12667325.png,pv.snec.org.cn/api/getInviteCompanyList,2026
苏州诺威特测控科技有限公司,"NOVTEC(SUZHOU)TECHNOLOGY CO.,LTD",,,,45948798-5ef1-497d-aeee-29bfd95ca7b4,4241712e-c06b-430e-8a8e-bb6dffadff4b,,//download.snec.org.cn/SNEC/article/2025/05/28//1748400738140-20903977.png,pv.snec.org.cn/api/getInviteCompanyList,2026
昆山新莱洁净应用材料股份有限公司,"Kunshan King Lai Hygienic Materials Co., Ltd.",,,,d01742ba-7dc7-4d96-a4f5-982c6dfeb2ba,a5e7906b-57a5-40b3-a3a1-6fb1c522fe53,,//download.snec.org.cn/SNEC/img/2024/04/29//KL-新莱集团-1-66597782.png,pv.snec.org.cn/api/getInviteCompanyList,2026
宁波旺氏环保材料有限公司,Ningbo  Wangshi Green Materials Co.，Ltd,,,,f3405a85-03d3-4528-a815-898a4ed9c34a,3c58d411-ed9e-40fc-b0c1-51d145a0370e,,//download.snec.org.cn/SNEC/article/2025/05/29//1-01612929.png,pv.snec.org.cn/api/getInviteCompanyList,2026
厦门科华数能科技有限公司,"Xiamen Kehua Digital Energy Tech Co.,Ltd ",,,,5a96c419-7ec4-4ffd-be70-cfaf97f8793e,5cbad725-aa30-4532-a846-227ec1559253,,//download.snec.org.cn/SNEC/article/2025/05/28//1748399864584-15224472.png,pv.snec.org.cn/api/getInviteCompanyList,2026
扬州市泽瑞绿能科技有限公司,"yangzhouzeruilvnengtechnologyCo.,Ltd",,,,9b7da934-ff71-42a2-ac12-684ce27fd544,085e6109-1d44-4791-a7d6-b4cd69d82881,,//download.snec.org.cn/SNEC/article/2025/05/29//泽瑞logo(4)-26145004.png,pv.snec.org.cn/api/getInviteCompanyList,2026
江苏鑫恒泰电气科技有限公司,"XINHENGTAI ELECTRICAL TECHNOKOGY CO.,LTD.",,,,48ed46d8-90a2-4150-9b42-c4b47e850fe2,3b706035-1c33-46c9-b7bd-4e83eb1c5bf7,2fc60071-b2a2-4848-8c82-335778217e74,"https://download.snec.org.cn/SNEC/article/2025/05/29//江苏鑫恒泰电_科技有限公司Jiangsu Xin Hengtai Electrical Technology Co., Ltd.-40616245.png",pv.snec.org.cn/api/getInviteCompanyList,2026
江苏永⽅科技集团有限公司,,,,,af15209e-b5af-465c-9512-eafb27372c4d,7d94fffd-6122-48a5-988d-49b83c58fa23,d6a669e4-e056-45fc-a56e-c860523dc834,"https://download.snec.org.cn/SNEC/article/2025/05/29//江苏永_科技集团有限公司JIANGSU YONGFANG TECHNOLOGY GROUP CO., LTD.-27496300.png",pv.snec.org.cn/api/getInviteCompanyList,2026
无锡驰和试验仪器有限公司,"WUXI CHIHE TESTING EQUIPMENT CO., LTD",,,,34af2a29-93d1-4775-96d6-ccb114480a42,86d38921-c86b-490d-8759-1db76501828b,44695516-ab39-4791-b845-1c914f1840fa,https://download.snec.org.cn/SNEC/article/2025/05/30//驰和LOGO-69613985.jpg,pv.snec.org.cn/api/getInviteCompanyList,2026
常州市恒辉光电科技有限公司,"Changzhou Henghui Photovoltaic Technology Co., Ltd.",,,,2ee05890-db2a-4257-8af2-43fadaf8da1c,1fb63edc-21e0-4525-98b7-33e652e86cd5,,//download.snec.org.cn/SNEC/article/2025/05/29//logo-23602093.png,pv.snec.org.cn/api/getInviteCompanyList,2026
浙江青禾新能源有限公司/杭州禾迈电力电子股份有限公司,"Hoypower Energy  Co., Ltd. /Hoymiles Converter Technology Co., Ltd.",,,,4881ba4a-47de-477d-96d2-50544d22401d,7d75d3ef-c46b-4fda-bf7f-1a211a9b31df,8de3ab0a-cca3-462a-9c7f-172e62a47e63,https://download.snec.org.cn/SNEC/article/2025/06/05//微信图片_20250603183256-45049849.png,pv.snec.org.cn/api/getInviteCompanyList,2026
宁波旭峰太阳能有限公司,"Ningbo Xufeng Solar Energy Co.,Ltd",,,,315f569d-926c-4864-bf2e-075bcec634d0,fc299204-9989-4aaf-a939-0bf100b1703a,,//download.snec.org.cn/SNEC/article/2025/05/29//669-57712435.png,pv.snec.org.cn/api/getInviteCompanyList,2026
深海新能源科技（浙江）有限公司,"DeepOcean New Energy Technology(Zhejiang) Co.,Ltd.",,,,2f0f2261-d2fd-42d7-90a0-24064661582b,75f7b9e5-a473-43db-ab8c-421a5cb1c659,,//download.snec.org.cn/SNEC/article/2025/05/27//深海PNG-75249073.png,pv.snec.org.cn/api/getInviteCompanyList,2026
苏州锐昇聚创科技有限公司,"Suzhou Ruisheng Juchuang Technology Co., Ltd",,,,e111a387-08f2-41c1-aea0-97ff15495577,939001f6-0ef7-4042-b706-c17d136c915e,,https://download.snec.org.cn/SNEC/article/2025/05/29//锐昇-42860235.png,pv.snec.org.cn/api/getInviteCompanyList,2026
江阴市源硕金属科技有限公司,"JIANGYIN YUANSHUO METAL TECHNOLOGY CO., LTD.",,,,57df7986-b399-4ced-81c6-35b041601a01,2e1994a2-8ac6-48c9-8e96-5571ed04b18c,,//download.snec.org.cn/SNEC/article/2025/05/30//源硕logo +英文-97937470.png,pv.snec.org.cn/api/getInviteCompanyList,2026
苏州纳智精密科技有限公司,"Suzhou Nazhi Precision Technology Co., Ltd.",,,,b4488927-0dd6-4ff4-81c5-af0b83b699da,d3f24a4f-4ad6-4dc6-9391-c25313be141c,,//download.snec.org.cn/SNEC/article/2025/05/29//ba66eb9348b4e89de7f0c6b19318e31-16120925.png,pv.snec.org.cn/api/getInviteCompanyList,2026
辽源市正达新材料有限公司,"Liaoyuan Zhengda New Materials Co., Ltd",,,,35a1cd69-4af8-41f6-9c60-3a2e77ca5ee2,bb74a9cd-bca1-4f4c-abb3-b1d4e5b2fde7,,//download.snec.org.cn/SNEC/article/2025/06/01//logo-36657823.png,pv.snec.org.cn/api/getInviteCompanyList,2026
深圳古瑞瓦特新能源股份有限公司,"SHENZHEN GROWATT NEW ENERGY CO.,LTD",,,,3661f7f2-60bf-416e-a15a-d5516922caea,1eebe7fc-31ea-46a0-81a5-ef30065e8490,c4e0111a-5444-49c8-8da0-a163f1e170e1,https://download.snec.org.cn/SNEC/article/2025/05/30//古瑞瓦特LOGO-EN-99137106.png,pv.snec.org.cn/api/getInviteCompanyList,2026
丹阳市伟鹤祥线缆制造有限公司,"DANYANG  WINPOWER  WIRE&CABLE  MFG  Co.,LTD",,,,39261126-4bbd-4122-870b-f318a72b9118,0d996d3d-8e36-4a2c-9b41-44b955b3ddcc,61834972-3358-4e09-be1a-f27627949129,https://download.snec.org.cn/SNEC/article/2025/05/30//伟鹤祥LOGO-05303401.png,pv.snec.org.cn/api/getInviteCompanyList,2026
慈溪市伟视设备有限公司,"CIXICITY WEISHI EQUIPMENT CO.,LTD",,,,5d6e32ee-8986-43bc-ad22-45ea04a6b9e1,a868e093-3dce-461e-837b-29f66b271f03,1ca067c6-f0f1-4753-bc49-e663c3b49c3c,https://download.snec.org.cn/SNEC/article/2025/05/30//伟视LOGO-32678537.png,pv.snec.org.cn/api/getInviteCompanyList,2026
必维欧亚电气技术咨询服务(上海)有限公司,Bureau Veritas LCIE China Company Limited,,,,59975424-2468-48b2-b351-bfb36f1c6389,09cbe50f-3fd0-4582-a87a-bcabaec0c994,,//download.snec.org.cn/SNEC/article/2025/05/30//BV Logo_170px 70px-42962518.png,pv.snec.org.cn/api/getInviteCompanyList,2026
京东方科技集团股份有限公司,京东方科技集团股份有限公司,,,,17510ead-298e-45bc-90d9-b3d64798f808,f0cc7c8a-0f9c-4eae-aeb7-6b724def6914,110e612f-1321-48ef-9f38-dc6a2f5febbd,//download.snec.org.cn/SNEC/img/2025/04/25//提取自BOE-可AI编辑_00-73170323.jpg,pv.snec.org.cn/api/getInviteCompanyList,2026
深圳市锂鹏新能源有限公司,"Shenzhen Lipeng New Energy co.,Ltd.",,,,7b38b8b1-1dc4-463c-bc92-9fc21b7f375e,2709b44f-96e6-4685-a798-947eb4fe2c74,,//download.snec.org.cn/SNEC/article/2025/06/03//锂鹏 LOGO微信图片_20250603173849-54346420.png,pv.snec.org.cn/api/getInviteCompanyList,2026
天津汇祥通新能源科技有限公司,,,,,eee3baac-a03c-4c56-9868-edc76de8efa7,66c8de2c-131a-4da5-b04d-99b8ad1f1805,391d5bc8-e9b7-4caf-9b9e-8e34efd06c78,https://download.snec.org.cn/SNEC/article/2025/06/05//微信图片_20250603183308-01617387.jpg,pv.snec.org.cn/api/getInviteCompanyList,2026
上海熵颖新能源科技有限公司,"Shanghai Shangying New Energy Technology Co.,Ltd.",,,,2cac8a2a-916d-4b9c-a8cf-f24686b983e4,c7cd3ae3-ca63-42c9-9999-66e1667b5a51,,//download.snec.org.cn/SNEC/article/2025/05/27//熵颖PNG-42077667.png,pv.snec.org.cn/api/getInviteCompanyList,2026
江苏固德威电源科技股份有限公司,"Jiangsu GoodWe Power Supply Technology Co.,Ltd.",,,,5efc8114-f274-4223-b5af-3c824224a998,24ef7029-c5e1-43ec-b29a-9915bfed1c7c,202e4bd1-65ff-4e80-ae49-610df9704776,https://download.snec.org.cn/SNEC/article/2025/08/01//微信图片_20250801105246-00717022.jpg,pv.snec.org.cn/api/getInviteCompanyList,2026
宁波海甬威智控电子有限公司,,,,,abafa23f-1cfc-4e02-877c-2af0ed368882,d0660ca1-d61e-456e-aa8c-82c861e829e8,17024f38-57c3-4bb5-862a-22b92e850d13,https://download.snec.org.cn/SNEC/article/2025/05/30//海甬威LOGO(1)(1)-16499534.png,pv.snec.org.cn/api/getInviteCompanyList,2026
安徽一星新材料科技有限公司,"Anhui Yixing New Material Technology Co., Ltd",,,,62a010f1-cd13-4544-b45e-04637dcbc10a,73850d81-864c-468d-908d-f76fecb87fd3,0851791f-f8d8-47f2-9dcc-7ca1e058d455,"https://download.snec.org.cn/SNEC/article/2025/05/29//安徽一星新材料科技有限公司Anhui Yixing New Material Technology Co., Ltd-40779973.jpg",pv.snec.org.cn/api/getInviteCompanyList,2026
深圳爱仕特科技有限公司,Shenzhen AST Technology Company,,,,01e003e0-9d73-4f96-b4c9-e4e562fa1bf4,be4c7498-bbc0-49d2-b239-f87abb8c3eb1,,//download.snec.org.cn/SNEC/article/2025/05/28//1748395324233-85138680.png,pv.snec.org.cn/api/getInviteCompanyList,2026
大亚电器集团/浙江一瑞电力设备有限公司/温州博氪斯新能源科技有限,,,,,887b0938-8bb0-4d73-a6b3-8e95a2743699,d0bd11aa-8db1-4d6e-9c57-394b3b920e41,1466a6f1-d335-458b-b6f9-bb154cfff69b,"https://download.snec.org.cn/SNEC/article/2025/05/29//大亚电器集团DAYA ELECTRIC GROUP EASY CO,LTD-57217572.jpg",pv.snec.org.cn/api/getInviteCompanyList,2026
东莞市鸿儒车电科技有限公司,"Dongguan Hongru Chedian Technology Co., Ltd.",,,,4614f3de-9961-49c7-99ce-6e2be3b4ff5f,e9f3a395-3ca1-499c-a656-ae63cef692c4,1e30aef0-858e-4dfa-b94b-fdaf3c7fb0e2,"https://download.snec.org.cn/SNEC/article/2025/05/29//东莞市鸿儒车电科技有限公司Dongguan Hongru Chedian Technology Co., Ltd-81040290.png",pv.snec.org.cn/api/getInviteCompanyList,2026
裴特笙贸易(上海)有限公司,Peters China(Shanghai )Ltd.,,,,ee7d892b-2dbd-4a67-befc-0b41837fe7a2,3bfb5f49-c03a-466c-804c-817ac90637c2,,//download.snec.org.cn/SNEC/article/2025/08/22//微信图片_2025-08-22_152245_958-92734144.png,pv.snec.org.cn/api/getInviteCompanyList,2026
上海宇石能源集团有限公司,"Shanghai Yushi Energy Group Co., Ltd.",,,,6425a3fe-15dc-4def-a94e-bb0442b3393f,413c59e7-4cad-43e5-82cf-96fcc38fa868,,//download.snec.org.cn/SNEC/article/2025/06/05//未标题-1-97951140.png,pv.snec.org.cn/api/getInviteCompanyList,2026
上海秋韵工业器材有限公司,"Shanghai Qiuyun Industrial Equipment Co.,Ltd",,,,914f413b-d600-46e8-affb-bd29ae4e169e,5991bee9-339b-4c4b-a10e-18de50a6824c,d4ac50d6-095c-494e-9f0d-52ca8ea5d866,"https://download.snec.org.cn/SNEC/article/2025/05/29//上海秋韵工业器材有限公司Shanghai Qiuyun Industrial Equipment Co.,Ltd-12675401.jpg",pv.snec.org.cn/api/getInviteCompanyList,2026
上海益海电器有限公司,"Shanghai Yihai Electric Appliances Co.,Ltd",,,,f5b8f9d7-b5e8-4d3b-b7ab-0ab3eca48473,5fc40979-85b1-467e-b45e-be46a8d278aa,e94a50dd-084d-44f5-a412-4cc9eac8ee2d,"https://download.snec.org.cn/SNEC/article/2025/05/29//上海益海电器有限公司Shanghai Yihai Electric Appliances Co.,Ltd-51846171.jpg",pv.snec.org.cn/api/getInviteCompanyList,2026
日扬电子科技（上海）有限公司,HIGHLIGHT TECH (SHANGHAI)CORP.,,,,bc6374a8-d8c0-43b3-9545-77336890e369,2c8ae93b-c556-495d-ad63-52db16de1506,,//download.snec.org.cn/SNEC/article/2025/05/30//公司logo（透明背景PNG）-99637079.png,pv.snec.org.cn/api/getInviteCompanyList,2026
浙江汉德泵业有限公司,"ZHEJIANG HANDE PUMP INDUSTRY CO.,LTD",,,,a8ee5e9b-d837-4d54-9eab-b460b49be107,87ca698b-9888-4731-bd10-fa1141f5f516,,//download.snec.org.cn/SNEC/article/2025/05/29//微信图片_20250529125909-69997496.png,pv.snec.org.cn/api/getInviteCompanyList,2026
四川中星电子有限责任公司,"Sichuan Zhongxing Electronic Co.,Ltd",,,,122d1146-0a93-42ea-a62f-c251de4b0426,6b36de22-96af-4315-9a46-d581c9c39eb6,d997fb6d-534a-42bd-918e-865bacd7e576,"https://download.snec.org.cn/SNEC/article/2025/05/29//四川中星电子有限责任公司Sichuan Zhongxing Electronic Co., Ltd-52538303.png",pv.snec.org.cn/api/getInviteCompanyList,2026
大亚电器集团浙江一瑞电力设备有限公司/温州博氪斯新能源科技有限,"DAYA ELECTRIC GROUP EASY CO,LTD /WENZHOU BOX ENERGY CO,LTD",,,,627896f7-f056-4cfe-98af-dfef0a9640e8,c15ee24e-15a7-4833-987d-77e20f3f5ebb,f1b3f05a-c63c-4ec8-a438-bcbd9bd9e438,"https://download.snec.org.cn/SNEC/article/2025/05/29//大亚电器集团DAYA ELECTRIC GROUP EASY CO,LTD-07921229.jpg",pv.snec.org.cn/api/getInviteCompanyList,2026
上海为基新能源有限公司,,,,,9521cea4-f1a4-4a3b-868f-dd29588ca590,e18955ca-725a-4753-b514-9a585a0191a4,a4bbe36f-afb8-4123-abdd-5903cf7fda82,"https://download.snec.org.cn/SNEC/article/2025/05/29//上海为基新能源有限公司Shanghai veigi New EnergyCo.,Ltd-80833461.png",pv.snec.org.cn/api/getInviteCompanyList,2026
河北广奥电力器材有限公司,"Hebei Guang Ao Electric Power Equipment Co., Ltd",,,,b98d9b2f-2bc8-44cd-8f62-fc39cb0a8d4c,24d88c63-6b66-47f2-98ed-4592d4a8a35f,,//download.snec.org.cn/SNEC/article/2025/06/04//111111111111111111111111-36349013.png,pv.snec.org.cn/api/getInviteCompanyList,2026
西安图为电气技术有限公司,"Xi'an Topology Electric Power Technology CO., LTD.",,,,50e19854-e339-44b9-b8dc-ddb14ed817ff,fa3d51a9-cbea-42d0-a934-eb7b190a5a8d,,//download.snec.org.cn/SNEC/article/2025/05/29//使用商标-02-72703605.png,pv.snec.org.cn/api/getInviteCompanyList,2026
上海康赛制冷设备有限公司,"SHANGHAI KANSA REFRIGERATION EQUIPMENT CO., LTD .",,,,872a567b-a609-4d45-8564-45baca37bf12,069a4497-f2a8-4d7b-a377-7287b6f911f7,,//download.snec.org.cn/SNEC/article/2025/05/30//微信图片_20230404110750-61054831.png,pv.snec.org.cn/api/getInviteCompanyList,2026
福建瑞森新材料股份有限公司,"Fujian Ruisen New Materials Co., Ltd",,,,43f49191-07fd-4c4d-b91a-97ec193d01cd,38565c1a-0328-49e5-b716-bea3b9feba6a,,//download.snec.org.cn/SNEC/article/2025/06/03//logo170-77203331.png,pv.snec.org.cn/api/getInviteCompanyList,2026
浙江博士龙密封科技有限公司,Zhejiang Bosslong Sealing Technology Limited,,,,4a82daf9-c24c-4887-95fd-0f15038a9ffb,33028f94-73c5-49b5-98f8-4523f3751e25,,//download.snec.org.cn/SNEC/article/2025/05/30//logo-47649427.png,pv.snec.org.cn/api/getInviteCompanyList,2026
上海瑞东时创新材料科技有限公司,"Ceramic Ease Shanghai Co., Ltd.",,,,4794e424-3fd8-4a7c-bc74-421edfb19d0c,6479d337-a562-4157-ba3b-83306c60d3f4,,//download.snec.org.cn/SNEC/article/2025/05/30//微信图片_2025-05-30_114059_239-37141240.png,pv.snec.org.cn/api/getInviteCompanyList,2026
深圳科士达科技股份有限公司 宁德时代科士达科技有限公司,"Shenzhen Kstar Science &Technology Co.,Ltd",,,,e78a3a4a-2cbc-4da7-8a21-6abfa1fe6e22,403144c7-fbee-4f6d-87c0-52f691a12792,698b3a2b-1b73-4653-a2b6-fce30c39ce38,https://download.snec.org.cn/SNEC/article/2025/06/05//微信图片_20250603183336-94865108.png,pv.snec.org.cn/api/getInviteCompanyList,2026
宁波港东南物流集团有限公司,"Ningbo Port Southeast Logistics Group Co.,Ltd.",,,,ce6e411d-63d1-4749-ade5-e0b1911f6343,bcbe8e37-c9c8-4490-a065-af3d0fdad29a,d25456e2-9e9e-4f1a-84d7-766d2f7d5c96,https://download.snec.org.cn/SNEC/article/2025/08/01//微信图片_20250801105628-57860461.png,pv.snec.org.cn/api/getInviteCompanyList,2026
深圳科士达科技股份有限公司,"Shenzhen Kstar Science &Technology Co.,Ltd.",,,,c305abee-c184-4ead-b0af-6a6e2a4ba8a7,ed1c6b24-018d-48c7-b63f-f08e210eef51,a3a13249-b5e0-4df2-ae6f-260b3755c15d,https://download.snec.org.cn/SNEC/article/2025/06/05//微信图片_20250603183336-49095246.png,pv.snec.org.cn/api/getInviteCompanyList,2026
中能建储能科技（武汉）有限公司,"CEEC ENERGY STORAGE TECHNILOGY CO.,LTD",,,,cec48e3b-5f2d-48dd-b7cd-9aedd9b32d47,55c1c772-bb80-4d28-9e61-c62be732b337,bdfc5b5b-a3ef-4946-a420-ae796592e8c1,"https://download.snec.org.cn/SNEC/article/2025/05/29//中能建储能科技（武汉）有限公司CEEC ENERGY STORAGE TECHNOLOGY CO.,LTD-11631858.png",pv.snec.org.cn/api/getInviteCompanyList,2026
中能建储能科技（武汉) 有限公司,"CEEC ENERGY STORAGE TECHNOLOGY CO.,LTD",,,,59fb1929-ee39-4e37-95f6-2674bd030de9,163e2126-497c-4fca-af57-6ec0526ffb4f,4c4c4224-d023-4bf2-a111-88cfa91349d9,"https://download.snec.org.cn/SNEC/article/2025/05/29//中能建储能科技（武汉）有限公司CEEC ENERGY STORAGE TECHNOLOGY CO.,LTD-23260985.png",pv.snec.org.cn/api/getInviteCompanyList,2026
东莞优邦材料科技股份有限公司,UBOND TECHNOLOGY INC.,,,,0fce0daf-e855-42d1-89f2-72eebb2c4e59,bd53f0b4-362a-4575-9add-01978e962130,,//download.snec.org.cn/SNEC/article/2025/06/03//优邦logo_20240325184113-49563666.png,pv.snec.org.cn/api/getInviteCompanyList,2026
佛山市威之宝新能源有限公司,"Foshan Vazpo New Energy Co.,ltd.",,,,e9db5eda-afea-404b-b37b-fad3bc4cd9e0,9ae09190-360c-4e3b-ba93-05dd71a059fb,,//download.snec.org.cn/SNEC/article/2025/05/30//微信图片_20241121143607-39208377.png,pv.snec.org.cn/api/getInviteCompanyList,2026
浙江三特科技股份有限公司,"Zhejiang Sunte Technology Co., Ltd",,,,75153a35-a0db-40d4-a5c6-44aef8bd7aad,91697e4a-ca81-4376-9bae-5c86de9dfd2f,,//download.snec.org.cn/SNEC/article/2025/05/30//logo-55891640.png,pv.snec.org.cn/api/getInviteCompanyList,2026
江苏华多新能源有限公司,"Jiangsu Huaduo New ENERGY Co.,lTd",,,,793e7aa5-bb9f-4f68-9d8b-d353b2678824,2e0211f4-8efc-4c51-9f9e-174d93b780c7,,//download.snec.org.cn/SNEC/article/2025/06/04//华多-49908539.png,pv.snec.org.cn/api/getInviteCompanyList,2026
深圳科士达新能源有限公司/宁德时代科士达科技有限公司,"ShenZhen  Kstar New Energy Co.,Ltd",,,,e4a8a78e-9e31-47ab-b161-ef79cd3ff108,74bfefda-e2dd-4d37-85ea-4dde0b22bfbb,d974137b-cead-422c-9bdb-b85911837178,https://download.snec.org.cn/SNEC/article/2025/06/05//微信图片_20250603183336-89838165.png,pv.snec.org.cn/api/getInviteCompanyList,2026
浙江中环赛特光伏科技有限公司,zhejiang Zhonghuan Sunter PV Technology Co. Ltd,,,,4de9e862-c544-4717-94cf-16ec1063af29,f0d29a66-6f87-48d9-866f-3060ca9924fd,8fd97e58-4820-4106-9998-0ce525b8244c,https://download.snec.org.cn/SNEC/article/2025/06/05//微信图片_20250605134858-51313818.png,pv.snec.org.cn/api/getInviteCompanyList,2026
先导薄膜材料有限公司,Vital Thin Film Materials Co. Ltd,,,,5c2df04d-9172-4aea-8ea4-1c71e700862d,e7dd660b-68a6-494f-ab58-4c42df1aea73,7ec43026-d0ec-4271-9014-34971aa19024,,pv.snec.org.cn/api/getInviteCompanyList,2026
合肥科威尔电源系统股份有限公司,,,,,f7a3cc43-8a27-4f81-9cfc-44eabbca227b,d8157780-788c-445d-9c26-feee5f02bc7b,ccfac9da-8cb8-436f-9f30-98e4180cb7b1,https://download.snec.org.cn/SNEC/article/2025/06/08//微信图片_20250608221406-73470855.png,pv.snec.org.cn/api/getInviteCompanyList,2026
深圳市英维克科技股份有限公司,"Shenzhen Envicool Technology Co., Ltd.",,,,a505f529-6695-4c61-91c8-d3d017171ed1,e6f36aed-0d92-4bc1-9386-233fea1d3e1f,,https://download.snec.org.cn/SNEC/article/2025/06/08//2a065dc5-082e-44a4-ab6f-86cafe4e5de2-04439441.jpg,pv.snec.org.cn/api/getInviteCompanyList,2026
湖北及安盾消防科技有限公司,HubciJiandun FireTechnology Co..Ltd.,,,,db5bb173-26d5-4de6-b64c-636db2ff6b4c,5dbc5ea9-c9f1-4c7a-a985-502a9a8317a1,e2ad359d-667b-42e7-b576-80358eb6d9cd,https://download.snec.org.cn/SNEC/article/2025/08/01//微信图片_20250801105859-34075305.png,pv.snec.org.cn/api/getInviteCompanyList,2026
深圳科士达新能源有限公司,"Shenzhen KSTAR New Energy Co.,Ltd",,,,8b393d8d-e02d-427c-98dd-954de3da4a70,5c801b4b-878d-4bd2-b11e-b3bbe97593ed,df77842d-fc83-4e05-ad72-0449c644b39f,https://download.snec.org.cn/SNEC/article/2025/06/05//微信图片_20250603183336-17773758.png,pv.snec.org.cn/api/getInviteCompanyList,2026
亿丰源新能源科技（天津）有限公司,,,,,53c467a8-295e-489c-a6b1-4584beb2cee8,6890f230-6a36-4f72-a456-832d2f998bd5,edd6cc97-07fc-4ce1-8d78-a345bd4197b6,"https://download.snec.org.cn/SNEC/article/2025/05/29//亿丰源新能源科技（天津）有限公司 Yifengyuan New Energy Technology (Tianjin) Co., Ltd-99911440.jpg",pv.snec.org.cn/api/getInviteCompanyList,2026
宁波光之星光伏科技有限公司,"Ningbo GZX PV Technology CO.,LTD",,,,3251bdb6-3734-4220-9f13-cedf3da83e66,f0c0874a-e212-4f7c-a6ce-5833e85d264f,a09c387f-19f4-4d43-b03a-65efef266665,https://download.snec.org.cn/SNEC/article/2025/05/29//宁波光之星-29307595.jpg,pv.snec.org.cn/api/getInviteCompanyList,2026
浙江人和光伏科技有限公司,"Zhejiang Renhe Photovoltaic Technology Co., Ltd.",,,,a25c72bc-98ce-4970-8e5d-873d9bf3096e,8dd17f52-9785-422a-ae1f-6884780602ed,9b001cb2-7b49-47f6-8839-6a551b66f1f0,https://download.snec.org.cn/SNEC/article/2025/05/29//浙江人和-97624166.jpg,pv.snec.org.cn/api/getInviteCompanyList,2026
中国国检测试控股集团股份有限公司,中国国检测试控股集团股份有限公司,,,,752e883e-0b4c-426d-a1b9-f74c7ab9ba1b,5e99128b-be74-46ac-88f8-b0992b206aad,3c162576-95c5-461f-8b39-1405eaed21d8,https://download.snec.org.cn/SNEC/article/2025/05/29//中国国检测试控股-76351961.png,pv.snec.org.cn/api/getInviteCompanyList,2026
乐清市永茂电源有限公司,"Yueqing Yongmao Power Co.,Ltd",,,,b3aea9b3-521d-443e-bed7-3a2685da74c2,5a3ba7fb-097e-41e0-bf8f-be90f69ae156,3f0a460f-cab7-48ab-89a6-8063bd52c879,https://download.snec.org.cn/SNEC/article/2025/05/29//永茂-71396374.jpg,pv.snec.org.cn/api/getInviteCompanyList,2026
阳光氢能科技有限公司,"Sungrow Hydrogen Sci.&Tech. Co., Ltd.",,,,ebe68796-ca9c-4139-bc39-0c989587e17b,121aa013-d599-432e-85f6-1e97b277b362,8bc53c10-15c6-496a-96dc-4a88fd7a5bf7,https://download.snec.org.cn/SNEC/article/2025/05/29//阳光氢能-27806356.png,pv.snec.org.cn/api/getInviteCompanyList,2026
阳光慧碳科技有限公司,Sungrow iCarbon. Tecbnology Co.，Ltd.,,,,4c9c169d-579e-4c12-8345-6997d8727b12,ae9fbd4c-9858-4685-bbba-27b9adafde67,f412a44d-09c5-4e63-be62-ed032d101e3c,https://download.snec.org.cn/SNEC/article/2025/05/29//微信图片_20250529093436-53986546.png,pv.snec.org.cn/api/getInviteCompanyList,2026
斯达半导体股份有限公司/斯达半导体(上海)有限公司,StarPowerSemiconductor Ltd.,,,,5aafb42f-1e48-4d36-bc97-7f5539a1a235,45376386-0b3d-458a-8091-cf84f2602992,fee6f2ce-4b2f-42b4-8e63-03c45d75d952,https://download.snec.org.cn/SNEC/article/2025/05/29//斯达-62574920.png,pv.snec.org.cn/api/getInviteCompanyList,2026
宁波市创源光伏科技有限公司,"NINGBO CHUANGYUAN PHOTOVOLTAIC TECHNOLOGY CO.,LTD",,,,ff3da0b6-1791-471e-9edf-cebbf58c6673,48479968-f804-4588-9af5-4919e5fb2203,cddbd2f0-ae98-4984-b9df-bc45d979283a,https://download.snec.org.cn/SNEC/article/2025/05/29//创源-56357883.jpg,pv.snec.org.cn/api/getInviteCompanyList,2026
上海恩阶电子科技有限公司,,,,,c84c1639-83dc-4a22-b808-fba7c08006b7,fadd655d-c751-47a0-90ee-ab7325715799,1c590daa-8dfc-4baf-90ae-1fd670d49a74,https://download.snec.org.cn/SNEC/article/2025/05/29//恩阶-15926677.jpg,pv.snec.org.cn/api/getInviteCompanyList,2026
格见构知（上海）半导体有限公司,,,,,96236a29-1e80-4bab-a0e7-ff0812da83d0,2783f56a-da95-471f-8ced-412bafafbef1,85542c1e-fe59-4827-952d-6cbb2833452c,https://download.snec.org.cn/SNEC/article/2025/05/29//格见-26075584.png,pv.snec.org.cn/api/getInviteCompanyList,2026
上海光斓科技有限公司,"SHANGHAI SOLAR FLARE TECHNOLOGIES CO.,LTD.",,,,63985004-e34a-4f48-9713-f1611994cbfc,5a1dbfbf-1d64-460b-a6b5-85b61128ef53,6f81f98b-638f-467a-b786-03d08b516fef,https://download.snec.org.cn/SNEC/article/2025/05/29//光斓-60397831.jpg,pv.snec.org.cn/api/getInviteCompanyList,2026
宁海宏德新材料科技有限公司,Ninghai Hongde New Material TechnologyCo. Ltd ,,,,51495b60-381d-4e98-9825-e46d3374887e,d92bbc36-cc4f-42b9-ade1-ec145b17ea23,fafca8be-4e20-434c-b0c0-ba9f25cbc4b7,https://download.snec.org.cn/SNEC/article/2025/05/30//微信图片_20250530093313-35644711.png,pv.snec.org.cn/api/getInviteCompanyList,2026
浙江欣沃太阳能科技有限公司,"ZHEJIANG SINMO SOLAR TECTINOLOGY CO.,LTD",,,,a3eb64cc-a7e5-4db7-8bef-7656ad9ff36a,e1cf4e68-89e2-4c1f-a5d1-1b8463288bc7,9c91c697-0fb9-4151-b55d-3ccb0042482c,https://download.snec.org.cn/SNEC/article/2025/05/30//欣沃LOGO-08547991.jpg,pv.snec.org.cn/api/getInviteCompanyList,2026
宁波佳尔灵气动机械有限公司,"Ningbo Jiaerling Pneumatic Machinery Co. , Ltd.",,,,7e2d94c3-0925-4e36-9c1d-fabfdc57fdc9,deb7d429-d29d-4b90-a339-b787c0911e95,,//download.snec.org.cn/SNEC/article/2025/05/30//三花-佳尔灵透明新LOGO-00437610.png,pv.snec.org.cn/api/getInviteCompanyList,2026
阳霖(厦门) 机械科技有限公司,YANGLIN TECH CO.，LTD,,,,57fb9875-f636-423b-9ad8-f3e5f45284e2,8ab6f92f-b957-4aca-8023-2b06829a9c00,fa0b699e-11e1-41d9-addf-5f70c0b9126a,https://download.snec.org.cn/SNEC/article/2025/05/30//阳霖LOGO-40397005.jpg,pv.snec.org.cn/api/getInviteCompanyList,2026
科恩卓（江苏）传动有限公司,"Cone Drive (Jiangsu) Power Transmission Co., LTD",,,,0b732d9a-d771-41f4-8655-f005aefa8851,0be27b37-af05-40b2-bce4-3128e343b6e9,,//download.snec.org.cn/SNEC/img/2025/04/16//Cone Drive by Timken-43016990.png,pv.snec.org.cn/api/getInviteCompanyList,2026
邯郸市冀骄紧固件制造有限公司,,,,,d87a8fef-387d-4215-8261-bc61ca4da971,dbe4a18f-b30d-43fc-901a-4ce6c1c33a34,f9e720d2-7c33-4292-b066-3190a269a65a,https://download.snec.org.cn/SNEC/article/2025/05/30//微信图片_20250530113806-87096305.png,pv.snec.org.cn/api/getInviteCompanyList,2026
江苏东软智能科技有限公司,"JIANGSU DONGRUAN INTELLIGENT TECHNOLOGY CO., LTD",,,,c1ad1932-4543-4c4a-8429-c42e3845fa40,e8bfa741-b2d6-43be-a4a4-b0a668582439,5599f99e-29a2-4655-ad43-363289f5df99,https://download.snec.org.cn/SNEC/article/2025/05/29//东软-15993189.jpg,pv.snec.org.cn/api/getInviteCompanyList,2026
江西省奋发粘胶化工有限公司,Jiangxi Fenfa Zhanjiao chemical Co.，Ltd,,,,14102746-0eb0-4930-a1ff-c3ac5c5cfd69,f45dc84c-b06a-48f1-a686-3f690525a388,19f3f8e0-2278-4b80-877d-954490921f77,https://download.snec.org.cn/SNEC/article/2025/05/29//奋发-28042818.png,pv.snec.org.cn/api/getInviteCompanyList,2026
杭州福斯特应用材料股份有限公司,"Hangzhou First Applied Material Co., Ltd",,,,1579f91b-a49d-418f-b2e7-ce3d8d207acf,66db7bcb-f3b6-4483-8251-9bbb2e9edc4c,4de57e74-d289-4161-b6b6-fa897e56a6d9,https://download.snec.org.cn/SNEC/article/2025/05/29//福斯特-01768224.jpg,pv.snec.org.cn/api/getInviteCompanyList,2026
常州福佑达智能装备科技有限公司,"Changzhou Fyoda Intelligent Equipment Co.,Ltd",,,,913f8750-5b8a-47c2-b3f6-7ebcefdf81fb,0cc525f0-8497-4cac-908d-36ca0f411caa,0f6f1852-3c56-4b31-aeac-b406d9439dc3,https://download.snec.org.cn/SNEC/article/2025/05/29//福佑达-64541590.jpg,pv.snec.org.cn/api/getInviteCompanyList,2026
佛山海阔塑料机械有限公司,"Foshan Hiqual Plastic Machinery Co.,ltd",,,,6c8b104b-03bf-4a11-9032-7c62b275885f,51fef0a8-78f2-4ad2-ada8-7c5bc40eaf94,1ffcaa1a-745b-4952-ae28-916ee96b571d,https://download.snec.org.cn/SNEC/article/2025/05/29//海阔-78303008.jpg,pv.snec.org.cn/api/getInviteCompanyList,2026
浙江贝盛绿能科技有限公司,"Zhejiang Beyondsun Green Energy Technology Co., Ltd",,,,9ba7ab6d-7999-4f49-9fb2-9c026f071566,b0c96321-52f5-4c87-b9d0-702c325d70df,f1392951-a4fa-4258-9563-8e788eb23ba5,https://download.snec.org.cn/SNEC/article/2025/12/29//微信图片_20251229121244_25_208-34737000.png,pv.snec.org.cn/api/getInviteCompanyList,2026
浙江川达新能源股份有限公司 ,"Zhejiang Chuanda New Energy Co.,Ltd.",,,,8e21b61a-54ba-48bf-aa7f-4c54f2bf788c,d189b6e8-7279-44c4-a262-499b57fbc49f,,//download.snec.org.cn/SNEC/article/2025/05/29//川达-93201688.png,pv.snec.org.cn/api/getInviteCompanyList,2026
广东恒翼能科技股份有限公司,"GUANGDONG HYNN TECHNOLOGY CO.,LTD.",,,,77f82276-f3c5-4ce1-a472-727f718b6836,0b239435-c196-4aa7-920d-9e4aa543a41c,9d396709-2950-435c-b544-3508610e7118,https://download.snec.org.cn/SNEC/article/2025/05/29//恒翼能-10135546.png,pv.snec.org.cn/api/getInviteCompanyList,2026
北京晖阳智能科技有限公司,"Beijing Huiyang Intelligent Technology Co.,Ltd",,,,d8c702b1-aa5b-41e3-9b4e-7ab3452418c0,a37f2973-013b-4d02-9c56-b954bf32ed05,d2511a4b-c9f8-48d5-b658-d8e590680cb9,https://download.snec.org.cn/SNEC/article/2025/05/29//晖阳-82443966.png,pv.snec.org.cn/api/getInviteCompanyList,2026
天津吉兆源科技有限公司,"TIANJIN  GMPOWER  TECH.CO.,LTD",,,,f2f931d0-76f6-4df5-aadb-d64afcab0890,a45d5b8b-0d8b-483f-ac0d-78092f7fdde4,a428c3a8-22dd-4bf3-bd18-223cd51312eb,https://download.snec.org.cn/SNEC/article/2025/05/29//吉兆-82123026.jpg,pv.snec.org.cn/api/getInviteCompanyList,2026
无锡市江松科技有限公司,WUXI JIANGSONG SCLENCENAND TECHNOLOGY.CO.LTD,,,,ca78e18a-9082-4cf4-8dcb-ff6a950595b1,643c702f-6d71-405b-bd62-74b926bb4bab,a219a9bc-e5d0-45ba-aa35-2931a41a3220,https://download.snec.org.cn/SNEC/article/2025/05/29//江松-29992130.jpg,pv.snec.org.cn/api/getInviteCompanyList,2026
厦门金固美能源科技有限公司,"Xiamen Goomax Energy Technology Co., Ltd",,,,fbe3c322-d758-4eaf-96f5-16a1d056b853,0eab537b-344b-40ef-8635-bd0d8c94c5c1,7e7d39d5-ff29-4a09-a22d-c2fa062add0c,https://download.snec.org.cn/SNEC/article/2025/05/29//金固美-17565901.png,pv.snec.org.cn/api/getInviteCompanyList,2026
洛阳晶联光电材料有限责任公司,"Luoyang Crystal Union Photoelectric Material Co., Ltd.",,,,7a286f42-650d-4f24-82e9-5e3f99cb56a0,d18be947-beb8-4468-9a8d-9501dedd6dc8,5ad8b091-7944-4757-b808-8533e4caf2b6,https://download.snec.org.cn/SNEC/article/2025/05/29//晶联-80711970.png,pv.snec.org.cn/api/getInviteCompanyList,2026
玖开特种线缆（上海）有限公司,,,,,3c77280b-45ba-4e57-b053-4fd081c1bd9b,8f02060e-0f74-495c-9908-39e6171be757,ba257bfb-8e0c-4a21-8803-8fd7bd5036b7,https://download.snec.org.cn/SNEC/article/2025/05/29//玖开-83005929.jpg,pv.snec.org.cn/api/getInviteCompanyList,2026
无锡琨圣智能装备股份有限公司,,,,,fff8ebba-0d19-4b5a-857d-f2c69d8ab7bb,8b8fca5e-66d9-4ce4-a15a-d2c237108de5,62e1fbbc-acdd-443f-9867-03966d30ce47,https://download.snec.org.cn/SNEC/article/2025/05/29//琨圣-00249843.jpg,pv.snec.org.cn/api/getInviteCompanyList,2026
江苏聚成金刚石科技股份有限公司,"Jiangsu Resource Fusion Solar Technology Co.,LTD",,,,5c0e1fad-7ae5-4c85-8820-9cd37657575d,beb9dd4c-d637-4282-ab2c-927d08048186,0a791100-5ec4-4585-832c-ece6ed4ee4ba,https://download.snec.org.cn/SNEC/article/2025/05/29//聚成-56960274.jpg,pv.snec.org.cn/api/getInviteCompanyList,2026
常州盖亚材料科技有限公司,"Changzhou Gaia Material Science Co.,Ltd.",,,,e05f2e83-7e92-4719-ab0c-7abcf4516be6,22fa9d01-4759-420b-ad98-f6821f924369,,//download.snec.org.cn/SNEC/article/2025/06/04//盖亚小logo_爱奇艺-29914587.png,pv.snec.org.cn/api/getInviteCompanyList,2026
成都翌创微电子有限公司,"Chengdu ET Microelectronics Co.,ltd ",,,,2ecf9968-233a-4329-a986-c26f3f6e6c0a,b911cd6f-cead-4e12-80eb-ada94231a4df,6377a82e-15aa-440c-9d88-9d2c110f374d,https://download.snec.org.cn/SNEC/article/2025/05/29//翌创-85446221.png,pv.snec.org.cn/api/getInviteCompanyList,2026
云南宇泽新能源股份有限公司,"Unigrace New Energy Co., Ltd.",,,,9d1e3b34-5185-47ac-9c14-78cd0ab14fe3,f4602f6a-acc9-47a2-9ce2-09fec4d103ce,bb574c9f-91fc-45c6-96d1-1bb8c2984e67,https://download.snec.org.cn/SNEC/article/2025/05/29//宇泽-16323284.png,pv.snec.org.cn/api/getInviteCompanyList,2026
昱辉光能科技有限公司,"Renesola Co.,Ltd.",,,,431901e3-a094-4140-b64c-f940d5ccf8c9,ed1435b9-f4ca-4ced-bd58-55d4d366cdb6,acc848f1-23c6-4f59-b921-8b07d0957a86,https://download.snec.org.cn/SNEC/article/2025/05/29//昱辉-40364140.png,pv.snec.org.cn/api/getInviteCompanyList,2026
远景能源有限公司,,,,,5dbdd847-2492-44dd-b552-2d4480b91129,35618b44-54f7-46cd-9b57-e92005af5b85,a9e3a435-b53b-4544-ac59-67f84b2293ae,https://download.snec.org.cn/SNEC/article/2025/12/29//微信图片_20251229125515_199_39-32386916.png,pv.snec.org.cn/api/getInviteCompanyList,2026
广东丰明电子科技有限公司,"GUANGDONG FENGMING ELECTRONIC TECH. CO.,LTD.",,,,03b1b8a5-f928-4d18-bbe1-8df23e618f46,ae48bd2c-bac4-4ddb-80c9-598b3783ace1,,//download.snec.org.cn/SNEC/article/2025/05/30//logo-67059901.png,pv.snec.org.cn/api/getInviteCompanyList,2026
安徽宇信新材料有限公司,"Anhui Yuxin New Materials Co., Ltd",,,,ced3d5fe-ce50-49c4-8411-5a53cc97d8f6,19f86173-93c0-427a-8018-588083970555,,//download.snec.org.cn/SNEC/article/2025/05/30//5954cedb161b15bc5361b1b1a9bd31e-60952578.png,pv.snec.org.cn/api/getInviteCompanyList,2026
朗新科技集团股份有限公司," LongShine Technology Group Co., Ltd.",,,,7bad8d70-a344-4e79-b8bc-ad292d55c891,44f5a713-d3d0-46f6-98b2-684430c57bbd,78714ddd-5517-4f71-90e1-b000ba4704f7,https://download.snec.org.cn/SNEC/article/2025/06/05//微信图片_20250603183341-30085510.png,pv.snec.org.cn/api/getInviteCompanyList,2026
大全集团有限公司,"Daqo Group Co.,Ltd.",,,,f09a0c4b-894c-4eba-84ff-9e869a69172f,56b1f462-aa78-4643-8515-31727f67c7b5,,https://download.snec.org.cn/SNEC/article/2025/06/09//mmexport1749455336664-75019594.jpg,pv.snec.org.cn/api/getInviteCompanyList,2026
东莞市德维电线有限公司,DONG GUANG DE WEI WIRE CO..IID.,,,,b3a22c11-6042-485f-a12b-fe6ecccbb093,da7c0d7a-f7bf-4cd4-a131-390dacb9f1a9,,//download.snec.org.cn/SNEC/article/2025/08/01//德维LOGO-61540687.png,pv.snec.org.cn/api/getInviteCompanyList,2026
意法半导体,STMicroelectronics,,,,44d07237-d5c6-4a88-a2f7-885133bf7542,9344e366-6ac9-4732-b868-d272d6fdf10b,,//download.snec.org.cn/SNEC/article/2025/08/27//ST_logo_2020_blue_no_taglin_rgb-07585265.png,pv.snec.org.cn/api/getInviteCompanyList,2026
深圳市惟朗新能源连接器有限公司,"Shenzhen Velong New Energy Connector Co., Ltd.",,,,b5ad9b65-1dcb-49e4-a452-3636330950d2,ba67c82e-ee1f-4ac0-b3c1-770b8be08a09,9428e811-a226-40e6-8fdb-5bd4fd62ff18,https://download.snec.org.cn/SNEC/article/2025/06/05//微信图片_20250603183341-82968986.png,pv.snec.org.cn/api/getInviteCompanyList,2026
无锡琨圣科技有限公司,Wuxi Kingenious Technology Coporation,,,,e20ebbef-d4d2-470b-8285-0ea69786605d,d90582c4-c649-4d0e-b69c-45722735cd87,7ccb15e3-711c-4f5f-8a54-40c1f7ad0a3b,,pv.snec.org.cn/api/getInviteCompanyList,2026
实瀚复合材料(上海）有限公司,,,,,ca02b714-66fb-4ed7-9794-22dc43e3511d,a4a2dc09-4271-4218-81b4-62d697dde7fa,8d92f082-e570-40d1-8206-4ecfe3ecec61,https://download.snec.org.cn/SNEC/article/2025/05/29//实瀚-65353300.png,pv.snec.org.cn/api/getInviteCompanyList,2026
藤卓智能科技（湖州）有限公司,,,,,ceea9dd9-8ab4-4afc-a84d-25e25f091994,9f2405a4-86ab-439a-996f-6eb51cf7947d,8ae41fd9-e9da-4eae-8033-b8fc95528956,https://download.snec.org.cn/SNEC/article/2025/05/29//藤卓-94913572.jpg,pv.snec.org.cn/api/getInviteCompanyList,2026
上海盛剑科技股份有限公司,"Shanghai Shengjian Technology Co., Ltd.",,,,c0f07401-e561-4c1a-b265-19499d4449f9,4cf8eb99-83f0-487e-a179-49eda8b99a16,,//download.snec.org.cn/SNEC/article/2025/05/30//盛剑科技 logo（横 ）-12243005.png,pv.snec.org.cn/api/getInviteCompanyList,2026
深圳市同创机电一体化技术有限公司,"Shenzhen Tongchuang Mechatronics Technology Co., Ltd",,,,a0d8e555-fd8f-4f52-8e1b-328b20029fb8,70149404-24e5-49c0-a904-bac2c77edb52,,//download.snec.org.cn/SNEC/article/2025/05/30//微信截图_20250530093246-67721322.png,pv.snec.org.cn/api/getInviteCompanyList,2026
深圳普泰电气有限公司,PTG corporation,,,,2f2d9f6f-b464-427a-8e63-05d186542d3b,bf8f887d-d42c-420d-9bab-a07b35b74f26,,//download.snec.org.cn/SNEC/article/2025/05/30//PTG LOGO NEW 2023-34780425.png,pv.snec.org.cn/api/getInviteCompanyList,2026
湖北鸿图仪器有限公司/东莞市宏图仪器有限公司,HUBEI HONG TU INSTRUMENT CO.，LTD/DONGGUAN HONG TU INSTRUMENT CO.，LTD,,,,d505912a-847b-4699-ad60-a7b92d798345,dfd02cc0-873a-41dc-89ea-06988407cba5,,//download.snec.org.cn/SNEC/article/2025/05/30//微信图片_20250530093624-60976003.png,pv.snec.org.cn/api/getInviteCompanyList,2026
大秦数能,DYNESS,,,,1acf3cc7-968d-4341-870b-b68271b03ee9,ab7e04ff-a606-4d06-82bb-f05a502ac428,,//download.snec.org.cn/SNEC/article/2025/05/30//企业Logo中文版本-75190203.png,pv.snec.org.cn/api/getInviteCompanyList,2026
广东欣顿电源科技有限公司,"Guangdong Xindun Power Technology Co., Ltd.",,,,a4e50ca5-e9fc-440e-b87c-0d067ff7031e,7a436df4-cfff-429e-af70-a7c08549523c,,//download.snec.org.cn/SNEC/article/2025/05/30//透明底LOGO-88832130.png,pv.snec.org.cn/api/getInviteCompanyList,2026
中信渤海铝业控股有限公司,CITIC Bohai Aluminum Industries Holding Company Limited,,,,45e84a02-22f9-4ae6-872e-5f4044e41c20,c6c35c3c-e3cc-48f7-b3c5-174071082a4f,,//download.snec.org.cn/SNEC/article/2025/05/30//logo3 拷贝-06099081.png,pv.snec.org.cn/api/getInviteCompanyList,2026
理想晶延半导体设备（上海）股份有限公司,Ideal Energy (Shanghai) Sunflower Thin Film Equipment Ltd.,,,,1dc4e2b8-5f5e-476b-b0dd-6f1106000c2b,5aa12c7d-66e6-46ba-afdf-ccd230046dab,3b711996-6472-4848-ab89-3a691d8d789e,https://download.snec.org.cn/SNEC/article/2025/05/29//理想晶延-73114356.jpg,pv.snec.org.cn/api/getInviteCompanyList,2026
理想晶延半导体设备（上海）有限公司,IDEAL DEPOSTTION EQUIPMENT AND APPLICATIONS(SHANGHAI)LTD,,,,31062bcd-86d7-4311-a954-597aa227984d,a0fc102a-da47-4043-8ec6-95b615032778,4a06853f-271d-498b-9a2e-877713a106da,https://download.snec.org.cn/SNEC/article/2025/05/29//理想晶延-92256907.jpg,pv.snec.org.cn/api/getInviteCompanyList,2026
理想万里晖半导体设备（上海）股份有限公司,Ideal Energy Sunflower (Shanghai) Equipment Inc.,,,,b822f4d7-a3da-42d5-b5ed-4dbf009bc89f,d80619a1-4a95-4273-96db-e7c39dfefdc5,b4989212-2b37-4f50-ad2d-c661db1fd1fe,https://download.snec.org.cn/SNEC/article/2025/05/29//理想万里晖-86524224.jpg,pv.snec.org.cn/api/getInviteCompanyList,2026
全景光学仪器（杭州）有限公司,,,,,740a6e61-e8ba-4b1c-854b-34d811ba26eb,55468aae-7b7b-4371-bbd5-cfc6200feb29,ff295f41-a3b1-4046-9b91-c8eb327db556,https://download.snec.org.cn/SNEC/article/2025/05/29//全景-66607225.jpg,pv.snec.org.cn/api/getInviteCompanyList,2026
天通控股股份有限公司,"TDG HOLDING,.LTD",,,,e0414ac0-6df2-4448-b09d-8030d45016d2,2362c09b-6f3a-43b1-9215-88ec39b57980,0c985f93-a43b-44a7-8194-ea5ee9f66d14,https://download.snec.org.cn/SNEC/article/2025/05/29//天通股份-51873241.png,pv.snec.org.cn/api/getInviteCompanyList,2026
威浦电器有限公司,"WEIPU ELECTRIACL APPLIANCE CO., LTD",,,,6d6ad285-2760-4219-836e-9dbf8723f2df,e0fe7d4a-bc14-49c1-9ec2-579c65b357e9,25cd5aa3-ff28-48bf-a89a-c44da719f357,https://download.snec.org.cn/SNEC/article/2025/05/29//威浦-96782842.png,pv.snec.org.cn/api/getInviteCompanyList,2026
上海伟匠机器人科技有限公司,,,,,61469726-c394-4c03-9f9c-60ab7d64139c,1b5c4aac-37ec-4eb5-a47c-b926612e1a29,5aa1ea60-e3df-4a90-b51a-d5dbe1c50040,https://download.snec.org.cn/SNEC/article/2025/05/29//伟匠-69111816.jpg,pv.snec.org.cn/api/getInviteCompanyList,2026
江苏为恒智能科技有限公司,"Jiangsu Weiheng Intelligent Technology Co.,Ltd.",,,,3d0db78a-01a7-44e2-9d3f-349fba1c52bb,63fb8d75-bea9-41de-b2e2-08359bfdd8d2,05c4f9a6-2545-4210-8660-4b96ba64d594,https://download.snec.org.cn/SNEC/article/2025/05/29//为恒-73805982.png,pv.snec.org.cn/api/getInviteCompanyList,2026
蔚然科技（江苏）有限公司,"WERAN TECHNOLOGY (JIANGSU)CO.,LTD",,,,ab15ccd9-3e7c-4ed5-8c67-519d6b5c1548,22d10d2b-0f1f-41a8-81d4-dc14bfaf123d,f312ab7b-9017-4917-ab96-4fd46166feed,https://download.snec.org.cn/SNEC/article/2025/05/29//蔚然-91262725.jpg,pv.snec.org.cn/api/getInviteCompanyList,2026
安泰新能源,Antai,,,,a819aca0-6f9b-4363-916e-852ef8e6a59b,81486ab2-b06d-4924-9f72-f397cc1fe3fa,8c31077b-ab42-4836-9d41-fe6784d1f0ec,https://download.snec.org.cn/SNEC/article/2025/12/29//安泰LOGO-85949222.png,pv.snec.org.cn/api/getInviteCompanyList,2026
江阴市君利莱电子科技有限公司,"Jiangyin junlily electronic technology Co.,ltd",,,,77516085-d569-4ea5-a5f7-6b010c9c3087,a142f082-9396-4226-8513-1ec0a8afeb49,,//download.snec.org.cn/SNEC/article/2025/05/30//LOGO-98353994.png,pv.snec.org.cn/api/getInviteCompanyList,2026
深圳市京泉华科技股份有限公司,"Shenzhen JingQuanHua Electronics Co., Ltd",,,,f565163d-e50a-4ef9-ad03-ebd2eb4e520d,d85149f5-ec9c-473b-8c52-e62bd3d1e69d,,//download.snec.org.cn/SNEC/article/2025/05/30//logo-11611853.png,pv.snec.org.cn/api/getInviteCompanyList,2026
星星充电,Star Charge,,,,95555549-0dfc-4b24-be30-639d1000a14b,7d7cb756-e584-4543-836a-88ac042df29e,5a98f1cc-4930-44fe-982c-507c9917e98e,https://download.snec.org.cn/SNEC/article/2025/06/05//微信图片_20250605134955-69927962.png,pv.snec.org.cn/api/getInviteCompanyList,2026
盛虹动能科技(泰州)有限公司,"Shenghong Ligend power Co., Ltd.",,,,a0f564b0-4464-4715-83c7-71eb8324d143,c85fa6b8-8389-42b4-90a8-95b1d2610a8c,0b866a0a-c7b0-4918-a93a-23ca2aff2ac6,//download.snec.org.cn/SNEC/img/2025/04/24//盛虹动能LOGO_深灰蓝-01-62299933.png,pv.snec.org.cn/api/getInviteCompanyList,2026
杭州利珀科技有限公司,"Hangzhou Leaper Technology CO.,Ltd",,,,77f180f1-58fc-41e3-87aa-b4562726464b,c4cc40be-255b-4505-b377-71a0a97bedf7,847424fe-f06e-4ccf-a374-6fde895e2dc4,https://download.snec.org.cn/SNEC/article/2025/05/29//利珀-95317260.png,pv.snec.org.cn/api/getInviteCompanyList,2026
天通日进精密技术有限公司,"TDG-NISSIN Precision Technology Co., LTD",,,,17662e9b-638f-4c6d-9760-26cb8cf5b249,5dc0b252-cb87-4657-873c-7aab32eeea09,2125b4f5-cf40-46b8-bd22-5c90362951c0,https://download.snec.org.cn/SNEC/article/2025/05/29//日进-70444580.jpg,pv.snec.org.cn/api/getInviteCompanyList,2026
弘正储能（南京）数字技术有限公司,,,,,5ed2887d-84cd-4b69-83d6-c6397d08414e,3d9be9ea-1ac6-4f8e-bede-a4fc320094ef,c9ae9097-d78f-468f-8c1c-781fc65e00da,https://download.snec.org.cn/SNEC/article/2025/12/29//弘正LGO-70439540.png,pv.snec.org.cn/api/getInviteCompanyList,2026
弘正储能(上海)能源科技有限公司,"Shanghai Hoenergy Power Technology Co.,Ltd，",,,,5d92cb31-5b94-44bf-a72b-b6fd10adac51,0f175661-08b8-43e5-9905-aba7dbe7bab7,81427bcc-bed5-483a-85a6-e490d6da1c0a,https://download.snec.org.cn/SNEC/article/2025/12/29//弘正LGO-35260135.png,pv.snec.org.cn/api/getInviteCompanyList,2026
上迈（上海）新能源科技有限公司/上迈（镇江）新能源科技有限公司,"SUNMAN(SHANGHAI)CO.,LTD",,,,dac43939-fb91-4189-9ffd-edad77bd3fa5,f745a4c4-1acc-426b-b733-df2148232724,150d84ac-7f5a-430f-b5b7-a4b706e17b0c,https://download.snec.org.cn/SNEC/article/2025/05/29//上迈-98580615.jpg,pv.snec.org.cn/api/getInviteCompanyList,2026
江阴市星火电子科技有限公司,"JiangYin Spark Electronic Technology Co., Ltd_",,,,4e107b89-d458-4e64-8418-854e2432f536,2823926b-1328-4004-b94e-78ad15b9d697,3f0700f6-d092-43f1-9269-1b9a4948bdb6,https://download.snec.org.cn/SNEC/article/2025/05/29//星火-42065999.png,pv.snec.org.cn/api/getInviteCompanyList,2026
紫兴玉光管路系统有限公司,"Zixing Yuguang Pipelinesystem Co.,Ltd.",,,,39e63ac2-91e4-48bc-8c40-830c4d2b138b,b32951b6-1e31-4be3-b643-705ba501a74a,e76bbf7a-7f52-4c26-9868-ea7d78f4ce88,https://download.snec.org.cn/SNEC/article/2025/05/29//VSJOCO--紫兴玉光-96325187.png,pv.snec.org.cn/api/getInviteCompanyList,2026
南京爱孚讯智能科技有限公司,,,,,dff5eb18-17cc-4b28-9d20-9a845bd40f2f,95ea4d38-136b-4047-86c0-ca251ddf9a5a,3e306e61-19dc-409d-b911-3d78d6d2e4a3,https://download.snec.org.cn/SNEC/article/2025/05/29//爱孚讯-52478180.jpg,pv.snec.org.cn/api/getInviteCompanyList,2026
河北博翔特种石墨有限公司,"Hebei Boxiang Special Graphite Co.,Ltd",,,,ca8052fa-ad1e-43d8-aa08-35bf08c82d80,1fe262ba-8839-4c64-8f23-f9537f62bc0e,55b43ff5-4642-403d-b78c-bd16c0985e65,https://download.snec.org.cn/SNEC/article/2025/05/29//博翔 (2)-20954710.png,pv.snec.org.cn/api/getInviteCompanyList,2026
滁州昶旭电子材料有限公司,,,,,05dc8049-8878-455c-9f73-cab947384a1b,a7e6d729-4709-48f1-ba91-e2262e761ff5,ddfd3c8c-cee3-450a-a187-0ba59184d746,https://download.snec.org.cn/SNEC/article/2025/05/29//昶旭-69822866.jpg,pv.snec.org.cn/api/getInviteCompanyList,2026
廊坊大图铝业有限公司,Langfang Datu Aluminum industry co..Ltd.,,,,926d4095-86ce-4d17-9653-8de5caa24e07,fd596dba-5526-4b2b-8e24-7396bcc057dd,bf78e3be-eb49-4a2e-82d0-f321bb86afe5,https://download.snec.org.cn/SNEC/article/2025/05/29//大图-02524240.jpg,pv.snec.org.cn/api/getInviteCompanyList,2026
江苏德比新材料科技有限公司,"Jiangsu Debi New Material Technology Co., Ltd",,,,c4a131b1-4625-47e0-81fc-36c899659ce4,e24453af-fe3a-4c6b-851f-3dd090c0f74c,24aac6b7-991b-4605-b77a-bbbe80aa5e3c,https://download.snec.org.cn/SNEC/article/2025/05/29//德比-36235687.png,pv.snec.org.cn/api/getInviteCompanyList,2026
深圳丰业达科技有限公司,"Shenzhen Frenda Tech. Co., Ltd.",,,,3fd8a21c-13de-4126-b008-41cbdf555252,870d8320-1225-4b85-add5-8ca3320ca5da,6676b174-bd01-467e-b7b0-d0ed936799fe,https://download.snec.org.cn/SNEC/article/2025/05/29//丰业达-34973103.png,pv.snec.org.cn/api/getInviteCompanyList,2026
台州市兴优太阳能设备有限公司,Taizhou Xing You Solar Equipment Limited Company,,,,559691a0-4a14-4b91-922f-f62f8ada76ea,992e71a1-d424-4e37-8db6-3981bf3a5848,941fcb40-8d2e-4846-a315-90968e0b0818,https://download.snec.org.cn/SNEC/article/2025/05/29//兴优-58082676.jpg,pv.snec.org.cn/api/getInviteCompanyList,2026
浙江道田真空科技有限公司,"Zhejiang Daotian vacuum Technology Co., Ltd.",,,,453765ca-9afa-4908-9830-54fbe797784c,0cf4fad7-1546-4f84-8643-416aff36a9d4,f5ca3e04-29a1-46b0-815e-1b6cf3409632,https://download.snec.org.cn/SNEC/article/2025/05/29//道田-57550127.png,pv.snec.org.cn/api/getInviteCompanyList,2026
高景太阳能股份有限公司,高景太阳能股份有限公司,,,,1e7ed185-43e5-4c00-a8c4-72c81f64f525,355cd660-d321-48cb-9182-efab607bc69b,e068b956-4b00-469b-9a01-b9e29a470c71,https://download.snec.org.cn/SNEC/article/2025/05/29//高景-02082613.png,pv.snec.org.cn/api/getInviteCompanyList,2026
常丰线缆有限公司,"Changfeng Wire & Cable Co.,Ltd",,,,f4a0d5c6-d12e-4305-a327-b8281f4f1033,a546d2cc-c278-4257-8981-d5d7fc0392ba,74fc13a9-7d05-4a11-9ca2-0c99cf5bcfa1,https://download.snec.org.cn/SNEC/article/2025/05/29//常丰-30135276.png,pv.snec.org.cn/api/getInviteCompanyList,2026
天津二好铝业有限公司,,,,,42d8b287-95e6-4170-883d-2c8d21593296,a7d9ac6b-8910-4ee6-9548-16c2428fe4dd,ddee409a-c67f-42a0-a2cd-25e866a4c69c,https://download.snec.org.cn/SNEC/article/2025/05/29//二好-40599633.jpg,pv.snec.org.cn/api/getInviteCompanyList,2026
凤武铝科技(江苏)有限公司,"Fengwu Aluminum Technology (Jiangsu) Co, Ltd.",,,,f0295fb7-9770-4d34-8bd6-c72fab6a1d4c,7b539751-4496-4585-a278-af0989be2086,7c073089-3190-4409-b0bc-7777f16dac9f,https://download.snec.org.cn/SNEC/article/2025/05/29//凤武-43313731.jpg,pv.snec.org.cn/api/getInviteCompanyList,2026
合肥铂兰特新能源科技有限公司,Hefei  Plenty  Green  Energy  Technology  Co.，Ltd.,,,,4ef94b5e-d3ea-4818-83d1-532a1c112c29,c344f7f9-2d7f-4618-af4e-a03c8923364b,937c1a74-2022-43f8-ab3d-f6f4daa975a7,https://download.snec.org.cn/SNEC/article/2025/05/29//铂兰特-62891677.png,pv.snec.org.cn/api/getInviteCompanyList,2026
戈瑙（上海）工业设备有限公司,"Genau(Shanghai)Industrial Equipment Co.,LTD",,,,5cb1a609-8776-4ea0-94f9-6181f6a640fe,14207629-2467-4d6d-8f09-dff36fa195d5,7a36896f-184d-4dd9-8ca0-6615ed617dff,https://download.snec.org.cn/SNEC/article/2025/05/29//戈瑙-34862052.jpg,pv.snec.org.cn/api/getInviteCompanyList,2026
深圳亿兰科电气有限公司,"Shenzhen Elecod Electric Co.,Ltd.",,,,76c322cc-4c55-4471-ae7f-7cae39504bdb,f89de8ef-d5a7-4767-ab64-7e0d49322515,,//download.snec.org.cn/SNEC/article/2026/04/27//elecod logo_00-57177491.png,pv.snec.org.cn/api/getInviteCompanyList,2026
国电投新能源科技有限公司,"SPlC New Energy Science And Technology Co.,Ltd.",,,,64606cb9-a2b2-4232-b858-463758597ef2,e9fb89ff-d552-4d3d-9237-451e42aa2eb9,5585596c-b5ab-4f0b-b2ed-aefd6217d6cc,https://download.snec.org.cn/SNEC/article/2025/05/29//国电投新能源-39642566.jpg,pv.snec.org.cn/api/getInviteCompanyList,2026
科华恒盛股份有限公司,"Kehua hengsheng co,.ltd",,,,7e40b797-5c07-4156-ad44-f6ad666281f9,23072a8b-e7e8-403f-8533-41c2a3838cd2,d7981fec-b572-42db-af6e-51d3b6a6b0a8,https://download.snec.org.cn/SNEC/article/2025/05/29//科华-65861115.png,pv.snec.org.cn/api/getInviteCompanyList,2026
科华数据股份有限公司/厦门科华数能科技有限公司,"Kehua Data Co., Ltd./Xiamen Kehua Digital Energy Tech Co.,Ltd",,,,89b33de7-4a0f-4e86-97a0-9ac9210e80b8,4408f06a-6407-445c-bcfe-5c80f3afd1b3,778b8fa7-866d-4e28-b17a-987162188797,https://download.snec.org.cn/SNEC/article/2025/05/29//科华-57637005.png,pv.snec.org.cn/api/getInviteCompanyList,2026
苏州科莱沃机电设备有限公司,"Suzhou Clever M&E Equipment Co.,Ltd",,,,5fb5e1f1-ea46-48b6-a16d-2f3318d25e9f,1f049b3a-ab19-4ffd-8426-b9d19ddf6b77,1d48ca92-9571-49d2-80db-3f978a6cd1e8,https://download.snec.org.cn/SNEC/article/2025/05/29//科莱沃-84379244.png,pv.snec.org.cn/api/getInviteCompanyList,2026
深圳市曼恩斯特科技股份有限公司,"ShenZhen Manst Technology Co,. Ltd.",,,,38d81514-ade8-4419-875a-65e3ba34c744,c1253658-b350-4abd-bdeb-2b2f463e256a,,//download.snec.org.cn/SNEC/article/2025/05/30//logo-48159669.png,pv.snec.org.cn/api/getInviteCompanyList,2026
河北羿珩科技有限责任公司," Hebei Yiheng Science& Technology Co., Ltd.",,,,c00bd58e-5826-4d68-b69d-f3eb4654dde7,eb83a2c3-0617-4bec-bd73-d6be6503a795,,//download.snec.org.cn/SNEC/article/2025/05/30//公司LOGO无水印-02487830.png,pv.snec.org.cn/api/getInviteCompanyList,2026
武汉宜田科技发展有限公司,"WuHan Yitian Science& Technology Development Co., Ltd",,,,17c52432-6da2-49f9-a99e-dcc97eebacad,22328902-1c58-4455-917c-3bdbf05c86e3,,//download.snec.org.cn/SNEC/article/2025/05/26//微信图片_20250526142202-01613703.png,pv.snec.org.cn/api/getInviteCompanyList,2026
河南恒星科技股份有限公司,Henan Hengxing Science& Technology Co.Ltd,,,,75137cef-05b6-441c-82bf-2da4d3be23c3,5cd6ff4f-04f7-4082-b233-1b0a1b9f3edd,5f5124fb-d332-4ada-ad38-4102c001b0ae,https://download.snec.org.cn/SNEC/article/2025/05/29//恒星-10395558.png,pv.snec.org.cn/api/getInviteCompanyList,2026
江苏荷雨科技股份有限公司,Heyu Technology Co.Ltd.,,,,f955be09-b88b-4834-b5d0-a2821848c38e,ab26570f-fcb6-40ad-acd7-db5308499e61,ae6839a9-348f-433c-8e4d-ccf68e6f4e0c,https://download.snec.org.cn/SNEC/article/2025/05/29//荷雨-31882971.jpg,pv.snec.org.cn/api/getInviteCompanyList,2026
无锡荷雨新能源科技有限公司,"HEYU RENEWABLE ENERGY Co.,Ltd.",,,,2bd9213f-628d-4a6c-9844-7d9ac8cd148a,cc72192f-0bcf-4ba6-b981-f2f9057246ad,421335ec-ea31-449d-98aa-10443dab3e27,https://download.snec.org.cn/SNEC/article/2025/05/29//荷雨-40982246.jpg,pv.snec.org.cn/api/getInviteCompanyList,2026
清河县恒诚塑胶科技有限公司,QINGHEHENGCHENG RUBBER ANDPLASTICTECHNICALCO.LTD,,,,c32b4a1c-eb5a-4142-8dd0-1db741353ccb,bb4a43e8-29ce-417e-9b4c-69a2a58d8eea,16a5e810-571f-43b3-9db0-debb6db8ec11,https://download.snec.org.cn/SNEC/article/2025/05/29//恒诚-34202937.jpg,pv.snec.org.cn/api/getInviteCompanyList,2026
沈阳吉爱尔装饰材料有限公司,,,,,fd4afc58-cb62-42ba-9e27-d657cf65e5e6,c7a9d7d7-340f-40d7-839b-387339bd9279,adca1b67-d28f-4dd5-851a-5d7831f2778a,https://download.snec.org.cn/SNEC/article/2025/05/29//吉爱尔-33957103.jpg,pv.snec.org.cn/api/getInviteCompanyList,2026
天津加美特电气股份有限公司,"TIANJINJMTELECTRICCO,LTD",,,,f6dd5b30-057f-4489-8659-79a79d279efb,7178aa9d-998a-42f2-ae79-b5f673634e52,73d2b519-01bb-4e46-8f07-ddec920da95e,https://download.snec.org.cn/SNEC/article/2025/05/29//加美特-72783872.png,pv.snec.org.cn/api/getInviteCompanyList,2026
上海琚氟塑胶科技有限公司,,,,,8fc20d6e-96ed-4dae-b8d8-33a5aabab9f5,9f606830-7842-48eb-ac6d-10a65eb0d9a2,21217596-cb38-47be-9cc3-aa157233d886,https://download.snec.org.cn/SNEC/article/2025/05/29//琚氟-72103586.jpg,pv.snec.org.cn/api/getInviteCompanyList,2026
宁波康立特电子有限公司,"Ningbo Quality Electronic Co., Ltd",,,,b84c5d3d-da87-4dd2-9558-d11208d84120,234eb64c-e70a-4484-be91-b3858743b2bd,59fb280f-3c95-43c6-aee8-bf8a56ebae78,https://download.snec.org.cn/SNEC/article/2025/05/29//康立特-24355338.jpg,pv.snec.org.cn/api/getInviteCompanyList,2026
中电投融和新能源科技有限公司/上海融和元储能源有限公司/上海启源芯动力科技有限公司 ,"CPI Ronghe New Energy Science and Technology Co., LTD/Shanghai Robestec Energy Co., Ltd/Shanghai Qiyuan Green Power Technology Co.,Ltd",,,,0b7198a7-1910-460e-ad78-d965739eff93,baa1747d-cb18-4147-8471-fc0059096df4,41406a83-6af3-49b9-82d8-b251bad348c1,https://download.snec.org.cn/SNEC/article/2025/12/29//融和元储-95657869.png,pv.snec.org.cn/api/getInviteCompanyList,2026
科瑞工业自动化系统（苏州）有限公司,"Controlway (Suzhou) Electric Co., Ltd.  ",,,,458fba0b-14af-4ff2-970f-ee182da25ded,42c21f7a-76f6-43fa-a7ea-1b490c56fc87,,//download.snec.org.cn/SNEC/article/2025/05/30//科瑞-LOGO不带背景-39215497.png,pv.snec.org.cn/api/getInviteCompanyList,2026
科华数据股份有限公司,"Kehua Data Co., Ltd.",,,,3febb8b7-5ab3-4424-bdd0-3d3f68753c44,2b512938-5fcd-4582-b098-c0257f4f351b,57d0d40b-941a-47c4-b368-12638e88aa65,https://download.snec.org.cn/SNEC/article/2025/05/29//科华-10548621.png,pv.snec.org.cn/api/getInviteCompanyList,2026
深圳市瑞达电源有限公司/衡阳瑞达电源有限公司,"Shenzhen Ritar Power Co.,Ltd/Hengyang Ritar Power Co., Ltd",,,,cb359e85-4d5e-4f5e-9d1e-2fa7ce02d8a4,832414b5-8427-4292-9890-f0e50f4a3419,e83432a4-6d5e-42e3-8405-6babb49edba3,https://download.snec.org.cn/SNEC/article/2025/06/05//微信图片_20250605135020-11482529.png,pv.snec.org.cn/api/getInviteCompanyList,2026
江苏新高波纹管有限公司,"JIANGSU XINGAO BELLOWS CO., LTD.",,,,b7ed9907-d967-4b78-977f-c6d4cd47e26c,43209ac2-b54c-4694-be12-79b56e4a351d,,//download.snec.org.cn/SNEC/article/2025/05/30//新高LOGO-09888089.png,pv.snec.org.cn/api/getInviteCompanyList,2026
深圳市华光达科技有限公司,"ShenZhen HuaGuangDa Technology Co.,Ltd",,,,57a84c50-73cd-42f5-ba35-944f1670614b,256a71a2-78a2-4c03-8665-3215622a938c,47ffb7d8-49a4-4ac4-8bc8-bc04f099ea79,https://download.snec.org.cn/SNEC/article/2025/05/29//华光达-01537158.jpg,pv.snec.org.cn/api/getInviteCompanyList,2026
和昌电业（肇庆）有限公司,"Hichain electricity(Zhaoqing)Co.,Ltd",,,,952340fa-c5ea-446e-9141-739a41ed9e8f,5885fc3e-ab4c-404b-bc37-ced9687c2f28,b4d71310-2e78-46e2-b6ef-2a1a5e4cffe0,https://download.snec.org.cn/SNEC/article/2025/05/29//和昌-93626088.png,pv.snec.org.cn/api/getInviteCompanyList,2026
沈阳吉爱尔新材料有限公司,,,,,684c0e52-9266-4c69-9e87-4b6eb112564b,0e457dd4-7f6c-483b-a2ba-62c434fd9eb3,0f8224af-0b59-4801-8661-03e8f5aa39ed,https://download.snec.org.cn/SNEC/article/2025/05/29//吉爱尔-21837249.jpg,pv.snec.org.cn/api/getInviteCompanyList,2026
南京珏晖电光源科技有限公司,"Nanjing Juehui Light Source Co.,Ltd",,,,55aa5cb7-b3aa-47fa-9277-424866b0c248,e1725b4c-76ea-4cd0-a5da-04c96200af81,57f86304-249a-4569-bafd-da8b1d4b187f,https://download.snec.org.cn/SNEC/article/2025/05/29//珏晖-98072591.png,pv.snec.org.cn/api/getInviteCompanyList,2026
上海君达仪器仪表 有限公司,"SHANGHAI JUN DA INSTRUMENT APPEARANCE CO., LTD.",,,,d5975fa0-86b1-432f-8984-6365aeb595c0,3e633bc6-c923-48fc-b4cb-bd9de60cef8c,efe15789-d2b8-4469-ae24-517278098e01,https://download.snec.org.cn/SNEC/article/2025/05/29//君达-79629366.jpg,pv.snec.org.cn/api/getInviteCompanyList,2026
 广州快螺紧固科技有限公司,,,,,4d75ee24-875b-44c7-a0e5-db3f1ab0cb49,3847b4c2-3447-429f-9c18-3ae9e8a9dc3d,3fd28eb3-96ec-44ad-a73b-633a4abb4ee4,https://download.snec.org.cn/SNEC/article/2025/05/29//快螺-35801785.png,pv.snec.org.cn/api/getInviteCompanyList,2026
山东莱恩光电科技股份有限公司,"shandong laien optic-electronic technology co.,ltd.",,,,7b112d0d-5a5c-478f-95e8-78470771c014,1e21decd-fe23-4c01-a973-2c342ab8f27d,8295e475-bed9-4643-923a-c0145b27dc45,https://download.snec.org.cn/SNEC/article/2025/05/29//莱恩-42917809.png,pv.snec.org.cn/api/getInviteCompanyList,2026
昆山迈格诺科洁净材料有限公司,"Kunshan Magnox Super Clean Materials Co., Ltd.",,,,5567e7d6-0fa7-4914-924b-cb7d9717434e,14912d3f-1a4f-4879-97e1-fc034a615d3e,08cdee5d-1d60-41f4-a0b0-a4be47e6361d,https://download.snec.org.cn/SNEC/article/2025/05/29//迈格诺科-01870161.png,pv.snec.org.cn/api/getInviteCompanyList,2026
南通美莱工业智能科技有限公司,,,,,619ea6ca-c232-4a74-b982-b00b4d3b07df,714efc01-2274-47fa-9df4-bb7cfb977508,5ffc5560-3ff6-402c-820a-73d8fb4523c9,https://download.snec.org.cn/SNEC/article/2025/05/29//南通美莱-92943144.png,pv.snec.org.cn/api/getInviteCompanyList,2026
邯郸市诺华紧固件制造有限公司,,,,,492496f8-265d-419d-8096-5285c3570d63,571bb456-a13b-4670-b0d1-ad6010a0834e,3e9a26de-9496-4851-ad63-73b2f9ca00e5,https://download.snec.org.cn/SNEC/article/2025/05/29//诺华-04054009.jpg,pv.snec.org.cn/api/getInviteCompanyList,2026
苏州诺威特测控科技有限公司,"NOVTEC(SUZHOU)TECHNOLOGY CO.,LTD",,,,8e6dff32-2271-45e1-9b21-e39f191bdf3d,5e479ebd-7054-4eb2-af6c-e01159b1b0fb,a67b3452-d75d-4423-b0f5-d215450d4e4a,https://download.snec.org.cn/SNEC/article/2025/05/29//诺威特-68602414.jpg,pv.snec.org.cn/api/getInviteCompanyList,2026
青海黄河上游水电开发有限责任公司西安太阳能电力分公司,"QingHai Huanghe Hydropower Development Co., Ltd.  Xi'an Solar Power Branch",,,,515aad3c-6ab5-4da9-8033-380515ec298a,d38922a7-9e66-4d1d-ab11-d03009b2892a,99f792c4-61ce-4107-8bea-87353e4e25d9,https://download.snec.org.cn/SNEC/article/2025/05/29//青海黄河-14771923.png,pv.snec.org.cn/api/getInviteCompanyList,2026
绍兴赛致捷机电设备有限公司,"Shaoxing SAZGE Mechanical an Electrical Eqiupment Co.,Ltd",,,,d04af26c-a8ee-4e64-8099-b206a87670ec,41554df3-50d6-4e4a-a6cf-130cd7869bd4,972fb770-9694-4660-bcbf-d57ba7542171,https://download.snec.org.cn/SNEC/article/2025/05/29//赛致捷-88683495.png,pv.snec.org.cn/api/getInviteCompanyList,2026
西安圣宝鸿新材料科技有限公司,"Xi·an Saint Treasure New Material Technology Co.,Ltd",,,,ff8f33ee-de9a-4fe4-b214-126bb55dd352,c6f59d22-dcd8-441b-9aca-b5f4b053a781,afa4e28f-7a33-40c5-a3ff-07fd3bc3aaf9,https://download.snec.org.cn/SNEC/article/2025/05/29//圣宝鸿-13806107.jpg,pv.snec.org.cn/api/getInviteCompanyList,2026
江苏苏铝新材料科技有限公司,"Jiangsu Sulv New Material Technology Co.,Ltd",,,,25ad5f21-5e38-4024-b169-25b74080486a,dd4c2373-7612-41c3-a297-67dc29780eaa,70f0e359-3d15-439c-869b-b57f014420d4,https://download.snec.org.cn/SNEC/article/2025/05/29//苏铝-00745914.png,pv.snec.org.cn/api/getInviteCompanyList,2026
江阴新苏铝科技有限公司,"JIANGYIN NEW SULV TECHNOLOGY CO.,LTD",,,,4fbc4eda-b858-4003-90f6-3b7ba7cbb179,bba9d632-1f05-45e5-bd5a-6b0bc87102b5,be2003f3-b4ae-41f7-9c80-c215bf4ba606,https://download.snec.org.cn/SNEC/article/2025/05/29//苏铝-31901809.png,pv.snec.org.cn/api/getInviteCompanyList,2026
苏州金纬机械制造有限公司,"SUZHOU JWELL MACHINERY CO.,LTD",,,,d7d8286a-3360-406f-846d-242637df736a,2bc060f2-9c53-405b-9529-777b2106e1ef,f571c51e-7b9d-43c9-87dd-49f8069143c2,https://download.snec.org.cn/SNEC/article/2025/05/29//苏州金纬-82263503.png,pv.snec.org.cn/api/getInviteCompanyList,2026
苏州金纬片板膜智能装备有限公司,"CHINA JWELL INTELLIGENT MACHINERY CO.,LTD.",,,,6fc2fe2d-f60d-4597-8ebf-1065710fd1f4,bcc98d67-fe72-4ded-939f-d171c64c0b1d,83d2d8ea-0cb0-4aa3-ae15-eccacc29ebfa,https://download.snec.org.cn/SNEC/article/2025/05/29//苏州金纬-10971781.png,pv.snec.org.cn/api/getInviteCompanyList,2026
南通天盛新能源股份有限公司,"Nantong T-SUN Solar New Energy Co.,Ltd.",,,,851b8431-0ace-4e5c-87f0-3d42d205a185,06c66d23-feb7-4f40-b73a-aec43ec44d88,dd6f27ef-cddd-467f-8ba4-fbc9e6fa5450,https://download.snec.org.cn/SNEC/article/2025/05/29//天盛-07903096.jpg,pv.snec.org.cn/api/getInviteCompanyList,2026
宁波盛大风机有限公司,,,,,2807d0a4-fb8f-42d9-bc5d-e5d52d32d6d7,9b1e9ee0-f03c-4b88-b263-7c6ffdf41980,9c575a20-b3d4-450d-b9a5-2b3ed2a5bc2c,https://download.snec.org.cn/SNEC/article/2025/05/29//盛大-95794028.jpg,pv.snec.org.cn/api/getInviteCompanyList,2026
江苏润新达光伏能源有限公司,"JIANGSU SUNFLY RENEWABLE INTERNATIONAL CO.,LTD",,,,44302324-5555-44dd-9810-651d7ee3db1b,2866c9e9-a05b-4ce2-b041-c103fc069b6b,752918fa-7293-4b13-9085-55db76b4c001,https://download.snec.org.cn/SNEC/article/2025/05/29//润新达-44977164.png,pv.snec.org.cn/api/getInviteCompanyList,2026
德国威科电子有限公司上海代表处,Vincotech GmbH Shanghai Representative office,,,,a39630b7-ae9d-4a38-aeed-178c81ecaaf6,d6c0a9be-1e0f-42cd-ba9f-112b47a14837,28431e6b-020b-4890-8496-5dd503120093,https://download.snec.org.cn/SNEC/article/2025/05/29//威科-19813198.png,pv.snec.org.cn/api/getInviteCompanyList,2026
齐河双百数码影像设备有限公司,Qihe Shuangbai Digital Photographic Equipment Co.Ltd.,,,,b4a75110-0085-4eca-af12-0f844477fa34,b206e560-5b63-475d-ab95-3bb7191b8420,,//download.snec.org.cn/SNEC/article/2025/05/30//QQ截图20240812121045(1)-92780520.png,pv.snec.org.cn/api/getInviteCompanyList,2026
江苏瑞畅复合材料有限公司,"JIANGSU RUICHANG COMPOSITE  MATERIALS CO., LTD.",,,,d69b0706-1608-4b17-bcd8-44244c95f46f,ab7bfaa7-3e04-4ec4-a22b-4f0796972d67,,//download.snec.org.cn/SNEC/article/2025/05/30//江苏瑞畅-LOGO+中英文--00665960.png,pv.snec.org.cn/api/getInviteCompanyList,2026
系科仪器（上海）有限公司,"Syscos Instrument(Shanghai)Co., Ltd.",,,,c8c2d5e9-b71d-444f-9803-1e12e6a720cc,9a215b8b-f46b-496f-b477-8b335dd53d72,,//download.snec.org.cn/SNEC/article/2025/05/30//logo-66602911.png,pv.snec.org.cn/api/getInviteCompanyList,2026
佛山市欣源电子股份有限公司,"FOSHAN CITY XIN YUAN ELECTRONIC CO.,LTD",,,,c5ec8a8c-4036-485e-9a69-ef57174bef82,0ae83709-3656-4536-a242-1894a005edfd,a2e11a87-efb3-4fa7-9135-0d906e02e956,https://download.snec.org.cn/SNEC/article/2025/06/05//微信图片_20250605134921-76189612.png,pv.snec.org.cn/api/getInviteCompanyList,2026
河北腾成线缆有限公司,"Hebei Tengcheng Cable Co.,Ltd",,,,f89732ae-126b-43b2-99f4-43daf5c7d062,8233597a-f47c-465a-aef7-9a5b0a000811,,//download.snec.org.cn/SNEC/article/2025/08/01//6cb9d81bdabe8c0e0cf3e979ff9b559-96456795.png,pv.snec.org.cn/api/getInviteCompanyList,2026
浙江凌志新能源科技有限公司," Zhejiang LINIZ Amperex Technology Co., LTD",,,,efa87da7-8474-44ff-a6d5-a2f8b3a50fa0,77694b34-7276-4d3b-bb29-372bf7ce910c,,//download.snec.org.cn/SNEC/article/2025/08/01//0fcaf57c7ae5f37faf20b39b2c6fda6-60800029.png,pv.snec.org.cn/api/getInviteCompanyList,2026
上海如实密封科技有限公, ,,,,f2e2e6d8-e2fd-43bf-b91a-7754df7e5585,28a1c6e9-0f5c-4509-a55d-caed265de4c3,fe37d0cf-1acf-4c26-a96e-22b995f37405,https://download.snec.org.cn/SNEC/article/2025/05/29//如实-52050950.jpg,pv.snec.org.cn/api/getInviteCompanyList,2026
江苏沃凯氟精密智造有限公司,"Jiangsu 0KFLON Precision Manufacturing Co., Ltd",,,,d2ed5543-d06e-44b5-9fa4-a2da9bbdc673,777f2611-7ca7-49d3-9247-b58654bf6dad,9111533d-dd66-4455-8c98-79eeb745e8ad,https://download.snec.org.cn/SNEC/article/2025/05/29//沃凯氟-78135036.jpg,pv.snec.org.cn/api/getInviteCompanyList,2026
浙江世元科技股份有限公司,"ZHEJIANG SHIYUAN TECHNOLOGY CO.,LTD.",,,,a8064028-b64e-4095-9018-96865255d534,d21f22ae-a79a-40e1-bea3-40442f0c304c,,//download.snec.org.cn/SNEC/article/2025/06/02//21720_21720_1(02(03-14-15-21-58)-46327110.png,pv.snec.org.cn/api/getInviteCompanyList,2026
深圳市联得自动化装备股份有限公司,"Shenzhen Liande Automation Equipment Co., Ltd.",,,,9c69e903-83e5-4663-a55a-f03c5c0cf30f,11b4e7eb-f80c-4be1-bcab-38d59d48bb67,,//download.snec.org.cn/SNEC/article/2025/05/30//2024联得联鹏组合标-16440581.png,pv.snec.org.cn/api/getInviteCompanyList,2026
上海摩昆新能源科技有限公司,"Mokun Renewable Technology Co., Ltd",,,,b193781b-1fe6-45bb-874b-566c1e2d5cec,526ad366-ea8c-453a-af10-f5291a63e0e1,,//download.snec.org.cn/SNEC/article/2025/05/30//公司logo-90339763.png,pv.snec.org.cn/api/getInviteCompanyList,2026
贵州威顿晶磷电子材料股份有限公司,"Guizhou Wylton Jinglin Electronic Material Co.,Ltd.",,,,d8bad4fd-b326-4064-b432-48140465cef1,a258fc27-8ec0-4cc0-9da2-282b0ba3a5ca,,//download.snec.org.cn/SNEC/article/2025/05/30//公司logo(1)-52948321.png,pv.snec.org.cn/api/getInviteCompanyList,2026
广州市丰泰电业有限公司,"GUANGZHOU FENG TAI ELECTRONIC CO., LTD",,,,c03536fe-8f9f-4e32-88eb-91164a16c803,ff090a38-3d3d-4aee-a4b8-7e061b0c64eb,,//download.snec.org.cn/SNEC/article/2025/05/30//LOGO+丰泰电业-66430322.png,pv.snec.org.cn/api/getInviteCompanyList,2026
宁波艺泽科技有限公司,"NINGBO YIZE TECHNOLOGY CO., LTD",,,,2d31e454-b947-4034-8a49-07f2f25e5a6e,ad1621e3-b1b9-4d4f-baae-5214026b3a40,,//download.snec.org.cn/SNEC/article/2025/05/28//微信截图_20250528105129-89822233.png,pv.snec.org.cn/api/getInviteCompanyList,2026
中兴胜工程设计有限公司安徽能源设计分公司,"Zhongxing Sheng Engineering Design Co., Ltd. Anhui Energy Design Branch",,,,da48ccbc-3390-49e7-978b-cacc37d7e45a,ce90e76d-cff5-45d6-bfd2-bd93d02aefca,,//download.snec.org.cn/SNEC/article/2025/05/28//LOGO_00-70815461.png,pv.snec.org.cn/api/getInviteCompanyList,2026
嘉兴市小辰光伏科技有限公司（杭州小辰科技有限责任公司）,,,,,b84d7256-b780-4ada-97ca-1b4919c5944e,1149bd14-40ad-41d9-8776-8d12486c8f6e,b0653d36-863b-419c-9611-d8e8a16bcd55,https://download.snec.org.cn/SNEC/article/2025/05/29//小辰-67647462.png,pv.snec.org.cn/api/getInviteCompanyList,2026
上海轩芝电气设备有限公司,"SHANGHAI XUANZHI ELECTRIC EQUIPMENT CO.,LTD",,,,4bff0853-bb7c-4bea-aad1-33414bc38891,a8248226-9758-42a6-89fd-9ce4da3d3e80,,//download.snec.org.cn/SNEC/article/2026/04/28//167 46尺寸 LOGO-61523518.png,pv.snec.org.cn/api/getInviteCompanyList,2026
杭州协能科技股份有限公司,,,,,0ec03e68-6274-4178-9b2d-73e5d9afe476,d3d67896-d83e-4989-8efa-98a6b8fdb77e,614e17bb-0e90-4a05-a37e-91ba34ea4e91,https://download.snec.org.cn/SNEC/article/2025/05/29//协能-83654431.png,pv.snec.org.cn/api/getInviteCompanyList,2026
安徽鑫铂新能源汽车零部件有限公司,"Anhui Xinbo new energy Automobile Parts Co.,LTD .",,,,b98bd926-8c3d-4bb1-a7ea-416a12bf31a1,ec4d5705-c1e5-451d-bca1-46455b54dccd,468a064d-0c71-40b2-a576-e23e59fba957,https://download.snec.org.cn/SNEC/article/2025/05/29//鑫铂-03188215.png,pv.snec.org.cn/api/getInviteCompanyList,2026
安徽鑫铂光伏材料有限公司," Anhui Xinbo Solar Material Co., Ltd.",,,,2e820fbf-d58d-402f-913d-3c2300adffe1,7397d3e8-4a8a-4f6a-91c7-cddb91b2ab7a,b7a8c3a3-d01a-42f9-8607-625d7a85b6c0,https://download.snec.org.cn/SNEC/article/2025/05/29//鑫铂-56729487.png,pv.snec.org.cn/api/getInviteCompanyList,2026
浙江意兰可电力电子科技有限公司,"ZHEJIANG INDUCTEK ELECTRIC TECHNOLOGY.CO.,LTD ",,,,e0ce1ac2-41ef-4f2e-884c-eb8083c1b24f,50921a9c-361a-4829-8da9-7087cf9ae428,7359a37e-e99d-4958-8b78-167179088a8b,https://download.snec.org.cn/SNEC/article/2025/05/29//意兰可-78002958.png,pv.snec.org.cn/api/getInviteCompanyList,2026
苏州宇邦新型材料股份有限公司,"Suzhou YourBest New-type Materials Co.,Ltd",,,,7cbcacbe-f2a2-4241-bd5b-ada24c1ad81e,917c384d-fcb5-49c3-b12a-63c113b01774,f18248b6-a3de-4844-b4c5-b78d07712d4c,https://download.snec.org.cn/SNEC/article/2025/05/29//宇邦-49283410.png,pv.snec.org.cn/api/getInviteCompanyList,2026
宇创机电科技（苏州）有限公司,"YUCHUANG ELECTROMECHANICAL TECHNOLOGY (SUZHOU) CO.,LTD",,,,71c80103-3de1-4b76-84ac-e6bfb1255bd6,f370bdb7-1aba-4b0c-8a0c-b9de33b4d75b,3e670a85-9e21-4cc1-bf60-ceedde87015e,https://download.snec.org.cn/SNEC/article/2025/05/29//宇创-66106052.jpg,pv.snec.org.cn/api/getInviteCompanyList,2026
江阴市元铝新能源材料有限公司,Jiangyin Yuanlv New Energy Material Co. Ltd,,,,db7e197f-7572-4bf1-8e15-ff342c9200bf,16c1f264-4b75-42a1-aa22-d5432aab1512,d6250c74-5253-4b90-bf7f-39fe3e570e08,https://download.snec.org.cn/SNEC/article/2025/05/29//元铝-21584752.png,pv.snec.org.cn/api/getInviteCompanyList,2026
苏州源卓光电科技有限公司,Advanced Micro Optics Instruments Inc,,,,79ab984e-c067-4679-8bcd-ec4df592b683,6b12972e-e4c6-4b3e-8345-2e9f2b657a7b,407e1451-4d9f-4321-990e-3cfcbcb58014,https://download.snec.org.cn/SNEC/article/2025/05/29//源卓-30008058.png,pv.snec.org.cn/api/getInviteCompanyList,2026
源卓微纳科技（苏州）股份有限公司 ,Advanced Micro Optics Instruments Inc.,,,,acc7d4b5-124f-421b-ab40-f2790f05d31e,56d26ea4-317b-4e37-8790-bbbc4e283bc1,e9fba4a9-45d2-40d6-8def-8f01fb3cada5,https://download.snec.org.cn/SNEC/article/2025/05/29//源卓-81972319.png,pv.snec.org.cn/api/getInviteCompanyList,2026
江苏中祥照明集团有限公司,ZHONGXIANGLIGHTNGGROUP,,,,7fafbef8-909f-4613-a10a-2096410fcfbc,b40ecf63-bdc8-4804-a945-d7db50de53a2,d71fc93b-6f6d-4c59-bfaa-c71a565be2ec,https://download.snec.org.cn/SNEC/article/2025/05/29//中祥-17470243.png,pv.snec.org.cn/api/getInviteCompanyList,2026
浙江浦江中星有限公司,"Zhejiang Pujiang Zhongxing Co., Ltd",,,,7d36a2f5-1da7-421c-9ff2-6fdf614563ac,005ff80d-cd84-40e0-889d-63f3d02effc2,762a059e-744b-45d4-9023-6440b2d32425,https://download.snec.org.cn/SNEC/article/2025/05/29//中星-17441912.png,pv.snec.org.cn/api/getInviteCompanyList,2026
,PASAN SA,,,,f2f9834a-4605-47cb-aa6d-6352a8aff976,387e8ec0-c1ce-4d8e-bff8-72e08404eb1a,f2e668e0-4fee-46cd-b383-7fa2901f45f5,https://download.snec.org.cn/SNEC/article/2025/05/29//pasan-59137706.png,pv.snec.org.cn/api/getInviteCompanyList,2026
天津市东浩软管科技有限公司,"TIANJIN DONGHAO FLEXIBLE HOSE TECHNOLOGY CO.,LTD.",,,,83b67bfa-913f-4c11-bcba-671881352b1c,324419ac-691b-484e-9bef-81f5a53c131e,a34debb4-2bcd-4d05-a9fe-b2b3e8e86e61,https://download.snec.org.cn/SNEC/article/2025/05/29//82dafe77d589c1e12dd8c8f71adff86-52135159.jpg,pv.snec.org.cn/api/getInviteCompanyList,2026
法斯腾标准件(苏州)有限公司,,,,,5ec86510-b1b2-4c86-a9f4-b07e5a070228,38a7b6c6-a2f1-42b6-a501-e7feb9bc5d36,abe37920-a320-4a3c-80c2-e52b215b707b,https://download.snec.org.cn/SNEC/article/2025/05/29//057c4d07603a0eb21a2d27a1b8143e2-61405537.png,pv.snec.org.cn/api/getInviteCompanyList,2026
上海皓固机械工业有限公司,shanghai haogu industrail co.ltd,,,,9d57529b-9fc3-4683-aac8-16e33932435b,c659c9d8-343d-46e6-800e-89de963383f6,c672fb89-df8a-4464-8b19-8b67ff03def7,https://download.snec.org.cn/SNEC/article/2025/05/29//微信图片_20250529155217-34373395.jpg,pv.snec.org.cn/api/getInviteCompanyList,2026
上海界宏机械设备有限公司,"SHANGHAI JIEHONG MECHANICAL EQUIPMENT CO.,LTD",,,,06a08e09-9926-4e92-ba0e-7f144bc1d84d,de810f84-7d70-453d-9fd2-2bcebf97f59b,06b0f7d5-7b2a-4221-83fb-37e6668e87b5,https://download.snec.org.cn/SNEC/article/2025/05/29//上海界宏-76678488.png,pv.snec.org.cn/api/getInviteCompanyList,2026
湖南灿合电力集团有限公司,"HunanCanhePowerGroupCo.,Ltd.",,,,14ff8f86-cefc-4e20-a00b-aeeae465a5e0,bfed8dfb-b0bb-4fa5-b848-945de771dcc7,914dcedc-b70d-417f-b518-94ced8eb7988,https://download.snec.org.cn/SNEC/article/2025/05/29//ade1e39e404d9b18816bcbf1ddf89d4-57233995.jpg,pv.snec.org.cn/api/getInviteCompanyList,2026
泛德测智科技(上海)有限公司,Funda Intelligence Technology(Shanghai) Co. Ltd,,,,d94e5f70-7a6e-458e-aace-30ec0aa6a244,18afaecd-c863-40ac-98dc-60db6cccce02,b13a3909-73a1-4805-90d8-f52a4c9380c4,https://download.snec.org.cn/SNEC/article/2025/05/29//a8c017d5ce68da24fdbc2a593aed620-66657527.jpg,pv.snec.org.cn/api/getInviteCompanyList,2026
浙江管路者塑胶有限公司,"Zhejiang Pipeline Plastic Co., Ltd",,,,c8d6ad0b-55af-45c9-992b-32dff7ef6020,051c1a56-5d92-4ede-ba5a-5bc7a2011826,,//download.snec.org.cn/SNEC/article/2025/05/30//1718681031230-90417082.png,pv.snec.org.cn/api/getInviteCompanyList,2026
常州恒立气动科技有限公司,"Changzhou hengli pneumatic technology CO., Ltd",,,,4b004075-f3ac-40cd-8025-73c8c61bf41f,226746c7-cdd9-4813-ab03-d782cd53f74e,,//download.snec.org.cn/SNEC/article/2025/05/30//矢量logo2-39263173.png,pv.snec.org.cn/api/getInviteCompanyList,2026
深圳力维智联技术有限公司,"Shenzhen ZNV Technology Co.,Ltd",,,,88700bb4-d637-4296-8f4c-4d99283f9c62,beade22a-3564-44f5-8402-aa8cabee1c62,,//download.snec.org.cn/SNEC/article/2025/05/30//LOGO+文字(国内默认版)-90598326.png,pv.snec.org.cn/api/getInviteCompanyList,2026
浙江高就新能源科技有限公司,ZHEJIANG GAOJIU NEW ENERGY TECHNOLOGY CO.LTD.,,,,91e35fcc-d018-4db0-a14d-dbfd8e73dd68,02527e56-d64b-4851-a909-5b6a6bf1dd03,,//download.snec.org.cn/SNEC/article/2025/05/30//注册商标高就-28240334.png,pv.snec.org.cn/api/getInviteCompanyList,2026
昆山迈瑞凯精密工业有限公司,"Kunshan MRK Precision Industry Co., Ltd",,,,543ae87a-0323-4a15-9361-e4c643e59455,c8b10b4c-f103-486d-b8bb-e554a634a7be,,//download.snec.org.cn/SNEC/article/2025/06/02//MRK Logo(1)-24838495.png,pv.snec.org.cn/api/getInviteCompanyList,2026
赢胜节能集团股份有限公司,Wincell Insulation Co.，Ltd.,,,,d7913545-9132-4871-a89f-872f9f62123a,92d0dfc7-5c02-447b-922f-4ea183390315,,//download.snec.org.cn/SNEC/article/2026/04/28//wincell赢胜-红-81249722.png,pv.snec.org.cn/api/getInviteCompanyList,2026
浙江微磁精密技术有限公司,"Zhejiang Micromagnetic Precision Technology Co.,Ltd",,,,12079f14-e0e5-4277-9b30-f3aa22cc1050,848cef14-d87e-4adf-ad8f-99881f2f5023,41adbc4f-9cb1-4c72-b80a-9cacf831feb7,https://download.snec.org.cn/SNEC/article/2025/05/29//微信图片_20250529160130-42484761.jpg,pv.snec.org.cn/api/getInviteCompanyList,2026
美尔森先进石墨（昆山）有限公司/烟台美尔森石墨有限公司,"MERSEN (Kunshan) Co., Ltd.  MERSEN Yantai Co., Ltd.",,,,1e0bb884-81b6-4a71-9159-df801a1fc81c,fa67befe-3119-4138-bb8f-04f423e9d932,9acbfcca-aace-4531-930c-0402e187e8c6,https://download.snec.org.cn/SNEC/article/2025/05/30//微信图片_20250530100947-50810826.png,pv.snec.org.cn/api/getInviteCompanyList,2026
青岛王宝强实业有限公司,"QINGDAO WANGBAOQIANG INDUSTRY CO.,LTD",,,,591a376a-a4d2-44ce-acff-95a70bf947ab,9e2328df-e0a8-4abb-b597-2678e10aa444,40e541b2-b833-40cc-a096-f11d824eea4a,https://download.snec.org.cn/SNEC/article/2025/05/30//微信图片_20250530101004-68412452.jpg,pv.snec.org.cn/api/getInviteCompanyList,2026
苏州瑞泰自动化科技有限公司,"Suzhou Ruitai Automation Technology Co., Ltd.",,,,b548375f-b8f7-4a59-9623-8715d4edb20c,dc97e157-131a-47fa-8ed5-38d52bfd1c9b,,//download.snec.org.cn/SNEC/article/2025/05/30//LOGO-92179546.png,pv.snec.org.cn/api/getInviteCompanyList,2026
深圳市容大感光科技股份有限公司,"ShenZhen RongDa Photosensitive Science & Technology Co., Ltd.",,,,4f10395a-c5ec-4ecd-9f01-87b9e6e63734,19434d51-ea9b-42fb-b108-81777dcd2654,,//download.snec.org.cn/SNEC/article/2025/05/30//容大感光-01-08963009.png,pv.snec.org.cn/api/getInviteCompanyList,2026
河南地特力电气有限公司,HENAN DITELI ELECTRIC CO.，LTD,,,,4ca8016c-058c-46bd-a794-fc339a611a64,c8f789aa-6b32-40c8-b2b7-ae0af36d9940,,//download.snec.org.cn/SNEC/article/2025/05/30//地特力 DITEI商标-63696376.png,pv.snec.org.cn/api/getInviteCompanyList,2026
江阴天广科技有限公司,JIANGYIN TIANGUANG TECHNOLOGY CO.LTD,,,,92635b5d-f414-4edd-b3bf-f24110862af1,65bffbda-09cc-41d2-9dba-2f683ac48daf,,//download.snec.org.cn/SNEC/article/2025/05/30//江流LOGO-87128184.PNG,pv.snec.org.cn/api/getInviteCompanyList,2026
安徽金力电气技术有限公司,"Anhui Jinli Electrical Tech. Co., Ltd",,,,9aefbfb5-acb3-47b8-b464-f352424d914e,ed03f34e-245d-4f1f-b0da-261469879453,,//download.snec.org.cn/SNEC/article/2025/05/30//去背景-09462773.png,pv.snec.org.cn/api/getInviteCompanyList,2026
深圳市亿卓电子有限公司,"Shenzhen Yizhuo Electronic Co., Ltd.",,,,851d2389-7065-4cc2-8a5a-9df0437c70e4,0c66d54e-eceb-4496-b9d6-777fcfb30507,,//download.snec.org.cn/SNEC/article/2025/09/12//亿卓-06820768.png,pv.snec.org.cn/api/getInviteCompanyList,2026
上海赛西自动化设备有限公司,,,,,0d96adfb-62ca-4783-8f5f-a2b317556f8e,ddf0404d-9b35-4e15-b105-d76a111c9bad,0338f43a-0f0e-4d7f-8981-21ae8fbd36ec,https://download.snec.org.cn/SNEC/article/2025/05/29//145c0b7257ae8ad2463ab99a0755dbd-18007810.png,pv.snec.org.cn/api/getInviteCompanyList,2026
西安为光能源科技有限公司,"XI'AN WEIGUANG ENERGY TECHNOLOGY CO.,LTD.",,,,20220771-c23d-4b1f-b940-32e6d8e55066,3d8d2826-92fb-4df4-a0d6-587279e429d0,,//download.snec.org.cn/SNEC/article/2025/05/29//横版logo-91046821.png,pv.snec.org.cn/api/getInviteCompanyList,2026
河北达盈新能源科技有限公司,,,,,034047e2-7a9f-4ebd-b124-8cd23fcb4338,c59243bc-14df-4fef-84d2-fc26595678d7,67c87a8c-a556-47f8-b011-8b41185b18cd,https://download.snec.org.cn/SNEC/article/2025/05/29//7779fc11960023de8934301bc162145-54906002.jpg,pv.snec.org.cn/api/getInviteCompanyList,2026
江苏长荣绿能科技有限公司,"Jiangsu Masterwork Green Energy Technology Co., Ltd.",,,,13225fde-6e7d-4f68-81ab-b469d28c9427,68fe999e-9d58-46ed-b103-a01e1fb84d13,,//download.snec.org.cn/SNEC/article/2025/05/29//中文Logo 原色-18586160.png,pv.snec.org.cn/api/getInviteCompanyList,2026
 苏州申奇电子科技有限公司,"SUZHOU SHINEQ ELECTRONIC TECHNOLOGY CO.,LTD",,,,1eb6c1de-c349-4859-a04b-e5b013a24afa,e1b91a7e-24fb-4c23-aad8-ba42e44ba67f,,//download.snec.org.cn/SNEC/img/2025/04/24//SHINEQ-50436923.jpg,pv.snec.org.cn/api/getInviteCompanyList,2026
蓝茵工业标识科技（无锡）有限公司,,,,,da0fcb13-d7b1-4223-81e8-cdf4eacabb78,e60c524b-23ce-4932-b447-788936add8d2,7617d1bd-807c-465b-967a-32bf0a8ae703,https://download.snec.org.cn/SNEC/article/2025/05/29//微信图片_20250529160432-46089362.png,pv.snec.org.cn/api/getInviteCompanyList,2026
蓝茵工业标识科技(无锡)有限公司,"Lian te coding and marking technology (wuxi) Co.,LTD",,,,835f738f-93e7-430d-9806-7925026acf62,61fcf689-91fe-446b-969c-1d56c00e5c94,b61c1100-bebf-4dac-8cc6-e1890c30ff44,https://download.snec.org.cn/SNEC/article/2025/05/29//微信图片_20250529160432-66778040.png,pv.snec.org.cn/api/getInviteCompanyList,2026
四川瑞迪佳源机械有限公司,"sichuan reach jiayuan mathinery co.,ltd",,,,4171b3e2-a5c2-4947-9fa1-13308e5edbe1,7b488ef1-a705-4bfb-8a2f-dbc9d138e677,,//download.snec.org.cn/SNEC/article/2025/05/30//1-67560944.png,pv.snec.org.cn/api/getInviteCompanyList,2026
合肥乾芯科技有限公司,,,,,9f84bd4b-ef5f-4511-a23d-0ce689d61844,a579dd10-6f18-4fea-a291-3fa02274d3f9,57c20ee0-a6ca-4643-9412-82f53cb01817,https://download.snec.org.cn/SNEC/article/2025/05/29//e71953a1d2a724074231bd37787512e-20228843.png,pv.snec.org.cn/api/getInviteCompanyList,2026
江西百盈高新技术股份有限公司J,"Jiangxi Baiying High-Tech Holdings Co.,LTD ",,,,43ab1a49-a254-4de0-8a46-bcf5a9ed282b,d2fdc278-eefe-4123-b957-0a645834bd0b,,//download.snec.org.cn/SNEC/article/2025/05/30//806f2132049f7808b01774766eefae2-90757448.png,pv.snec.org.cn/api/getInviteCompanyList,2026
北京天泽电力集团股份有限公司,Beijing Tianze Electric Power Group,,,,9afd624c-84d2-439a-869f-5a849b671d35,a283db34-f985-47fa-91f5-720c0c63a2cf,c22994bd-4ec7-459f-9433-b2c5ad439b55,https://download.snec.org.cn/SNEC/article/2025/05/29//微信图片_20250529160349-30485580.png,pv.snec.org.cn/api/getInviteCompanyList,2026
赛立特（上海）安全设备有限公司,,,,,9193f398-d523-4a70-a1e0-68b6700acfdf,ca4e1b3f-eeee-4ee6-8e5e-c945ac46d8a6,3d6ae651-a537-487f-8b44-d1040508de81,https://download.snec.org.cn/SNEC/article/2025/05/29//46e909a7f4323f376c249da11ff152f-63975686.jpg,pv.snec.org.cn/api/getInviteCompanyList,2026
上海昶蒂机电科技有限公司,,,,,f3f62b90-63a5-4ab9-82d2-3c4d2874b9b5,1cbd0f65-d089-4a6a-85f8-06d6929ef379,b62f71cc-22bb-417c-bc2c-6f79cef83a36,https://download.snec.org.cn/SNEC/article/2025/05/29//微信图片_20250529160231-84415127.jpg,pv.snec.org.cn/api/getInviteCompanyList,2026
苏州泰思特电子科技有限公司,"Suzhou 3ctest Electronic Co., Ltd.",,,,a3abf3e5-7077-4001-b2ef-27429b0b2b5c,bd69692e-fe81-41fd-9fe6-4fb40e679d8b,,//download.snec.org.cn/SNEC/article/2026/04/29//新logo-无底色-87470392.png,pv.snec.org.cn/api/getInviteCompanyList,2026
北京赛尔产链科技服务有限公司,,,,,2cd3a003-2dc2-49b1-a733-c2b049285d3e,1a7eca98-2f5e-4671-934b-5f59cbb0026b,69f01b33-7b9f-4a4e-aefa-2b30545d22b0,https://download.snec.org.cn/SNEC/article/2025/05/29//微信图片_20250529161505-72638327.jpg,pv.snec.org.cn/api/getInviteCompanyList,2026
文安县鑫淼光伏科技有限公司,"Wen'an Xinmiao Photovoltaic Technology Co., Ltd.",,,,2890bc22-d3c7-4bd8-bfc7-d1248bc008b2,9fc48d16-61d1-4d83-a9b5-d4f98a2ed97e,,//download.snec.org.cn/SNEC/article/2025/05/29//00035a65b94d0e5cfb0945443d7869040f-63244762.png,pv.snec.org.cn/api/getInviteCompanyList,2026
东海县科聚石英科技有限公司,"Donghai Keju Quartz Technology Co.,Ltd",,,,3749d999-a277-4d6f-9641-af599716792d,dbdd971d-f408-4354-a19b-694a22454735,aee8dc9e-5005-4ef9-b8ca-926f6881291d,https://download.snec.org.cn/SNEC/article/2025/05/29//fd88a859712d032c555d8089ba0e1b1-44086991.png,pv.snec.org.cn/api/getInviteCompanyList,2026
上海泛久机电科技有限公司,SHANGHAI FAN JUN MECHATRONICS CO. LTD.,,,,06d02500-bdc4-4a9d-a309-3315a5914530,8b69dfab-2dfb-4901-9cef-66a5a44b0891,,//download.snec.org.cn/SNEC/article/2025/05/29//fa9892dc752b5c3ca0f11c103e44537-86726715.png,pv.snec.org.cn/api/getInviteCompanyList,2026
泉州采光新能源科技有限公司,"Quanzhou Caiguang New Energy Technology Co., Ltd.",,,,dedbe804-724c-40d8-9fb7-bfc6aa2dc204,2bb4b41d-343b-4933-9118-0654f6c8a57e,,//download.snec.org.cn/SNEC/article/2025/05/29//646506feae609f5c869d5e871dc2756-76358095.png,pv.snec.org.cn/api/getInviteCompanyList,2026
苏州智升科技有限公司,"Suzhou Zhisheng Technology Co., Ltd.",,,,7097688c-7730-47b4-8ab8-394f4bce7f31,1a77064f-8b08-44b5-b84c-3597058101dd,,//download.snec.org.cn/SNEC/article/2025/05/29//logo1-93422206.png,pv.snec.org.cn/api/getInviteCompanyList,2026
苏州长城精工科技股份有限公司,"CSC Bearing Co.,Ltd.",,,,a28e22ca-1696-477a-8615-da21f795cdf2,e4bbaf51-7dba-4085-b813-d7f5954bdda4,,//download.snec.org.cn/SNEC/article/2025/05/29//新logo——白色底-04822349.png,pv.snec.org.cn/api/getInviteCompanyList,2026
广东汇能硅胶制品有限公司,"Guangdong Huineng Silicone Products Co., Ltd",,,,fb4b7862-d512-4307-80f1-3111c8b5813b,ab455181-5b10-49dd-a1c5-729e48e19df6,,//download.snec.org.cn/SNEC/article/2025/05/29//汇能-82532441.png,pv.snec.org.cn/api/getInviteCompanyList,2026
中国电建集团江西省电力建设有限公司,"PowerChina Jiangxi Electric Power Construction Co., Ltd. ",,,,ff96d827-e7f0-46fa-8553-b1470b146260,ddd5ad5f-788e-471b-a43c-5eba50e7e6de,,//download.snec.org.cn/SNEC/article/2025/05/28//江西电建美工-09029707.png,pv.snec.org.cn/api/getInviteCompanyList,2026
德威斯特（北京）测控技术有限公司,DEWESoft,,,,944d901a-1046-46a1-adb9-15360100908e,ab5fe26d-91fb-4931-800d-8e3996453e4c,,//download.snec.org.cn/SNEC/article/2025/05/29//Dewesoft Brandmark PNG-46809106.png,pv.snec.org.cn/api/getInviteCompanyList,2026
北京智盟信通科技有限公司,"Beijing Zhimeng Information & Telecommunication  Tech Co., Ltd.",,,,29937efb-a0ca-4e2d-b601-9ed1047a3a50,6c4dd020-14a4-4fe1-9477-c61f9751fcad,,//download.snec.org.cn/SNEC/article/2025/05/30//北京智盟信通LOGO-62372519.png,pv.snec.org.cn/api/getInviteCompanyList,2026
无锡鼎泓真空科技有限公司,"Wuxi dinghong vacuum technology co., ltd",,,,5e77dc5e-c550-4338-8b1c-25d4ca1731db,2c91b791-790a-48a8-8ca3-7f3802aa6982,,//download.snec.org.cn/SNEC/article/2025/05/29//微信截图_20240609151931-36897163.png,pv.snec.org.cn/api/getInviteCompanyList,2026
厦门金菲仕能源科技有限公司,"Xiamen Kingfeels Energy Technology Co., Ltd",,,,a9c30847-8f86-4b3a-a4de-b1c1b4d49af4,4f2f1d54-5e90-4c04-9219-8bb3fc0e56cf,,//download.snec.org.cn/SNEC/article/2025/05/30//PNG-52295177.png,pv.snec.org.cn/api/getInviteCompanyList,2026
无锡市斯威克科技有限公司,"Wuxi Sveck Technology Co.,Ltd",,,,95bf2307-c88c-4cf7-a236-d9afdf07a69f,a0a0343f-02bf-4f65-9760-372af40932af,,//download.snec.org.cn/SNEC/article/2024/04/13//微信图片_20240412120409-55636466.png,pv.snec.org.cn/api/getInviteCompanyList,2026
无锡松煜科技有限公司,"Wu Xi Songyu Technology Co.,ltd",,,,cc3c9d7b-f16b-471a-a954-b4b3f194b09e,43f68765-787b-4def-94db-f2379d3050ee,,https://download.snec.org.cn/SNEC/article/2025/12/29//松煜-43791301.png,pv.snec.org.cn/api/getInviteCompanyList,2026
浙江东鸿电子股份有限公司,"Eastron Electronic Co., Ltd. ",,,,f375e72c-568f-42be-b818-291a96e729c3,cc361944-a9da-4d2a-917d-cbb89585a18a,,//download.snec.org.cn/SNEC/article/2026/04/07//资源 5@300x-8-34702008.png,pv.snec.org.cn/api/getInviteCompanyList,2026
锦州佑鑫石英科技有限公司,"Jinzhou Youxin Quartz Technology Co.,Ltd  ",,,,6d621f28-29f3-46c6-b771-385ecc3e4313,9c7a9623-4d4a-4461-b228-f1317f1e60d9,,//download.snec.org.cn/SNEC/article/2025/06/03//LOGO压缩-91220198.png,pv.snec.org.cn/api/getInviteCompanyList,2026
上海舜欣物流集团有限公司,"SHANGHAI SUNGREEN LOGISTICS GROUP CO.,LTD.",,,,325f954a-0be9-4893-b85c-6c20226e3ffc,72cc8ff8-903c-4e11-a043-3cf21ed0ff47,,//download.snec.org.cn/SNEC/article/2026/04/29//中文-蓝透明底1000-34687803.png,pv.snec.org.cn/api/getInviteCompanyList,2026
东莞市刘氏电子有限公司,DONG GUAN LIU SHI ELECTRONICS CO.，LTD,,,,503c3a46-8306-4b38-bd21-a613490a9459,46045509-10ae-4b13-835d-25c37897133d,,//download.snec.org.cn/SNEC/article/2025/06/03//刘氏LOGO-48149359.png,pv.snec.org.cn/api/getInviteCompanyList,2026
德国莱茵TÜV,德国莱茵TÜV,,,,5f1f6788-95fd-4e31-87de-b83d69883941,6e0994c0-ba03-4a5b-b1ca-d27d41377f45,d5669d6c-16ea-4a2e-957d-c5676012a172,https://download.snec.org.cn/SNEC/article/2025/12/29//TÜV北德-11154989.png,pv.snec.org.cn/api/getInviteCompanyList,2026
深圳市大族锂电智能装备有限公司,"Shenzhen Han's Lithium Battery Smart Equipment Co., Ltd.",,,,ce2169ec-05b1-4a5c-a385-816b622a6ef8,1680e4a9-c6cb-478b-a66e-ed176d18a3d1,6399a67e-0792-415f-94e1-452ed1a8cf51,https://download.snec.org.cn/SNEC/article/2025/12/29//大族-48373234.png,pv.snec.org.cn/api/getInviteCompanyList,2026
深圳市大族理电智能装备有限公司,,,,,dfca0558-ce26-4ef4-adfc-75e1a6c2c12b,da15568f-0108-401e-91ad-132e1d91d69d,d91f0512-d382-476b-b2e6-8d6c535f2aa3,https://download.snec.org.cn/SNEC/article/2025/12/29//大族-59067853.png,pv.snec.org.cn/api/getInviteCompanyList,2026
泰铂（上海）环保科技股份有限公司,"Taybo(Shanghai)Environmental Technology Co.,Ltd",,,,08af9bb9-5d14-43d1-9899-d06e3076bd6f,a21d0b92-604e-4d4f-86a0-9ad7471f3d60,,//download.snec.org.cn/SNEC/article/2026/01/13//taybo logo-87642409.png,pv.snec.org.cn/api/getInviteCompanyList,2026
江苏顺为新材料有限公司,"Jiangsu Sunway New Materials Co., Ltd.",,,,93df9cfa-4c6c-46e5-9738-c4382c024142,9bacec08-b360-47cd-b8d6-af8b2497d007,,//download.snec.org.cn/SNEC/article/2026/04/29//新logo-86581083.png,pv.snec.org.cn/api/getInviteCompanyList,2026
上海迈电科技有限公司,"Mysolar Manufacturing ( Shanghai) Co., Ltd",,,,cd747aa1-a05f-4d19-857f-b8f7987e92b6,175f182a-7932-4eea-abac-65e4a7ce7bdf,,//download.snec.org.cn/SNEC/article/2026/01/16//mysolar-78129067.png,pv.snec.org.cn/api/getInviteCompanyList,2026
北京中兴汇融节能科技有限公司,"Beijing ZhongXingHuiRong Energy Saving Technology Co.,Ltd.",,,,550ac9cd-fa0f-4bd5-8999-c5233312f734,c1f11b82-4feb-44d0-812a-b23636ba8ffe,,//download.snec.org.cn/SNEC/article/2026/01/29//公司logo无字-03104064.png,pv.snec.org.cn/api/getInviteCompanyList,2026
无锡柯诺威新能源科技有限公司,"Kelvin New Energy Technology WuxiCo.,Ltd.",,,,5dcb4513-6fa9-47d7-b62d-0994f8ab2708,b1cdb223-f206-4e2c-b3c9-8a0330e67abb,9771a6ef-676a-4822-b6d0-6c1a35165337,https://download.snec.org.cn/SNEC/article/2025/12/29//科诺威-73869571.png,pv.snec.org.cn/api/getInviteCompanyList,2026
浙江碳路先锋科技有限公司,"Zhejiang EcoLead Technology Co., Ltd",,,,951d7672-8806-4686-929f-20afc8062f4b,4c69b160-cd10-4158-8afb-13ea0739c6ab,,//download.snec.org.cn/SNEC/article/2025/06/03//微信截图_20250603112228-40656087.png,pv.snec.org.cn/api/getInviteCompanyList,2026
横店集团东磁股份有限公司,"Hengdian Group DMEGC Magnetics Co., Ltd.",,,,2ededdaa-c3de-46fd-b964-4c29068d4f93,51d92e07-b894-48cb-b06b-85da802fafa2,,//download.snec.org.cn/SNEC/article/2025/06/03//未标题-1-10316081.png,pv.snec.org.cn/api/getInviteCompanyList,2026
上海纳科秀新材料有限公司,"Shanghai Nexolar New Material Co.,Ltd.",,,,6a7d7247-9408-4856-bcd6-11b46d5998f6,81b351bb-cb84-4600-8536-b2f387ddc718,,//download.snec.org.cn/SNEC/article/2025/05/27//纳科秀-09798816.png,pv.snec.org.cn/api/getInviteCompanyList,2026
通标标准技术服务有限公司,"SGS-CSTC Standards Technical Services Co., Ltd.",,,,d2d7aa0a-3be2-4f84-9f3d-14d3a6777ba8,c7801c48-9a32-408e-a897-436f15c817db,,//download.snec.org.cn/SNEC/article/2024/05/10//SGS LOGO_2024更新-71865392.png,pv.snec.org.cn/api/getInviteCompanyList,2026
宁波乐丰新能源有限公司,"Ningbo LEFENG New Energy Co., Ltd. ",,,,8f637622-b614-4c35-97f3-09a438d1f087,7b47409d-d03d-44c6-bb7d-f4353bdebc62,,//download.snec.org.cn/SNEC/article/2025/06/04//乐丰logo-58799837.png,pv.snec.org.cn/api/getInviteCompanyList,2026
无锡江松科技股份有限公司,"WUXI JIANGSONG SCIENCE AND TECHNOLOGY CO., LTD",,,,9ee09bbb-a0b2-478b-8c41-9cff9701bc33,307b04a5-5191-4d83-8409-26e3c239e70b,993dc069-dda4-4915-a868-e7090e7e8076,https://download.snec.org.cn/SNEC/article/2025/05/29//江松-87047323.jpg,pv.snec.org.cn/api/getInviteCompanyList,2026
辽宁冠华半导体有限公司,"Liaoning Guanhua Semiconductor Co.,Ltd",,,,0116c7ec-8fa3-4fb4-be58-c649de8360e7,29377c20-2eda-4459-828e-43b2adc73fed,,//download.snec.org.cn/SNEC/article/2025/06/04//微信图片_20250311151908-35190512.png,pv.snec.org.cn/api/getInviteCompanyList,2026
沈阳广成科技有限公司,"Shenyang Guangcheng Technology Co.,Ltd.",,,,9369c295-837d-4347-9ea7-140a8c3da81a,71bf1b16-4f41-4d50-8017-3a9eadef6fb7,,//download.snec.org.cn/SNEC/article/2025/06/04//微信图片_20250604150938-81258270.png,pv.snec.org.cn/api/getInviteCompanyList,2026
FM认证,FM Approvals,,,,015183bf-eb1c-4ca7-b776-cec0fa986d76,29a53093-0e4b-4c1e-8e8b-0b5df3dbdbb9,,//download.snec.org.cn/SNEC/article/2025/06/05//FM_Approvals_Logo_Horiz_Primary_pos_rgb-81697493.png,pv.snec.org.cn/api/getInviteCompanyList,2026
浙江泰达微电机有限公司,"ZHEJIANG_TAIDAMINIATURE ELECTRICAL MACHINERY CO.,LTD",,,,6541b909-4937-4f2a-9e5b-cbb189497fcf,846c0b11-86a0-45a3-8a8b-dd22891ea02c,,//download.snec.org.cn/SNEC/article/2025/08/01//346f06a7f74b7a3ef6cb31181044ccd-33125426.png,pv.snec.org.cn/api/getInviteCompanyList,2026
湖南安诚新能源有限公司,"Hunan Ancheng New Energy Co.,Ltd.",,,,e707d62f-1d97-4db1-9e54-d7a2bb47a39f,ac4a5687-defc-4863-9b38-587752bfe1fc,eac6fd3b-43ae-4b55-9915-c203fb0c3332,https://download.snec.org.cn/SNEC/article/2025/12/29//微信图片_20251229133942_201_39-23710054.png,pv.snec.org.cn/api/getInviteCompanyList,2026
广州市美登电子有限公司,"Guangzhou Meideng Electronics Co., Ltd.",,,,5e7e20f8-b65e-4906-b33a-bd11fc25cf0f,9ff917ec-d340-413b-aba7-42b5f1f72c74,,//download.snec.org.cn/SNEC/article/2025/10/22//58KFB)A`BRN3AIVU3_X41Q3-70374067.png,pv.snec.org.cn/api/getInviteCompanyList,2026
苏州森通光伏有限公司,"Suzhou Sentong Photovoitaic Co.,Ltd",,,,05af67d8-2824-4277-96a7-d3db09044a7b,5a909fff-fa60-4121-8996-26d75b409ab2,a4ce5508-07a2-4a46-98c6-3e713d4481b6,https://download.snec.org.cn/SNEC/article/2025/05/29//森通-34960797.png,pv.snec.org.cn/api/getInviteCompanyList,2026
安徽融科热控科技有限公司,,,,,5c4791f7-6770-4af8-8ae8-ac4bf02ba9ac,4490d801-fddd-4811-898e-31571ae73bec,52a96fa0-d70b-4aad-899b-a17ac048fa40,https://download.snec.org.cn/SNEC/article/2025/12/29//微信图片_20251229143025_202_39-20109877.png,pv.snec.org.cn/api/getInviteCompanyList,2026
寰宇东方国际集装箱（启东）有限公司,"Dong Fang International Container (Qi dong) Co.,Ltd.",,,,1a046430-53f0-42df-b10d-70b75ed42f48,f2306c69-d410-460b-ace0-cade37a27487,,//download.snec.org.cn/SNEC/article/2026/01/30//cosco单独-10226439.png,pv.snec.org.cn/api/getInviteCompanyList,2026
江苏能碳智慧科技有限公司,"Jiangsu Wis.Energy-Carbon Technology CO.,LTD",,,,93133e83-e921-4ae7-87bb-87111a8a4887,2697d89d-a311-479a-a1be-7e006b16c3d9,,//download.snec.org.cn/SNEC/img/2025/04/24//鑳界⒊logo-42430319.png,pv.snec.org.cn/api/getInviteCompanyList,2026
江西四创电气有限公司,"Jiangxi Sichuang Electric Co., Ltd.",,,,c4859645-fe13-4c2e-ac80-d1b126df1da1,03682bb4-9b23-4e79-afff-c76fe32a4748,,//download.snec.org.cn/SNEC/article/2026/03/03//cf440c579498fd48c2a9b1b42acf5bde-47608063.png,pv.snec.org.cn/api/getInviteCompanyList,2026
维峰电子股份有限公司,"WCON ELECTRONICS CO.,LTD",,,,01ca7076-c788-4325-a9f7-5605daf2b606,70096cee-044a-4128-9d7c-05b50d857131,,//download.snec.org.cn/SNEC/article/2025/05/24//WCON LOGO2-99260129.png,pv.snec.org.cn/api/getInviteCompanyList,2026
营口金辰机械股份有限公司,"Yingkou Jinchen Machinery Co., Ltd",,,,dc122fba-b33b-44ff-86ed-7f7e46040557,41a9e33e-1e57-40af-ad48-d5d45e762acb,5636b071-0e85-49b4-87bc-e6c74b2efc08,https://download.snec.org.cn/SNEC/article/2025/06/05//金辰英文logo(1)(1)-54374639.jpg,pv.snec.org.cn/api/getInviteCompanyList,2026
麦田能源 ,Foxess,,,,defc916e-f56c-4b99-85a1-e8f62ea4ec65,046b353c-0681-432c-b2c1-cbf504997337,81bb1888-158c-42e3-91c4-db55caf6c82e,https://download.snec.org.cn/SNEC/article/2025/06/05//麦田中英文logo彩色(1)-08838849.jpg,pv.snec.org.cn/api/getInviteCompanyList,2026
麦田能源股份有限公司无锡分公司,"FOXESS CO.,LTD. Wuxi Branch",,,,73174c09-e7d2-4dda-ba8e-2a0a84769502,21b82d65-05bc-43bc-b7fb-3ebfe57c64b4,e2c00e5a-58c0-431b-addf-a0cda632a482,https://download.snec.org.cn/SNEC/article/2025/06/05//麦田中英文logo彩色(1)-85412108.jpg,pv.snec.org.cn/api/getInviteCompanyList,2026
麦田能源有限公司无锡分公司,"Maitian Energy Co., Ltd. Wuxi Branch",,,,2bd18b00-27d6-4d5a-a605-da2a5cf6d144,21e6a943-850e-45f3-b61c-e1021eb630a1,86aff792-7b96-4167-961e-84a143f34d19,https://download.snec.org.cn/SNEC/article/2025/06/05//麦田中英文logo彩色(1)-44686525.jpg,pv.snec.org.cn/api/getInviteCompanyList,2026
深圳市首航新能源股份有限公司,"Shenzhen SOFARSOLAR Co., Ltd.",,,,94094c42-006f-4fb7-831c-47d3f1be60d2,eec09382-0e13-469a-8ace-a8e476d2f5e8,ce1511c2-f26d-40a2-b499-2e6a436326fd,https://download.snec.org.cn/SNEC/article/2023/05/06//图片2-64637366.png,pv.snec.org.cn/api/getInviteCompanyList,2026
浙江星阳新能源股份有限公司,"Zhejiang Xingyang New Energy Co., Ltd.",,,,d202356d-a53f-45c3-b087-93a125189c95,914b3a80-63c6-4e9e-ac0d-12a0bfaaafed,,//download.snec.org.cn/SNEC/article/2025/06/06//星汇阳 商标(1)-79082212.png,pv.snec.org.cn/api/getInviteCompanyList,2026
池州鸿搏科技有限公司,"Chizhou Hongbo Technology Co., Ltd.",,,,cdfc18b9-29b4-4e30-8867-a1512b985ae7,fa51a790-4dfd-49b9-866a-a5197f20a0ff,,//download.snec.org.cn/SNEC/article/2025/12/29//LOGO  池州鸿搏科技有限公司-55851937.png,pv.snec.org.cn/api/getInviteCompanyList,2026
南京晟芯半导体有限公司,"Nanjing Shengxin Semiconductor Co., Ltd.",,,,ecc3daae-9bff-47cd-978d-62e925706beb,e6f48a23-f769-429f-ac32-ede58985d677,,//download.snec.org.cn/SNEC/article/2026/04/09//南京晟芯半导体有限公司-32082585.png,pv.snec.org.cn/api/getInviteCompanyList,2026
广东富信科技股份有限公司,"Guangdong Fuxin Technolongy Co.,Ltd",,,,fa05c5ef-ae77-406f-8af8-e6a50ad61ac2,9e8210c9-4644-493e-8181-08ecf1785725,,//download.snec.org.cn/SNEC/article/2025/07/01//富信-35829289.png,pv.snec.org.cn/api/getInviteCompanyList,2026
曦谋决策（杭州）智能科技有限责任公司,"Ximou Decision (Hangzhou) Intelligent Technology Co., Ltd.",,,,345ba9f9-efd2-43ef-9777-2d5f27491a73,9e2db0a8-c63f-42bd-88d4-171d610a24b1,,//download.snec.org.cn/SNEC/article/2025/06/06//New black-98879269.png,pv.snec.org.cn/api/getInviteCompanyList,2026
江苏百瑞自动化科技有限公司,"Jiangsu Bairui Automation Technology Co., Ltd",,,,86199150-93c0-4c69-aabc-c921bf7fe832,10c1e10e-4f7c-4815-9f65-0ebdbf251239,,//download.snec.org.cn/SNEC/article/2025/06/06//江苏百瑞LOGO-32707349.png,pv.snec.org.cn/api/getInviteCompanyList,2026
天能控股集团,"Tianneng Battery Group Co., Ltd.",,,,a493f205-80fd-4cd7-b12f-01abf0ef87e3,5cb2f8aa-0944-4778-be1d-adac9d55d0c9,66eee8a7-9ad0-4ec9-b505-ad0ae88421bc,https://download.snec.org.cn/SNEC/article/2025/08/07//天能logo-49853821.png,pv.snec.org.cn/api/getInviteCompanyList,2026
宁波朗信精密制造有限公司,NINGBO LANGXIN PRECISION MANUFACTURING CO.，LTD,,,,da099be1-70d4-4246-812f-c0a4666b59c3,40e72fc5-2423-488c-85f9-350b2436c505,,//download.snec.org.cn/SNEC/article/2025/12/29//朗信LOGO-94679134.png,pv.snec.org.cn/api/getInviteCompanyList,2026
昱能科技股份有限公司,"Yuneng Technology Co.,Ltd.",,,,257baff2-d95a-4a76-b8e1-bf157f43146f,edb91f52-313c-4c84-a776-1c8679690036,,//download.snec.org.cn/SNEC/article/2025/10/23//昱能科技Logo-主要-01-19150055.png,pv.snec.org.cn/api/getInviteCompanyList,2026
苏州朗昱能源科技有限公司,"Suzhou RouteFlow Energy Technology Co., Ltd.",,,,148ffc7f-1251-4474-b348-5a13745e9b2e,c38b45f4-c7a6-47f1-9718-8ecb4c482fc3,,//download.snec.org.cn/SNEC/article/2026/05/06//png鏍煎紡 logo 褰╄壊-17880870.png,pv.snec.org.cn/api/getInviteCompanyList,2026
河北柴氏新能源科技有限公司,"Handan Tiancong Fastener Manufacturing Co.,LTD",,,,3cc6cbb1-6ce3-4b2f-9ac3-e781a3e8f0e5,a3b4a203-6481-4576-b3ef-29cc4315a2d1,f74017f6-59b4-42f9-9ffd-2cee89957b95,//download.snec.org.cn/SNEC/img/2024/04/13//d1ece7c7ebe0e88d3b063cd09acb929-08753094.jpg,pv.snec.org.cn/api/getInviteCompanyList,2026
杭州领祺科技有限公司, ,,,,0e18bcf8-d83e-46de-ace6-3e434af3150a,40e1b117-d6bd-4e90-a2db-5b4b766581c7,746b767e-e6df-4f47-9bf3-978bff80efa3,"https://download.snec.org.cn/SNEC/article/2025/05/29//杭州领祺科技有限公司HANGZHOU LINKQI TECHNOLOGY CO.,LTD.-94260812.jpg",pv.snec.org.cn/api/getInviteCompanyList,2026
杭州正银电子材料有限公司,"Hangzhou RightSilver Electronic Materials CO., Ltd.",,,,6b12f97c-1013-4d68-9241-a137a8344bcb,7e464912-d94c-4925-8356-c5ebca18b81b,,//download.snec.org.cn/SNEC/article/2025/06/06//LOGO-97869483.png,pv.snec.org.cn/api/getInviteCompanyList,2026
辽宁瑟克赛斯波纹管制造有限公司,"LiaoNing Success Bellows Manufacturing Co.,Ltd",,,,64225b21-4bbb-40ce-917e-009e2188d4f3,2d23b383-8fc9-4491-804d-5f3a86e6d017,,//download.snec.org.cn/SNEC/article/2025/06/06//LOGO-96004268.png,pv.snec.org.cn/api/getInviteCompanyList,2026
沈阳瑞得塑胶制造有限公司,Shenyang Ruide Plastics & Rubber Manufacture CO.，LTD.,,,,0ff401da-2a9a-4eaf-9359-a71fa88068a0,03385795-a975-4fb5-b646-7c3baea4482b,,//download.snec.org.cn/SNEC/article/2025/06/07//瑞易得LOGO-矢量RGB格式，-13010074.png,pv.snec.org.cn/api/getInviteCompanyList,2026
特变电工新疆新能源股份有限公司,"TBEA SunOasis Co.,Ltd.",,,,d9e068ce-98bd-412c-b47a-ff1ce89d0543,a27d53ec-02f5-4a80-b8dc-a728d33d6a8d,,https://download.snec.org.cn/SNEC/article/2025/06/08//微信图片_20250608220534-07960453.png,pv.snec.org.cn/api/getInviteCompanyList,2026
比亚迪半导体股份有限公司,BYD Semiconductor Company Limited.,,,,19c815db-e01f-401d-b238-4131504f6b4e,a839b189-4b00-45b5-8f2a-582f87a4f473,,https://download.snec.org.cn/SNEC/article/2025/06/08//cf40e310-24da-40f3-abbf-8f5bf114f30b-10323841.jpg,pv.snec.org.cn/api/getInviteCompanyList,2026
苏州伟创电气科技股份有限公司,"Suzhou Veichi Electric Co., Ltd.",,,,77d212c9-9c8e-44d9-9eca-aaa1ee912de1,d6f618a2-0ba8-4c09-ab81-c26e548a2a4b,,//download.snec.org.cn/SNEC/article/2025/05/26//(6)透明底En-VEICHI-LOGO-25689996.png,pv.snec.org.cn/api/getInviteCompanyList,2026
比亚迪汽车工业有限公司,byd Auto industry company limited.,,,,12b39111-d9e1-4ca6-a259-e358a4ea1b86,07be468c-0936-40d3-a497-0f5456a10c5e,,https://download.snec.org.cn/SNEC/article/2025/06/08//cf40e310-24da-40f3-abbf-8f5bf114f30b-96279671.jpg,pv.snec.org.cn/api/getInviteCompanyList,2026
南通三信塑胶装备科技股份有限公司,"Nantong Sanxin Plastics Equipment Technology Co., LTD",,,,d76842a6-7901-453c-9cee-814ed5b6f998,a526ca6f-fafe-43da-99f1-84a7f5066a64,,//download.snec.org.cn/SNEC/article/2025/06/09//全色标志_CMYK_横板-12699830.png,pv.snec.org.cn/api/getInviteCompanyList,2026
成都芯进电子股份有限公司,"CrossChip MicroSystems, Inc. ",,,,2a29ce85-ff90-44c4-b97f-656f3118fcf0,1ee51969-cac6-4b86-9f90-e8862c1e5294,,//download.snec.org.cn/SNEC/article/2025/06/09//资源 1-28075179.png,pv.snec.org.cn/api/getInviteCompanyList,2026
伊戈尔电气股份有限公司,"Eaglerise Electric & Electronic (China) Co., Ltd.",,,,9feae8b5-9e7e-4f7a-a786-ce877ddd4454,64f6d96e-008b-4f39-a8b3-3cb9465795c9,,https://download.snec.org.cn/SNEC/article/2025/12/29//伊戈尔LOGO-87669026.png,pv.snec.org.cn/api/getInviteCompanyList,2026
英利能源发展有限公司,"Yingli Energy Development Co., Ltd.",,,,2ad2a21e-f21c-443b-9d33-790206e0d6b6,cc6ae00c-ad4d-4c19-910e-8364831bdaba,,https://download.snec.org.cn/SNEC/article/2025/12/29//英利LOGO-84193079.png,pv.snec.org.cn/api/getInviteCompanyList,2026
中电电气（江苏）变压器制造有限公司,"China Electric Equipment (Jiangsu) Transformer Manufacture Co., Ltd.",,,,d031c0fd-1e5e-4bf0-9ee1-4336ee72a52c,13168c8b-7508-4335-a23d-5d83805d6dd5,,//download.snec.org.cn/SNEC/article/2026/04/09//2022年中电电气LOGO 蓝色-95671309.png,pv.snec.org.cn/api/getInviteCompanyList,2026
江苏尚煜德智能科技有限公司/无锡市泰瑞电子设备制造有限公司,"Jiangsu Sunside Intelligent Technology Co. , Ltd./Wuxi Tairui Electronic Equipment Manufacturing Co., Ltd",,,,228903d2-726c-49cc-af68-fc1c7618d916,11c5f644-892f-4ae3-b1f7-93135824a07e,,//download.snec.org.cn/SNEC/article/2025/06/09//4fbd3cfe0be5874a4dc8c5f61f2963d-97598758.png,pv.snec.org.cn/api/getInviteCompanyList,2026
岛津企业管理（中国）有限公司,"SHIMADZU(CHINA)CO.,LTD",,,,89d55017-0c32-457b-a7e7-171524d7b362,856dca93-8b20-4dd6-a1d5-79a9bbf6bfb5,,//download.snec.org.cn/SNEC/article/2025/06/10//公司LOGO-16899986.png,pv.snec.org.cn/api/getInviteCompanyList,2026
英思科传感仪器（上海）有限公司,Industrial Scientific Corporation,,,,a7089dc0-1e70-4e7e-a623-be77c266f50b,56cc1561-18e9-4357-a135-3d5bf0af0f16,,//download.snec.org.cn/SNEC/article/2025/06/23//logo-86572244.png,pv.snec.org.cn/api/getInviteCompanyList,2026
浙江铭安数智科技集团有限公司,"Zhejiang Ming'an Digital Intelligence Technology Group Co., Ltd.",,,,18fe2d4c-f18c-4b3d-b8b7-191ccc0e4eb1,3d47ebf1-ce0b-49fb-9a97-67f0d4f4a1bd,,//download.snec.org.cn/SNEC/article/2025/07/14//WechatIMG5929-51442193.png,pv.snec.org.cn/api/getInviteCompanyList,2026
SNEC 2025国际光伏展,SNEC PV+2025,,,,9e03282c-5100-4248-9d9b-45ced9502367,d98c7604-4f53-4ffd-90a8-724313ea8185,,//download.snec.org.cn/SNEC/article/2024/11/28//logo-68763307.png,pv.snec.org.cn/api/getInviteCompanyList,2026
富延升电子（福建）有限公司,,,,,b10cc074-e0f0-4f46-bcf4-43437f233f36,20e77d37-da8f-41ab-a4ec-1222f0e1fbba,429484db-5ef8-4631-a07a-53a9f41114ba,//download.snec.org.cn/SNEC/img/2025/04/15//富延升白底logo-23602426.jpg,pv.snec.org.cn/api/getInviteCompanyList,2026
万帮数字能源股份有限公司,"Wan Bang Digital Energy Co., Ltd.",,,,7d997bf7-57a5-4a1c-8854-955c905e147f,3b21e4c5-b92b-4d4c-9e38-8dc651097eec,ad276043-2951-491e-82ac-3dc9b9d4c82c,https://download.snec.org.cn/SNEC/article/2025/07/28//资源 3@33.33x-8(1)-78726166.png,pv.snec.org.cn/api/getInviteCompanyList,2026
森根新能源（浙江）有限公司,"Cergen New Energy (Zhejiang) Co.,Ltd.",,,,169dbff9-102a-4c3a-be5b-e39d3e94c22d,0a0d5841-cb0d-4d0a-8824-f75683f72b06,,//download.snec.org.cn/SNEC/article/2025/07/31//CERGEN-LOGO-46043540-12303068.png,pv.snec.org.cn/api/getInviteCompanyList,2026
愛浦(香港)電子科技有限公司,AIPUAIPU (HK) ELECTRONIC TECHNOLOGY LIMITED,,,,66a8ce00-3f46-42f2-99c9-9bbe8fa0dc5d,4df37f21-604e-42ae-98dc-a8d57207aec3,,//download.snec.org.cn/SNEC/article/2025/07/31//1-42150265.png,pv.snec.org.cn/api/getInviteCompanyList,2026
深圳市同研智能科技有限公司,Shenzhen Hellornd Tech Limited,,,,3838b89b-cfb4-4ed0-8d29-49c5369f4b81,7b628bbb-28ad-446a-9cd6-51404a1a364b,,//download.snec.org.cn/SNEC/article/2025/08/01//RMlogo2-65367914.png,pv.snec.org.cn/api/getInviteCompanyList,2026
天意云储(山东)新能源科技发展有限责任公司,"Tianyi Cloud Storage(Shandong) New Energy Technology Development Co., Ltd.",,,,995ab2e3-d0fa-4dbb-9eaf-27bd865ca915,25fbdf33-1989-4176-8714-40120766fa46,,//download.snec.org.cn/SNEC/article/2025/12/29//云储logo-01-05771961.png,pv.snec.org.cn/api/getInviteCompanyList,2026
江苏林洋能源股份有限公司,"Jiangsu Linyang Energy Co., Ltd. ",,,,517cd48a-a0d6-4b39-893b-c4b0ee335c4c,06608f62-f891-4bd7-a376-e78b711891c4,,https://download.snec.org.cn/SNEC/article/2025/12/29//林洋 LOGO-41105916.png,pv.snec.org.cn/api/getInviteCompanyList,2026
中宜硅材（苏州）纳米新材料科技有限公司,"Zhongyi Silicon Materials (Suzhou) Nano new material Technology Co., LTD",,,,43382e4a-81f1-4301-ac0c-b42a094f9723,83d88043-3b3c-4e2f-9c2c-9e9de0dabb7b,,//download.snec.org.cn/SNEC/article/2026/04/21//中宜硅材LOGO-40411953.png,pv.snec.org.cn/api/getInviteCompanyList,2026
杭州飞仕得科技股份有限公司,"Firstack Technology Co., Ltd.",,,,7bd1abbd-2039-4f16-982e-bdad9cc8b887,43bb6688-3192-4741-acc3-647626f2100c,,//download.snec.org.cn/SNEC/article/2026/05/06//logo-47545060.png,pv.snec.org.cn/api/getInviteCompanyList,2026
浙江富能储能科技有限公司,"Vennon Energy Storage Technology Co., LTD",,,,03ed2e37-bf3f-4f0d-948f-fd03d0d19e05,a331a17b-6d66-4dfe-9e06-30431263a021,,//download.snec.org.cn/SNEC/article/2026/04/20//vennon 白底方形-09664990.png,pv.snec.org.cn/api/getInviteCompanyList,2026
上海威勒湃环境科技有限公司,Willpel Enviromental Technology,,,,5c8f4b44-52e6-4513-92f1-5cdce031f2b8,282dc82b-8735-4ba3-865b-9b27c01c6828,,//download.snec.org.cn/SNEC/article/2025/09/02//LOGO-83328438.png,pv.snec.org.cn/api/getInviteCompanyList,2026
奥顿电气集团有限公司, ,,,,80d477f4-f36a-4a2b-b880-676e7b7946bb,2bfbcc4b-bb1e-4f1a-addc-237f0949d451,c736f515-f5e8-45ec-9529-db9f9138ebcf,//download.snec.org.cn/SNEC/img/2025/05/07//奥顿电气logo-83947364.jpg,pv.snec.org.cn/api/getInviteCompanyList,2026
海希智能科技（浙江）有限公司,HAIXI INTELLIGENT TECHNOLOGY (ZheJiang) CO.LTD,,,,2644e904-8e31-4827-9be1-2fa2455303bd,dec18a18-39ad-4f69-9e22-84cde568c599,efdb9eb3-3299-48f7-b7d2-988f27d4c7fc,https://download.snec.org.cn/SNEC/article/2025/05/30//海希HYSEA(标准蓝橙色）-AI格式(1)-60039980.jpg,pv.snec.org.cn/api/getInviteCompanyList,2026
常德昆宇新能源科技有限公司 ,,,,,82885036-3f80-4e0d-8d40-a6a1e2e06f29,dc12d663-2d6e-47bb-9bcf-7761026db114,d3d7f243-f736-4891-b443-507fb8365dd8,https://download.snec.org.cn/SNEC/article/2026/03/18//昆宇电源-15161684.png,pv.snec.org.cn/api/getInviteCompanyList,2026
 深圳市领驭指南科技有限公司,,,,,44e9faec-0501-474a-9793-43387164572e,13c23b34-f179-4916-8a64-077e14f49923,9bdbeb7a-1896-4069-aec0-6a6e12938d2f,//download.snec.org.cn/SNEC/img/2023/04/03//WX20230403-153816@2x-19390605.png,pv.snec.org.cn/api/getInviteCompanyList,2026
佛山时驱科技有限公司, ,,,,58fe4b72-39f2-4220-bc2c-ba752da80747,7095d5c5-1db0-45b7-9066-6635d8c7091b,568b12b2-9817-4def-8915-0f031b77e468,//download.snec.org.cn/SNEC/img/2025/04/24//1-38185469.png,pv.snec.org.cn/api/getInviteCompanyList,2026
亿铖达焊锡制造（昆山）有限公司,,,,,9fcf3f2f-9bf0-413e-a857-25238d1ad9dd,8113f649-a93b-4878-a197-3fd0af808ca1,2252b4f4-1f4c-4f83-b96b-9fd1c2c73b74,//download.snec.org.cn/SNEC/img/2024/04/12//Y)9{MZ)BA{F`ZCVUL0B0QY6-29381338.png,pv.snec.org.cn/api/getInviteCompanyList,2026
宁波嘉美森光电有限公司, ,,,,49cca66b-2e21-4430-ad84-ac51cb33d403,86b50fbc-f18b-4158-ac32-2c47417e7786,aa164374-0e88-41fc-97d9-3f1b44da19bb,https://download.snec.org.cn/SNEC/article/2025/05/29//宁波嘉美森光电有限公司Kmisen-73794754.png,pv.snec.org.cn/api/getInviteCompanyList,2026
苏州优尼科绝热技术有限公司,Unicorn Insulations Limited ,,,,17aadf37-5323-4022-81ed-d63dae9eacdf,6a1b31ad-c3a6-4385-b341-74a8b15c1500,,//download.snec.org.cn/SNEC/article/2025/09/08//New logo_for digital use-38813407.png,pv.snec.org.cn/api/getInviteCompanyList,2026
江苏宏佳华新材料科技有限公司,JANGSU HONGJIAHUA NEW MATERIAL TECHNOLOGY CO.. LTD,,,,292ca8de-279e-44cb-b1c2-aeb1eda6454c,c85f0627-87ce-47d3-b7ec-09a164fb33cd,,//download.snec.org.cn/SNEC/article/2025/10/20//LOGO-90462218.PNG,pv.snec.org.cn/api/getInviteCompanyList,2026
丰郅（上海）新能源科技有限公司,"Fonrich (Shanghai) New Energy Technology Co., Ltd.",,,,45bd3b1c-373e-41d8-bf68-271f5ce13a05,7c2d36c7-f4b4-4f67-8e3e-46c5888ca5a2,,//download.snec.org.cn/SNEC/article/2025/09/13//丰郅-82554639.png,pv.snec.org.cn/api/getInviteCompanyList,2026
上海氢锐科技有限公司,Shanghai H-Ray S&T Co.Ltd,,,,9e298cd2-165f-4cd2-b08b-c173080df51d,bbc60a29-1845-48dd-8911-cea1bbed2ba1,,//download.snec.org.cn/SNEC/article/2025/09/16//H-RAY中英文 (1)_00-53541194.png,pv.snec.org.cn/api/getInviteCompanyList,2026
美尔森电气保护系统（上海）有限公司,"Mersen Shanghai Co., Ltd.",,,,7d59e8ad-f082-42ba-bd20-3ca59628742e,daa310b9-ba58-48dc-94c0-be184e0e10b1,,//download.snec.org.cn/SNEC/article/2025/10/22//LOGOTYPE_ENGLISH_CMYK-72845005.png,pv.snec.org.cn/api/getInviteCompanyList,2026
宁波天顺橡塑有限公司,"Ningbo Tianshun Rubber Products Co., Ltd.",,,,fa9c9e8a-a670-492b-852b-53e2afb92e57,8d132ca5-af01-4bca-b3ef-6491e8bf9193,,//download.snec.org.cn/SNEC/article/2026/04/10//头像-92444690.png,pv.snec.org.cn/api/getInviteCompanyList,2026
无锡江南奕帆电力传动科技股份有限公司,"jiangnan yifan motor co., ltd",,,,41430525-3799-444b-98fe-109f161a7ea0,6f24cd47-31ab-4fe9-bf38-7118e0bd5769,f3183893-a641-4bf9-94f4-2bd6e623854b,//download.snec.org.cn/SNEC/img/2025/04/24//公司logo-77616775.png,pv.snec.org.cn/api/getInviteCompanyList,2026
北京涛思数据科技有限公司,TDengine,,,,64bcaea6-2e6c-4696-9863-3626ab918c6a,f19791da-7a80-4a3c-97c8-859c3f963c82,567f214f-9666-4b09-8bcb-8e88cf4e378f,//download.snec.org.cn/SNEC/img/2024/04/22//logo-蓝-66669485.jpg,pv.snec.org.cn/api/getInviteCompanyList,2026
嘉兴市小辰光伏科技有限公司,"iaxing Xiaochen Photovoltaic Technology Co., Ltd ",,,,84b6f464-2b43-404b-b692-5a7d1a7782af,8722719a-9b2f-4e2b-b485-289c9185cc2e,16109d6c-ae79-4968-99a0-09b86a9bcc45,https://download.snec.org.cn/SNEC/article/2025/05/29//小辰-61096267.png,pv.snec.org.cn/api/getInviteCompanyList,2026
锐创新能源(浙江)有限公司,,,,,aa701d68-411a-4e25-8ff4-efac9c137846,63307c2b-23a7-4b0d-b36f-19b81e3ffba9,c9c45efc-082e-40d0-b392-4206d520bc3d,//download.snec.org.cn/SNEC/img/2025/04/23//Logo-42980643.png,pv.snec.org.cn/api/getInviteCompanyList,2026
福建华清电子材料科技有限公司,"FUJIAN HUAQING ELECTRONIC MATERIAL TECHNOLOGY CO.,LTD",,,,c1834bdb-5626-4b06-9c30-ea84b3e9e634,0211507d-3b61-4a53-97c9-e8b1b0450a60,f2ad7c2e-7fc5-4c9a-ac2d-6e36a57aebf5,//download.snec.org.cn/SNEC/img/2024/04/15//LOGO-71576386.jpg,pv.snec.org.cn/api/getInviteCompanyList,2026
昆山满悦电气设备有限公司,,,,,96981d5f-a500-4ab1-9f16-cb8325805c18,e069879e-c8a9-4b96-9957-f1598e1d4053,dfbdc1ef-ea72-4e65-93e3-abc799260147,//download.snec.org.cn/SNEC/img/2025/04/17//企业LOGO-69505200.jpg,pv.snec.org.cn/api/getInviteCompanyList,2026
江苏云储聚合科技有限公司,energyfocus,,,,2705e0fe-645e-4b52-907c-30050f0dfc79,f6a747de-ecf6-4487-8e56-440392bc1a61,,//download.snec.org.cn/SNEC/article/2026/04/13//云储LOGO-49385229.png,pv.snec.org.cn/api/getInviteCompanyList,2026
潍坊东方钢管有限公司,"WEIFANG EAST STEEL PIPE CO.,LTD.",,,,83c5cdee-75bb-4a8d-84f1-fd4b8de23955,c8899107-bc13-4ccc-b37f-2a4613c126f3,7ece7e58-d059-4bda-87ed-84e65d5d68d0,//download.snec.org.cn/SNEC/img/2025/05/14//SHLOGO-53222768.png,pv.snec.org.cn/api/getInviteCompanyList,2026
杭州鼎能光电科技有限公司,Hangzhou Acme Optcelectronic Technology Co. Ltd.,,,,fc0a98b6-159e-4bb0-8417-26eb84ff408b,28ef49dd-a00d-4c1f-96a6-4fbf36cc06d0,a71c25a4-ef68-4315-8c34-fe7c2090ada0,//download.snec.org.cn/SNEC/img/2025/04/09//图片1-49664066.png,pv.snec.org.cn/api/getInviteCompanyList,2026
OTT HydroMet,OTT HydroMet,,,,c8e3577c-cd9f-4a20-8130-32a840cd3239,a8f5a86a-16fe-4f35-a4cd-c07fc03acd79,afbefadd-72b4-443b-b9db-6b981e975139,//download.snec.org.cn/SNEC/img/2025/05/08//OTT_HydroMet_Logo_RGB_color-01540534.png,pv.snec.org.cn/api/getInviteCompanyList,2026
上海铧原能源科技有限公司,"ShanghaiHuayuan Energy Technology Co., LTD",,,,d3b53269-ab28-43a0-8e5a-f1fc2536024c,84c5f205-7409-4fcb-8161-0c4d883cdd5d,61988217-f9c7-4ef9-a283-49745e9bade3,"https://download.snec.org.cn/SNEC/article/2025/05/29//上海铧原能源科技有限公司上海涵嘉电气设备有限公司Shanghai Hanjia Electrical Equipment Co., Ltd.-77485557.jpg",pv.snec.org.cn/api/getInviteCompanyList,2026
上海电器股份有限公司人民电器厂,Shanghai Renmin Electriacl Apparatus Works,,,,d50c9db3-5c0d-44a3-8fa9-2aff3ab91a0b,c18caaae-66f4-4a81-962c-30beccbd9728,4d6d2ac2-5ad3-4f9c-889d-69426132614d,https://download.snec.org.cn/SNEC/article/2025/05/29//396e6521250058e910ef763fa7a8776-45625719.jpg,pv.snec.org.cn/api/getInviteCompanyList,2026
益升华恒珠精密零部件有限公司/益升华贸易（宁波）有限公司,"Essentra Trading (Ningbo) Co., LTD/Essentra Hengzhu Precision Components Co., Ltd.",,,,e34a2242-cb4e-4349-94d3-3c9b3400f1f3,723490b6-afe9-4e70-b807-4454a19330cd,09e426d3-a4fa-4380-ba95-3a1ed1e19009,//download.snec.org.cn/SNEC/img/2025/04/08//微信截图_20250408085410-96472098.png,pv.snec.org.cn/api/getInviteCompanyList,2026
通威股份有限公司,"Tongwei Co., Ltd.",,,,84d75e0a-bca3-40e3-baaf-647c368a06dc,f7b54bde-d744-4bbd-8064-b644040779cb,0556ac3a-a683-436b-a879-5fafb7fe75b3,//download.snec.org.cn/SNEC/img/2023/04/11//通威股份logo-34960013.png,pv.snec.org.cn/api/getInviteCompanyList,2026
南京久固精密机械有限公司,,,,,615f9a1f-cfb9-42d7-a639-d1ad8ae969c0,68c2d00c-8e3b-4c85-a5c6-8164d3df35cc,8c07a8f2-4983-48db-a46f-decd033313f3,https://download.snec.org.cn/SNEC/article/2025/05/29//南京久固精密机械有限公司 LOGO(1)-66881961.jpg,pv.snec.org.cn/api/getInviteCompanyList,2026
湖南晶讯光电股份有限公司,JENSON,,,,9d41b25a-0fd9-4a99-bd3b-e2b82140e45f,895eb6f0-61b4-4b3f-bd21-2bd61731c6b5,016819a0-294e-4d86-ab0d-a5bea92a9772,//download.snec.org.cn/SNEC/img/2025/04/18//LOGO-75640457.jpg,pv.snec.org.cn/api/getInviteCompanyList,2026
乐凯胶片股份有限公司,"Lucky Film Co.,Ltd",,,,c6d1d2ea-fd6e-4302-96b9-5e75cb2f4285,304c63a1-23d2-4ffe-b24e-474aeb0bdd2b,009ec5b1-ce91-496a-b413-da7e185edd4c,//download.snec.org.cn/SNEC/img/2024/04/24//乐凯集团LOGO-36197828.png,pv.snec.org.cn/api/getInviteCompanyList,2026
苏州易昇光学材料股份有限公司,"Suzhou Yi Sheng optical material Co.,Ltd.",,,,63ba1531-1a99-4191-9ea9-7a69b952d38e,8ec68473-5fbb-4fad-b638-3efb067b5bbd,cf8fca64-b038-4b98-9abb-963206b98f40,//download.snec.org.cn/SNEC/img/2025/04/16//易昇logo横板-50046870.png,pv.snec.org.cn/api/getInviteCompanyList,2026
河南伊西奥新能源科技有限公司,EXIOM SOULTION SA,,,,ae904f89-bb34-47cb-a4a2-cb59e555b7eb,ebb168a8-9ce6-4be1-a343-9033fbb52f95,c9068c11-06b4-44dd-9f9b-2100cb0e9f4c,//download.snec.org.cn/SNEC/img/2025/05/07//logo -29093641.png,pv.snec.org.cn/api/getInviteCompanyList,2026
中能电气股份有限公司,"Ceepower Co., Ltd.",,,,d834a1a8-4012-4ba2-bd28-18a6dcf7f6ad,fd3305b8-d3c5-4593-ab22-1e1bc8aae9c3,1121f4ca-d54f-4f66-9d4f-7e9a3b38ed98,//download.snec.org.cn/SNEC/img/2025/04/21//新logo_ver1017-67529217.jpg,pv.snec.org.cn/api/getInviteCompanyList,2026
北京索英电气技术股份有限公司,"Beijing Soaring Electric Technology Co., Ltd.",,,,7ac35948-60b7-4348-85c8-1a9c3c189c29,239a06af-efc0-4d0f-9094-0cad225117f2,e0768016-4487-45dc-a576-dc2d048200a7,//download.snec.org.cn/SNEC/img/2024/04/24//4315f2050b234f389f8b8bfec98248d-94885561.png,pv.snec.org.cn/api/getInviteCompanyList,2026
成河（苏州）半导体科技有限公司,,,,,5b1dd416-4779-442d-9e77-763efc727b9c,7a9b5e48-626b-4fcf-b92b-01493c2aa5de,a87b9f82-2bb4-472b-85a4-3d78b65ea058,https://download.snec.org.cn/SNEC/article/2025/05/29//6c31af270f83a5333e5d79f739803bb-56755198.png,pv.snec.org.cn/api/getInviteCompanyList,2026
江阴市辉龙科技股份有限公司,"Hotlong Technology Co., Ltd.",,,,13bbe69d-69cd-47a6-b030-0dc045922a91,2d92b48b-da71-4fbb-b19f-46793e417d48,,//download.snec.org.cn/SNEC/article/2026/01/05//logo无辉龙字-30752547.png,pv.snec.org.cn/api/getInviteCompanyList,2026
河南厚德钻石科技有限公司,,,,,8467a814-0ad4-4486-8585-137e5efbe2bb,53cb3464-578e-4edf-a0ec-f6885aaae96f,6b2de02b-8471-4eee-a780-899af82da9de,https://download.snec.org.cn/SNEC/article/2025/05/29//厚德-94406121.jpg,pv.snec.org.cn/api/getInviteCompanyList,2026
国能日新科技股份有限公司,"State Power Rixin Tech. Co., LTD.",,,,829d1279-1028-4a7a-b4f8-90377d7309e7,0c0ad196-f6c2-4899-bc8c-3a689095edbe,6d63437a-e120-466a-a46f-ecfc2cd973b0,"https://download.snec.org.cn/SNEC/article/2025/05/29//国能日新科技股份有限公司State Power Rixin Tech. Co., LTD.-93357511.png",pv.snec.org.cn/api/getInviteCompanyList,2026
浙江康帕斯流体技术股份有限公司,Zhejiang Compressed Fluid Technology,,,,28241732-5f32-49ef-82d9-1a53140d0743,b64c0776-6fb7-4a66-bd51-7b3bcbd76261,b8378b69-3547-4ae0-a11f-95121fa2472c,https://download.snec.org.cn/SNEC/article/2025/05/29//康帕斯-58638216.png,pv.snec.org.cn/api/getInviteCompanyList,2026
安徽亘浩智能制造有限公司,,,,,f415d79c-40d7-4c0e-b631-69ddcd9d706f,9ad29608-11e4-4467-8796-602d3a63bc6a,f0451460-8557-42f2-8b16-a24d85bdfb55,//download.snec.org.cn/SNEC/img/2025/04/22//515338d5c4ff5a0dbae5a47ab3f00c6-36001419.jpg,pv.snec.org.cn/api/getInviteCompanyList,2026
东莞市一创电子科技有限公司,,,,,b15a379a-4a8c-468d-a3b3-2b00cd6225e9,189d828f-182d-49aa-b84b-682fb0c43d86,499c1d71-ad9c-47d2-a942-a8e508789f8b,//download.snec.org.cn/SNEC/img/2025/04/22//1-92033340.jpg,pv.snec.org.cn/api/getInviteCompanyList,2026
天津威科钢铁有限公司/建安（天津）新能源有限公司,"Tianjin Weike lron and Steel Co.,Ltd.",,,,01e7fd48-1e92-40e9-9393-34fe73316e0e,4fc26397-293a-48fc-9483-9d3112f6fd30,51f52d87-cb8f-4ec4-80f2-e720371d1337,//download.snec.org.cn/SNEC/img/2025/04/23//微信图片_20250423134438-20807569.jpg,pv.snec.org.cn/api/getInviteCompanyList,2026
安徽矢量新能源科技有限公司/ 安徽国芯新材料股份有限公司,,,,,5712d69e-4263-4572-b2c7-dc4e15f41b6f,,b874de3e-2f8f-47ac-9cb8-182df9f89fe3,https://download.snec.org.cn/SNEC/article/2025/06/05//微信图片_20250603183250-70370732.png,pv.snec.org.cn/api/getInviteCompanyList,2026
安徽矢量新能源科技有限公司/ 安徽国芯新材料股份有限公司,,,,,cea6ff4a-2bfc-4460-a0da-c849cdca971c,bed87f59-75e6-4500-8c98-8f7e65385cfd,b874de3e-2f8f-47ac-9cb8-182df9f89fe3,https://download.snec.org.cn/SNEC/article/2025/06/05//微信图片_20250603183250-91810746.png,pv.snec.org.cn/api/getInviteCompanyList,2026
意美旭智芯能源科技有限公司,,,,,29317b02-2de7-435f-8b68-086751a39273,8449d626-d9b9-428b-8a0d-00960c541056,79dacb56-2671-4a98-a2a2-7533a5267c1d,https://download.snec.org.cn/SNEC/article/2025/06/03//意美旭智芯能源科技有限公司-62698830.jpg,pv.snec.org.cn/api/getInviteCompanyList,2026
北京量拓科技有限公司,"ELLITOP SCIENTIFIC CO, LTD",,,,29c41ae3-e7b6-4d77-b2f5-889251a34a09,11bc3b3e-4601-4194-8b4e-e88cc66aa24f,863a2538-a0ef-4bd0-8e0d-51a302ebd22e,//download.snec.org.cn/SNEC/article/2025/01/03//未标题-1-25152821.png,pv.snec.org.cn/api/getInviteCompanyList,2026
浙江博时新能源技术有限公司,"Zhejiang Boshi New Energy Technology Co., Ltd.",,,,7c69d051-ff37-48a8-bcd2-8b2dee5c3447,b03bb58f-3e51-4d16-be43-e2851fc39846,be7393d8-84bd-43b6-85ed-806370e943b7,//download.snec.org.cn/SNEC/img/2025/05/07//博时储能LOGO-A-08485197.png,pv.snec.org.cn/api/getInviteCompanyList,2026
杭州力为科技有限公司,"Hangzhou Liwei Technology_Co., LTD.",,,,280f54e9-710c-4150-a87c-e319d182b350,1f64b098-109d-4473-ab71-0f483139829d,d374a570-bfc1-4d12-9594-9d984d18f54f,//download.snec.org.cn/SNEC/img/2024/04/24//logo头像-50643370.jpg,pv.snec.org.cn/api/getInviteCompanyList,2026
上海维旺光电科技有限公司,VG SOLAR,,,,b8a6606a-41a4-456e-8232-cc4ed5f1393a,b596346c-3272-4464-97e9-f4b7bd2d6ef6,,//download.snec.org.cn/SNEC/article/2025/05/28//微信图片_20250528135903-51548716.png,pv.snec.org.cn/api/getInviteCompanyList,2026
上海正帆科技股份有限公司,"Shanghai Gentech Co., Ltd.",,,,d8da9978-05d7-422b-89ff-d698d040a3ae,f5f10eea-2372-4908-9bce-5ad4c9b883d9,f40cb6b3-3706-4f45-97ee-38f1ea1b833c,//download.snec.org.cn/SNEC/img/2024/04/25//正帆科技-文字logo-94474937.ai,pv.snec.org.cn/api/getInviteCompanyList,2026
宁波高石电测科技有限公司,Ningbo Gauss-elec Technology Co.，Ltd.,,,,d5932662-f937-4640-8557-f68fd99a7e12,8ae934b8-92ce-47d1-a17a-b4a568ee2950,ce491937-643b-41bf-ba2a-4a4d8185788c,//download.snec.org.cn/SNEC/img/2025/04/30//画板 1-25751583.png-86911509.crdownload,pv.snec.org.cn/api/getInviteCompanyList,2026
中腾微网（深圳）科技有限公司, ,,,,3143d224-0874-4eaf-9470-37112320c0a4,f7aab571-deff-4bc8-95cf-037e57ff6c1b,a1fc434b-f824-475c-83f3-fb41ac361522,https://download.snec.org.cn/SNEC/article/2025/05/29//0b6db3aa1df7ea72c4be180a40b3435-58818582.png,pv.snec.org.cn/api/getInviteCompanyList,2026
苏州市富同石英科技有限公司,,,,,8395e001-c4b9-4f3b-8fa7-e0f8c16b0672,0925746b-7f82-4c00-b7a1-d6628b26987a,700e3093-6466-44a5-bae7-f3e9b9e0a2bf,https://download.snec.org.cn/SNEC/article/2025/05/29//富同-62801764.jpg,pv.snec.org.cn/api/getInviteCompanyList,2026
江苏元铝新能源材料有限公司,,,,,cc97a96a-c6ff-4ff6-ab48-e46c70e735bf,e6b2ffb4-d206-41d2-ae0f-865200ac42ee,cfe0adf8-48ce-42a8-9ff5-fdb6c4192771,https://download.snec.org.cn/SNEC/article/2025/05/29//元铝-04415943.png,pv.snec.org.cn/api/getInviteCompanyList,2026
台州阳春机电有限公司,"TAIZHOU YANGCHUN ELECTRIC MOTOR CO.,LTD",,,,d3fbef28-79e7-476d-afda-36bd473fde73,e3d5d733-2825-449a-bdda-7c73086e2d79,74f8d6b6-e3b2-43d6-97de-81e73d9894eb,//download.snec.org.cn/SNEC/img/2025/04/21//111-84918615.jpg,pv.snec.org.cn/api/getInviteCompanyList,2026
安泰天龙（北京）钨钼科技有限公司,"ATTL  Advanced Materials Co.,ltd",,,,c5c28e5e-f590-49d7-9b24-586bf14bbb24,0f70566f-d91d-4be4-9a39-45229f3d8dcd,f7cc17c6-ac20-41b1-a89c-7516de6c3c18,//download.snec.org.cn/SNEC/img/2024/04/22//安泰天龙横版中文-14635182.png,pv.snec.org.cn/api/getInviteCompanyList,2026
广州北极光新能源技术有限公司,"Guangzhou Sunord New Energy Technology Co., Ltd.",,,,dd1236ed-acf3-43c9-ba8b-ef5dc2fb5529,9804526b-4997-4d40-a3f3-75def78e5c91,a8ffd83c-0c07-4c9b-832e-0a20b0419974,//download.snec.org.cn/SNEC/img/2025/05/07//微信图片_20250507200143-04212885.png,pv.snec.org.cn/api/getInviteCompanyList,2026
黄骅市亿拓金属制品有限公司,huanghuashiyituojinshuzhipinyouxiangongsi,,,,03915ddd-9bae-4e1f-9747-f561a2742eb5,951d0bf1-bb7d-4d61-91ff-61bfd535198f,1a8f4f0b-f06c-4670-bc56-241f2b240a25,//download.snec.org.cn/SNEC/img/2023/04/15//微信图片_20230306090350-96423930.jpg,pv.snec.org.cn/api/getInviteCompanyList,2026
英诺激光科技股份有限公司 / 英诺光伏设备（江苏）有限公司,"Inno Laser Technology Co., Ltd / Inno Photovoltaic Equipment (Jiangsu) Co., Ltd",,,,ca6db0aa-ba03-4d30-a0e8-4f47fa65f3a9,3b834318-5bad-4763-a5b8-c9d737f1ba95,fce7f439-c730-4f78-855a-ebb015137815,//download.snec.org.cn/SNEC/img/2024/04/26//logo-透明大尺寸-85532730.png,pv.snec.org.cn/api/getInviteCompanyList,2026
江苏虎跃标准件有限公司,"Jiangsu Huyue Standard Parts Co.,Ltd",,,,631954c1-5f39-4ca9-b887-b095e95de539,692d0be9-62a3-47d7-a0b8-3326d8b414a8,0f2edc95-c473-4ede-ab1b-cb675d75a5be,https://download.snec.org.cn/SNEC/article/2025/05/30//虎跃中字印刷版(1)-04733910.jpg,pv.snec.org.cn/api/getInviteCompanyList,2026
河南省胜强减振器零部件有限公司 , ,,,,4c7c67e5-22ae-49ce-b14b-75100d5ca6dc,621a1ad8-46c7-4dcd-9ded-47300f61f10a,c640d524-1bc5-417d-b5d5-d0f3c164c2c7,https://download.snec.org.cn/SNEC/article/2025/05/29//河南省胜强减振器-67180319.jpg,pv.snec.org.cn/api/getInviteCompanyList,2026
深圳市必易微电子股份有限公司,Shenzhen KiwiInstruments Co. Ltd.,,,,c47f13ca-52c1-4459-9a1e-a4056b327d43,fb249407-ff38-4200-90be-4be133bf1af7,91249952-4de5-46e8-9f17-4b7f0ffd0a78,//download.snec.org.cn/SNEC/img/2025/04/24//必易微logo-86137822.jpg,pv.snec.org.cn/api/getInviteCompanyList,2026
上海银鑫电热电器有限公司, ,,,,84268fac-9407-4f87-98ff-196e6d81d344,701d33d8-cb44-445a-b00b-28af4077d2b1,3106ecdc-d9a1-423f-bc85-e6d9dbaa3cba,https://download.snec.org.cn/SNEC/article/2025/05/29//c1f709866ae862e8d91444dab73fae8-27058237.png,pv.snec.org.cn/api/getInviteCompanyList,2026
郑州欣盛达实业发展有限公司,"ZhengZhou XSD Industrial Co., Ltd._",,,,f4efff91-04bf-4348-b628-9ea0cddd2b65,86066892-880d-450b-be5c-13ad2314638a,825c443a-39fe-4b99-a1b3-b0e26659e018,//download.snec.org.cn/SNEC/img/2025/04/16//logo-02730000.jpg,pv.snec.org.cn/api/getInviteCompanyList,2026
深圳市斯曼科新能源科技有限公司,Shenzhen SMK New Energy Technology Co. Ltd,,,,33c32b59-fa1e-4725-81df-0576a7d35843,3c1b69d3-fc57-4699-8917-f4cd16ec1167,1eefe992-11f5-4218-83e7-fac3790d4bf7,//download.snec.org.cn/SNEC/img/2022/11/14//微信图片_20221114170535-63884971.png,pv.snec.org.cn/api/getInviteCompanyList,2026
浙江盖鼎能源科技股份有限公司,"Zhejiang Guiding Energy Technology Co.Ltd.,",,,,182ef287-0287-4f5c-9e9e-1335d3d6ccbb,9b0a92ec-5f6e-4013-87aa-ad70a4245ca2,910d0644-7f7d-4aa6-a1ec-b618d3e65661,//download.snec.org.cn/SNEC/img/2024/05/06//盖鼎logo-57444103.png,pv.snec.org.cn/api/getInviteCompanyList,2026
天津鑫源峰达钢铁有限公司, ,,,,c70cebf2-b07b-4116-bb1a-7f2e2c429231,b6974eea-cba1-482f-b781-b1f68e53e27d,88df783d-6b67-49b4-9570-61fb3039610e,https://download.snec.org.cn/SNEC/article/2025/05/29//鑫源宏达-31872407.jpg,pv.snec.org.cn/api/getInviteCompanyList,2026
武汉德行天下机器人科技股份有限公司, ,,,,cc3fc3b4-96d2-400d-9899-eeda9495fd55,7d85e9b4-32a2-4ebe-aa95-c0427838ffbd,0097a19d-ff15-4e93-b3df-52485e27d49d,https://download.snec.org.cn/SNEC/article/2025/05/29//武汉德行天下机器人科技有限公司Wuhan Virtue World Robotics Technology CO.Ltd-05199236.png,pv.snec.org.cn/api/getInviteCompanyList,2026
深圳市智胜新电子技术有限公司,"Shenzhen Zeasset Electronic Technology Co., Ltd.",,,,0482fc80-9c27-4d8d-96af-fec5b75acc65,fff47d63-e0dc-4971-8033-f6e01f773645,46f63435-6e8b-40fb-aff8-e3476660717b,//download.snec.org.cn/SNEC/img/2025/04/22//智胜新公司LOGO-80551991.jpg,pv.snec.org.cn/api/getInviteCompanyList,2026
北京海博思创科技股份有限公司,"Beijing Hyperstrong Technology Co.,Ltd.",,,,9e68ebd4-a29c-4c82-8772-719babcc6e48,7dcc24e3-66ab-49e2-9071-088c0d3e2a1b,462a61bb-be32-4b49-b590-c117be0a960d,//download.snec.org.cn/SNEC/img/2025/05/06//微信图片_20250506145141-82300585.png,pv.snec.org.cn/api/getInviteCompanyList,2026
国轩高科股份有限公司,"Gotion High-tech Co.,Ltd",,,,f83d7ffb-15e7-4d4b-aa26-016fc3d7842d,986742e0-d26b-4a3b-94fd-3bf9f64c6d84,12d5e0f1-b132-4fb3-bb45-b12f3f7adfde,//download.snec.org.cn/SNEC/img/2025/04/25//Logo-88788058.png,pv.snec.org.cn/api/getInviteCompanyList,2026
苏州恒香雨电子有限公司,"Suzhou Hengxiangyu Electronics Co.,Ltd",,,,5c105f17-eb1c-4cdb-b76e-108c2e5fbdfd,25a2478c-6aa5-4c9b-82fb-8b7e3a951dd1,9a7ef836-cc8e-415c-8b7f-fbe61f3bd22a,//download.snec.org.cn/SNEC/img/2025/05/08//公司LOGO-38879830.jpg,pv.snec.org.cn/api/getInviteCompanyList,2026
浙江柳晶整流桥有限公司,"Zhejiang Liujing Rectifier CO., Ltd.",,,,98b326ab-f36f-47a4-bd27-8d442ddc3dc3,dfd31a09-6566-4a14-9cb3-6eccf10fc7b4,,//download.snec.org.cn/SNEC/article/2024/10/29//01-18577643.png,pv.snec.org.cn/api/getInviteCompanyList,2026
晶科能源股份有限公司,"Jinko Solar Co., Ltd.",,,,625dc420-66a7-4f75-884e-155b8a60ad86,57866c54-e9e1-4999-8c29-46332022f2e4,ec86ffad-93f3-4b3c-a1bf-c58c88a198e7,"https://download.snec.org.cn/SNEC/article/2025/05/29//晶科能源股份有限公司Jinko Solar Co., Ltd.-77650035.png",pv.snec.org.cn/api/getInviteCompanyList,2026
北海永星电子有限公司,,,,,670d65b1-85c0-4660-8f6c-35f690218bc9,f0695a7c-a6fe-49f9-a865-ba97b2afb902,d8d623c7-31b7-4a0e-b15b-f612e8ca6975,https://download.snec.org.cn/SNEC/article/2025/05/29//12e44fe75b0821463158ea397066d08-93233022.jpg,pv.snec.org.cn/api/getInviteCompanyList,2026
山东鲁昱智能科技有限公司,"Shandong Luyu Intelligent Technology Co., Ltd",,,,337883a7-affe-4b63-8466-5bd2c4cb6276,d8ca18e2-2e69-4678-bea0-f187588221c4,,//download.snec.org.cn/SNEC/article/2026/03/12//99a78aff7e86fb6dfcfa8b83da460fa-52198668.png,pv.snec.org.cn/api/getInviteCompanyList,2026
安阳华安通用主轴科技有限公司, Anyang Hua-An Genneral Spindle Technology Ltd.,,,,c4139004-72a8-4bcb-b2a4-8fbfbc6ca074,b4deee00-db0c-4c1a-9120-03ada9eac74d,5202e36c-2b86-4fce-880c-328625c37baf,https://download.snec.org.cn/SNEC/article/2025/05/29//安阳华安通用主轴科技有限公司 Anyang Hua-An Genneral Spindle Technology Ltd.-99653434.jpg,pv.snec.org.cn/api/getInviteCompanyList,2026
安阳华安通用主轴科技有限公司, Anyang Hua-An Genneral Spindle Technology Ltd.,,,,78322462-fca9-4db5-b51f-04fbadefa573,,5202e36c-2b86-4fce-880c-328625c37baf,https://download.snec.org.cn/SNEC/article/2025/05/29//安阳华安通用主轴科技有限公司 Anyang Hua-An Genneral Spindle Technology Ltd.-28485709.jpg,pv.snec.org.cn/api/getInviteCompanyList,2026
宁波龄童电线电缆有限公司,"NINGBO LINGTONG WIREAND CABLECO,LTD",,,,248cefaf-ca12-412d-9404-9703b4f62156,f30ec759-c685-4922-8e7e-314bfa4fbf8b,8b6d5281-154f-4d07-96fe-88e9bb9901ff,https://download.snec.org.cn/SNEC/article/2025/05/29//龄童-29772095.jpg,pv.snec.org.cn/api/getInviteCompanyList,2026
上海韩科科技股份有限公司,,,,,7eb2ac16-33a7-45e1-9118-db363d533754,41b8a37c-3cdb-44e4-b8f3-c6890bd3307e,63330223-514d-48cc-afd9-8293b99e14b8,https://download.snec.org.cn/SNEC/article/2025/06/03//上海韩科科技股份有限公司-06382675.png,pv.snec.org.cn/api/getInviteCompanyList,2026
宁波九龙电讯电机有限公司,,,,,77ce05e3-ac46-4030-866d-50c896f4bdf7,609639f6-dab1-41c7-ab7f-c33b668c3694,7b5b710b-cddf-4278-8cf0-6f04c7f51793,//download.snec.org.cn/SNEC/img/2024/04/30//1-92819311.jpg,pv.snec.org.cn/api/getInviteCompanyList,2026
杭州铂科电子有限公司,hzboco,,,,f42e9fc0-a457-4773-baba-df96c3930a31,cab61521-29ed-4e1d-b6c4-8202e57b8e02,0b1f80b4-7cef-420d-93a7-0bed8cd360f4,//download.snec.org.cn/SNEC/img/2025/04/25//铂科电子企业Logo 300dpi-45309523.jpg,pv.snec.org.cn/api/getInviteCompanyList,2026
苏州克鲁博新能源科技有限公司,"SUZHOU GLOBAL NEW ENERGY TECHNOLOGY CO.,LTD",,,,b3ab0fbd-2fdf-4b0b-9805-a10b18b04b1a,ff9d3118-fa95-430f-aeb5-52fec99c055b,fe8e4469-8a56-40ad-9056-6210e4a0891f,//download.snec.org.cn/SNEC/img/2023/04/13//LOGO-51295537.jpg,pv.snec.org.cn/api/getInviteCompanyList,2026
华为数字能源有限公司,"HUAWEI DIGITAL POWER TECHNOLOGIES CO., LTD.",,,,ad8b9979-88b2-4282-be0d-e03a6aa85324,e5797e06-a5e2-405a-ab13-4dcfee0b8992,c2045f31-d2f4-424b-b350-14c07d6c6705,//download.snec.org.cn/SNEC/img/2022/03/17//3b63e58a21b04ab18946b76dce92f606.png,pv.snec.org.cn/api/getInviteCompanyList,2026
硕丰新能源科技（常州）有限公司,,,,,0ca24cca-f928-49ce-ad8f-2b2b418bb562,2e949a7d-e46c-4e33-b429-f44f687e18f2,9dd2215f-0a82-48e6-a379-104b8ea2f51a,//download.snec.org.cn/SNEC/img/2025/05/07//e7f32b61dd766c6b61f18fff6ebeeb9-30822374.jpg,pv.snec.org.cn/api/getInviteCompanyList,2026
深圳市众可亿精密工业有限公司,"Shenzhen Zhongkeyi Precision Industry Co., Ltd.",,,,fa36f1bc-8184-45b0-adba-4c97f70ecb09,8f4101c9-6094-4fb2-8ec6-3873f94ce2a2,0dc95501-def9-49fd-8da8-1c2073be3005,//download.snec.org.cn/SNEC/img/2025/05/06//透明底2-84865423.png,pv.snec.org.cn/api/getInviteCompanyList,2026
徐州恒兴金桥机械科技有限公司,"XUZHOU HENGXING JINQIAO MACHINERY TECHNOLOGY CO.,LTD.",,,,1f32398f-7e81-40b4-a9c8-5815168bee13,290f702a-ce04-45da-a4e2-f05c131755ed,23011449-cf53-4c12-ae94-6aea2cff289c,https://download.snec.org.cn/SNEC/article/2025/05/29//恒兴金桥-70636206.jpg,pv.snec.org.cn/api/getInviteCompanyList,2026
辽宁奥亿达新材料股份有限公司,"Liaoning Aoyida Advanced Materials, Inc.",,,,4e2066c9-91ce-4011-83a3-22e45fdc7019,68c79639-616b-469e-8853-99746f46f3b3,9caadd62-f0d2-44e9-8b28-ae58bf4bc69d,//download.snec.org.cn/SNEC/img/2024/05/20//logo新-31023294.png,pv.snec.org.cn/api/getInviteCompanyList,2026
厦门科盛新能源有限公司,"Xiamen Kseng Metal Tech. Co.,  Ltd ",,,,71e5d3b0-9f4b-45db-a769-78c158f35894,e2ab8d10-aec1-4338-b492-22423683ce93,2c198155-b427-4e07-8574-3b8f2f616cd9,//download.snec.org.cn/SNEC/img/2025/04/22//公司logo-国内版-48947899.png,pv.snec.org.cn/api/getInviteCompanyList,2026
苏州中世太新能源科技有限公司,"SuZhou JoneSolar New Energy Tech.Co.,Ltd",,,,b5ba2d40-992a-4137-9410-187992669f82,59fa2c62-a919-4cee-8ca1-b6b86da48bff,81c57ca9-1fc9-4f6e-be13-552b17144f88,//download.snec.org.cn/SNEC/img/2025/04/27//微信图片_20250427111108-82199983.png,pv.snec.org.cn/api/getInviteCompanyList,2026
芝安科技（深圳）有限公司,,,,,d533677c-63dd-43a1-9e32-051fdf0fa699,6ad11aec-d2a2-4992-905e-d9b0a791a216,ac3dc77b-b104-411b-a2ce-8341f22b8047,//download.snec.org.cn/SNEC/img/2025/04/16//voltronic power logo-09939009.png,pv.snec.org.cn/api/getInviteCompanyList,2026
苏州玖钧智能装备有限公司,"Suzhou Jiujun Intelligent Equipment Co., Ltd.",,,,641f5abb-ace1-4838-97b7-03c0fe4f953d,3f3ea2fa-ddbe-449c-a0f4-ede3c4640158,,//download.snec.org.cn/SNEC/article/2024/04/23//2024新logo-43792943.png,pv.snec.org.cn/api/getInviteCompanyList,2026
广州集泰化工股份有限公司,"Guangzhou Jointas Chemical Co., Ltd",,,,462ad079-0ca4-468e-bcd9-bc0c65b01253,ceed8992-cb78-4b1a-bb55-dd48d3ad465a,034199df-33d6-48b8-8813-5ad51c40dc59,//download.snec.org.cn/SNEC/img/2025/04/14//1744617787838-10131134.jpg,pv.snec.org.cn/api/getInviteCompanyList,2026
鸿宝电源有限公司,"HONGBAO POWER SUPPLY CO.,LTD.",,,,be152ae9-c6fe-45c9-a232-f976a69a2f4a,efbe5435-01eb-4a35-b092-39e3642501e9,7d881533-4f6e-46f8-bdf9-d72707a80cd1,//download.snec.org.cn/SNEC/img/2025/05/08//鸿宝LOGO-12908964.png,pv.snec.org.cn/api/getInviteCompanyList,2026
常州三洋精密制版股份有限公司,,,,,13291b5c-8086-4fe7-858e-157c8742011e,7e168a5d-4404-4985-a78f-8770d26ea6cc,7e86e796-95e4-4a9b-a232-faea6f97da11,https://download.snec.org.cn/SNEC/article/2025/05/29//三洋-18037427.png,pv.snec.org.cn/api/getInviteCompanyList,2026
深圳市纳设智能装备股份有限公司,深圳市纳设智能装备股份有限公司,,,,512987f6-13dd-4f08-bc38-2d4f715e41f1,fb6ea57d-1268-4b4e-9a6d-44ac42c8bbf9,a097ac1a-4a65-4a24-bdce-6b1bc5526696,//download.snec.org.cn/SNEC/img/2025/04/24//主logo2-82438696.png,pv.snec.org.cn/api/getInviteCompanyList,2026
邯郸市增奇紧固件有限公司,,,,,66a1338f-036e-43aa-a98e-fa8f024347b0,28aedede-f483-428f-b44d-c0ae0c67f51e,643ac1a4-b334-4b28-b868-d8afb09c234b,https://download.snec.org.cn/SNEC/article/2025/05/29//增奇-10098175.jpg,pv.snec.org.cn/api/getInviteCompanyList,2026
大工晖耀智能科技洛阳有限公司, ,,,,96a83059-246c-4507-bee6-c0bdec7a7236,8ec08161-e43b-415c-9fc0-a6d85bdb25aa,e860dc67-0833-49cb-900e-cb291bfb90d0,https://download.snec.org.cn/SNEC/article/2025/05/29//微信图片_20250529132344-39115307.jpg,pv.snec.org.cn/api/getInviteCompanyList,2026
惠州市鑫辉合创科技有限公司,,,,,1100abd7-1732-4e93-9d3c-2ffae65e1614,f0f9857f-16ad-4d7d-adc6-2c8d93446ae2,20e126c5-fd90-48cb-a72c-be808757b659,https://download.snec.org.cn/SNEC/article/2025/05/29//鑫辉-85493249.jpg,pv.snec.org.cn/api/getInviteCompanyList,2026
保定齐力恒流泵有限公司,,,,,4340ab31-1ba0-4312-9b05-01e5a628beed,4b94906e-f21e-44d6-90cb-23c34917853b,be52e8dc-e94a-4dbe-9189-7fe600b09de5,https://download.snec.org.cn/SNEC/article/2025/05/30//保定齐力恒流泵有限公司-39645878.png,pv.snec.org.cn/api/getInviteCompanyList,2026
浙江鸿盾电气科技有限公司 ,,,,,db8201e6-5a5f-4aaf-bd69-fb0387ba05ce,1b48be4a-c97a-4e07-9066-a0350fcfaac4,79c861c6-931b-4556-b7a5-91c0166f2609,//download.snec.org.cn/SNEC/img/2025/04/29//鸿盾LOGO-93844721.png,pv.snec.org.cn/api/getInviteCompanyList,2026
PASAN SA,,,,,1cebc7ec-8e80-44dd-9d9b-c2110f68282a,b71813ef-08a5-4932-a442-5d9edeb29066,3bceaf19-48bc-4f69-8f41-62bd3138719b,https://download.snec.org.cn/SNEC/article/2025/05/29//pasan-50815035.png,pv.snec.org.cn/api/getInviteCompanyList,2026
 南京波恩⾃动化科技有限公司, ,,,,3c135fbe-1268-4dc7-bbf3-518868842c61,0e1e8a67-fc3c-48a4-a687-2e31d94e7c1f,e126e8ac-791e-4b4e-abe4-efc626b5f867,//download.snec.org.cn/SNEC/img/2025/04/23//波恩科技中文logo chang-30303856.jpg,pv.snec.org.cn/api/getInviteCompanyList,2026
常州好时新能源有限公司, ,,,,4324e588-f3cf-46e7-9dcd-3a2b946610d3,825238a8-0caa-4ca3-acea-b7f97cf2db8e,3977fbde-190d-4fca-87dc-dbe99d14be52,//download.snec.org.cn/SNEC/img/2025/04/18//好时logo-56731486.png,pv.snec.org.cn/api/getInviteCompanyList,2026
天津市强盛金属制品有限公司,"Tianjin Qiangsheng Metal Products Co., Ltd",,,,43911017-2279-49fd-a92b-81ab404dfdba,8c3fc93e-3d96-4e50-b5d7-a1b6909357e1,38fd9cab-c854-440e-ab25-d2e7459e23f8,"https://download.snec.org.cn/SNEC/article/2025/05/29//天津市强盛金属制品有限公司Tianjin Qiangsheng Metal Products Co., Ltd-44412085.png",pv.snec.org.cn/api/getInviteCompanyList,2026
淮南益恒光伏科技有限公司,"Huainan Yiheng Photovoltaic Technology Co.,Ltd",,,,15a4e6e7-0e2f-4858-9c43-f89e26e16403,743c3f85-d005-439a-8a86-ba65dbb2ec7a,dea3c0fc-8e25-4702-a5bb-d9e0c79d84b3,//download.snec.org.cn/SNEC/img/2025/04/23//acb9756aa106af50964ce29210342e3-05372375.png,pv.snec.org.cn/api/getInviteCompanyList,2026
江苏鑫恒泰电⽓科技有限公司,,,,,5fd9c7f3-c183-4d1e-ba91-02301f2b0c02,085c226f-7da0-4fe1-83ea-7ab5450fb231,0cb03e99-a9b1-47ee-b5aa-bc7b3e459c0c,"https://download.snec.org.cn/SNEC/article/2025/05/29//江苏鑫恒泰电_科技有限公司Jiangsu Xin Hengtai Electrical Technology Co., Ltd.-80098661.png",pv.snec.org.cn/api/getInviteCompanyList,2026
温州英菲电器有限公司,"WENZHOU YINGFEI ELECTRICAL CO.,LTD",,,,983d1b1d-3d19-48b9-9278-b6880de9efe8,b862fc7f-9313-499b-805d-8d2ba71b940e,963daaa0-abf1-41f2-82d1-47216a431e23,//download.snec.org.cn/SNEC/img/2025/05/04//5ee9fa7bec9184a040ad5d790c29834-90702235.png,pv.snec.org.cn/api/getInviteCompanyList,2026
上海源派智能科技有限公司, ,,,,ebf7c5fd-7cb0-4775-b9af-2376db65bebf,5fac9364-f349-494d-a0d7-eecea53bb511,6225ebc1-7341-4ece-aa32-281ca671cbb3,//download.snec.org.cn/SNEC/img/2025/05/20//图片1-53327814.png,pv.snec.org.cn/api/getInviteCompanyList,2026
德国莱茵TÜV,TÜV Rheinland ,,,,3c2dc252-473b-4f7f-95d8-3c373e9dd294,a2688c5c-890d-4a12-910d-d7f7b606022f,7babf9da-8ad7-4e55-92e5-4400ccb86512,//download.snec.org.cn/SNEC/article/2024/12/18//公司Logo-08120286.png,pv.snec.org.cn/api/getInviteCompanyList,2026
武汉源泰新能源有限公司, ,,,,40210524-b847-4cd6-ba80-7fb28aa9c474,d880aba7-b628-4508-8033-7a28b3c0a5e0,4b4cde84-f9fe-41a4-a8c8-d407828df8ff,"https://download.snec.org.cn/SNEC/article/2025/05/29//武汉源泰新能源有限公司Wuhan Yuantai New Energy Co, Ltd.-88475987.jpg",pv.snec.org.cn/api/getInviteCompanyList,2026
宜邦机械科技(邯郸市)有限公司,,,,,f6d32deb-4e9b-4cd3-ba9b-733cb8a54eab,8a568c24-ab73-4382-9632-b0b028a098c0,e2fb9f95-a5dc-4090-9345-ffc4a8b7fb8e,"https://download.snec.org.cn/SNEC/article/2025/05/29//宜邦机械科技(邯郸市)有限公司 Yibang Machinery Technology (Handan City) Co., Ltd-53030787.jpg",pv.snec.org.cn/api/getInviteCompanyList,2026
常州海川卓越密封材料有限公司,,,,,faaa4d89-01ab-483f-aac9-f21e567fe9fe,0394a4fc-9386-4591-94de-4642dfdf4f21,95f02751-758d-48a3-843c-87c9420fbd10,"https://download.snec.org.cn/SNEC/article/2025/05/29//常州海川卓越密封材料有限公司Changzhou HOK Seal Material Co., Ltd-34468926.png",pv.snec.org.cn/api/getInviteCompanyList,2026
苏州艾瑞达新材料科技有限公司,Aorita New Material Technology (SuZhou)Co，Ltd.,,,,0b5ca86f-4eb3-4357-9667-c16d8584e551,47202885-5808-441e-ba99-e3b016b2fef8,79f90727-6d03-4fd8-b593-2f913a0d557a,https://download.snec.org.cn/SNEC/article/2025/05/29//742be156e66be116129e1f0eec03f64-64073385.jpg,pv.snec.org.cn/api/getInviteCompanyList,2026
中山智隆新材料科技有限公司,Zhongshan ZL Advanced Materials Technology Co.，Ltd,,,,14bff82d-e1fa-4e2b-91f1-d48526b57bf2,e13cbfdb-a863-4ac6-87d5-99f9de8082cd,9a32aa6c-f177-4ab2-ae6f-c214a8f8a537,//download.snec.org.cn/SNEC/img/2024/05/06//logo简称竖-66575171.png,pv.snec.org.cn/api/getInviteCompanyList,2026
中车株洲电力机车研究所有限公司综合能源事业部,"CRRC Zhuzhou Electric Locomotive Research Intitute Co., Ltd.",,,,784dff8e-1dfc-4266-8abd-e324786fb06b,a0e8c82f-9c91-4a9e-a1b0-7e4bcab84f71,c742adc5-9a0c-449c-8b91-ad98a8a979f9,//download.snec.org.cn/SNEC/img/2024/04/19//宣传logo外发-38357217.png,pv.snec.org.cn/api/getInviteCompanyList,2026
源顶电气(上海)有限公司,SOTOP ELECTRIC（SHANGHAI）CO.，LTD.,,,,5082dacb-edba-455c-8d52-c82e52f3897f,5c80bd4d-90a3-468d-b424-7afcabbe43b6,15aec5b2-89b0-4398-b018-ca0899ae0236,//download.snec.org.cn/SNEC/img/2024/04/19//SOTOP源顶电气Logo-71885999.jpg,pv.snec.org.cn/api/getInviteCompanyList,2026
天能电池集团股份有限公司,"Tianneng Battery Group Co., Ltd.",,,,c89740db-2f2d-490d-9a6e-648952e5c35c,cd2e6a8f-718f-48f3-8879-8650d6228cea,63a63ff0-100b-4708-9811-4ae398dcc85b,https://download.snec.org.cn/SNEC/article/2025/08/07//天能logo-21559277.png,pv.snec.org.cn/api/getInviteCompanyList,2026
广东三瑞电源有限公司,"Guangdong Sunray Power Co.,Ltd",,,,6f52747b-0257-42fe-a454-1d2ea2aa673d,e9f3cecf-6d54-46f7-bde0-e8ca882f4f7c,98d3a047-a57e-427c-9d0e-23eefb084bd7,https://download.snec.org.cn/SNEC/article/2025/05/29//广东三瑞电源-75815699.png,pv.snec.org.cn/api/getInviteCompanyList,2026
霍铧德科技（上海）有限公司,"Howards Technology (Shanghai) Co., Ltd.",,,,6f4e4281-5fee-4ef0-bb24-cc238467b401,b851d1ce-b18f-463e-8348-99eaaedc37cd,,//download.snec.org.cn/SNEC/article/2026/04/08//霍铧德 Logo-23504468.png,pv.snec.org.cn/api/getInviteCompanyList,2026
耐勒电气有限公司,"Naile Electric Co., Ltd",,,,80c76f0f-4d9b-4b30-8384-8f1b6b8a6ede,2e2a6a29-f5bd-42f7-b275-4a3fba2aa3ed,,//download.snec.org.cn/SNEC/article/2026/05/07//微信图片_20260507090058_8_79-59292965.png,pv.snec.org.cn/api/getInviteCompanyList,2026
深圳市光路在线科技有限公司,"Fiberroad Technology Co., Ltd.",,,,43967964-55f2-4c6f-b2df-778e71fe101f,b964afa3-d3f9-4d8e-9f32-cd597acbf662,,//download.snec.org.cn/SNEC/article/2026/05/14//r-logo-encn-col-og-gy_400x400-74503968.png,pv.snec.org.cn/api/getInviteCompanyList,2026
苏州富美康复合材料有限公司,"Suzhou FMK Composite Material Co., Ltd.",,,,1fccbf01-b034-4e07-960d-93c327a192db,1869fec3-dfbd-4438-a11a-30c041875442,,//download.snec.org.cn/SNEC/article/2026/04/09//商标11-71542593.png,pv.snec.org.cn/api/getInviteCompanyList,2026
东莞绿光新能源科技有限公司,"Dong Guan MC New Energy Technology Co.,LTD.",,,,53ba7ce9-614a-4f22-a941-fc6b8281cd87,1653f09a-9b6a-46e2-b1f9-cfe15d6f79da,,//download.snec.org.cn/SNEC/article/2026/05/07//会展海报设计logo-63722888.png,pv.snec.org.cn/api/getInviteCompanyList,2026
上海磐洁新能源有限公司,SHANGHAI PANJ NEW ENERGY CO.LTD,,,,ba1e6246-627c-4e86-8c25-8aeb9243abdf,7b64e321-4be4-4e87-93fd-ad2fa8a3839b,,//download.snec.org.cn/SNEC/article/2026/05/14//默认标题__2026-05-14+15_21_23-03592950.png,pv.snec.org.cn/api/getInviteCompanyList,2026
武汉元禄光电技术有限公司,"Wuhan Hero Optoelectronics Technology Co., Ltd",,,,96265f79-80bf-48f4-92fb-e6eada790a66,1f942945-b287-4d5c-930c-8e260239479c,,//download.snec.org.cn/SNEC/article/2026/04/14//资源 1-90925783.png,pv.snec.org.cn/api/getInviteCompanyList,2026
株洲宏大高分子材料有限公司,"Zhuzhou Hongda Polymer Materials Co.,LTD",,,,f0e3597b-b504-4459-943b-1b9a58e105a6,836eaeb0-9134-4e60-b388-431819b7e591,,//download.snec.org.cn/SNEC/article/2026/05/07//2.横版-中文logo-55255234.png,pv.snec.org.cn/api/getInviteCompanyList,2026
宁波市科奥流量仪表有限公司,"NINGBO KIO FLOW INSTRUMENTS CO.,LTD",,,,a0c0d232-9003-4ef7-ae66-e6b1184e723f,9b347220-26d0-45f7-91e0-9e264b689eda,,//download.snec.org.cn/SNEC/article/2026/05/15//公司LOGO(2)-69048161.png,pv.snec.org.cn/api/getInviteCompanyList,2026
武汉特艾佳新型材料有限公司,"Wuhan Teaijia New Materials Co., Ltd.",,,,4aee6558-bf2a-4b2b-9d0c-673ef83a409a,4da5c74a-fe2b-4f23-8576-45894e3a67b4,,//download.snec.org.cn/SNEC/article/2026/04/14//真真好胶业-69539557.png,pv.snec.org.cn/api/getInviteCompanyList,2026
浙江金莱勒电气股份有限公司,"zhejiang grl electric co.,ltd",,,,95a6c117-89f9-4749-b651-28e4bac1de85,58ca6ec5-b922-48ff-9bd8-21c5a0790044,,//download.snec.org.cn/SNEC/img/2025/05/07//GRL金莱勒LOGO-49117509.jpg,pv.snec.org.cn/api/getInviteCompanyList,2026
珠海芯森电子科技有限公司,"Zhuhai CHIPSENSE Electronic Technology Co., Ltd",,,,1643e660-e54c-46f7-b881-cc8110f62a21,ec510d38-f1b6-48ca-b37e-29401fa0d05d,,//download.snec.org.cn/SNEC/article/2026/05/07//图形logo-170x70px-61217727.png,pv.snec.org.cn/api/getInviteCompanyList,2026
深圳爱仕特科技有限公司,Shenzhen AST Technology Company,,,,30e2fa96-09ea-44b7-9751-cd7f25b88f8d,0f61808c-a78f-4440-86d2-4b3a0d0800db,,//download.snec.org.cn/SNEC/article/2026/05/07//11-90245186.png,pv.snec.org.cn/api/getInviteCompanyList,2026
保定盛和电气科技有限公司,"Baoding Shenghe Electric Technology Co., Ltd.",,,,f8c5a795-860e-4a4e-9662-cf0e038ecd0b,2385c4c1-e733-4f48-bb97-52f308fcdbea,,https://download.snec.org.cn/SNEC/article/2025/05/30//微信图片_20250530090925-88798320.png,pv.snec.org.cn/api/getInviteCompanyList,2026
合肥欣奕华智能机器股份有限公司,"Hefei Sineva Intelligent Machine Co., Ltd.",,,,fe999d4b-ca0f-4e92-9432-757f49c2d643,1b78e82e-1238-41e1-bc91-ca45b7b17d1e,,//download.snec.org.cn/SNEC/article/2026/05/15//合肥欣奕华LOGO-77743748.png,pv.snec.org.cn/api/getInviteCompanyList,2026
倍福中国自动化有限公司,Beckhoff Automation Company Ltd.,,,,d183af26-ad3b-4a7f-9fbe-f90029ef5a3a,5ad25bb5-3562-4c07-8dd9-79cc511e2677,,//download.snec.org.cn/SNEC/article/2026/05/07//LOGO-56853487.png,pv.snec.org.cn/api/getInviteCompanyList,2026
愛浦(香港)電子科技有限公司,AIPUAIPU(HK)ELECTRONIC TECHNOLOGY LIMITED,,,,1800b83c-5191-4a52-a940-7f96ceb1520f,96e5ad64-5ef2-46fb-bfdf-00c2ac01437f,,//download.snec.org.cn/SNEC/article/2026/04/15//未标题-1-43408343.png,pv.snec.org.cn/api/getInviteCompanyList,2026
北京迪文科技有限公司,"Beijing DWIN Technology Co.,Ltd.",,,,cbb0f1fc-c554-42b3-a023-f78a5266454e,1bad02e0-4b2d-48b1-b27a-c9a77580b89b,,//download.snec.org.cn/SNEC/article/2026/02/27//dwin（高清）-52587148.png,pv.snec.org.cn/api/getInviteCompanyList,2026
重庆银河试验仪器有限公司,"Chongqing Yinhe Experimental Equipment CO., LTD.",,,,ede75009-7f07-40a3-807c-80b24321f6db,d1c17336-5efa-4392-a1c7-92dc1ab02a44,,//download.snec.org.cn/SNEC/article/2025/08/28//LOGO-22307418.png,pv.snec.org.cn/api/getInviteCompanyList,2026
苏州怡合达自动化科技有限公司,"SuzhouYihedaAutomationTechnology Co.,Ltd",,,,6aeba9d4-7ee9-4780-98d6-2fd21d313d2b,681806d9-a252-44fd-94ed-8a09ea144a4c,,//download.snec.org.cn/SNEC/article/2026/04/15//怡合达电商LOGO-12975591.png,pv.snec.org.cn/api/getInviteCompanyList,2026
杭州宸丰领创科技有限责任公司," Hangzhou Chenfeng Lingchuang Technology Co., Ltd.",,,,f71f1095-bfda-4441-9744-b297f3ba17e1,11144e4d-98c6-4433-929e-8f1d67c1c06e,,//download.snec.org.cn/SNEC/article/2026/05/08//2026LOGO新(12)(1)-85023898.png,pv.snec.org.cn/api/getInviteCompanyList,2026
大全能源,DAQO Energy,,,,87690ad0-7b01-43d4-98a5-9b650cb9e976,f00e588d-d70d-42ad-8fa3-2e857aafc2d6,,//download.snec.org.cn/SNEC/article/2026/05/15//大全能源logo透明底-77589028.png,pv.snec.org.cn/api/getInviteCompanyList,2026
苏州慧昌隆自动化科技有限公司,"Suzhou Huichanglong Automation Technology Co.,Ltd.",,,,01c1d20e-7c29-4486-8366-81d0f730068b,5a3b4837-640a-4178-b7a5-2d47304a766b,,//download.snec.org.cn/SNEC/article/2026/04/17//公司lOGO最新-24915943.png,pv.snec.org.cn/api/getInviteCompanyList,2026
珠海九源电力电子科技有限公司,"Zhuhai Jiuyuan Power Electronic Technology Co., Ltd.",,,,2496a8ab-d7d5-498f-a7d0-e84403e59a2f,ccf52632-ebb1-44f7-b194-909c3357d961,,//download.snec.org.cn/SNEC/article/2026/05/09//LOGO（横）（彩色版）-43696204.png,pv.snec.org.cn/api/getInviteCompanyList,2026
苏州和光同耀智能科技有限公司,"AndSolar Technology Co., Ltd.",,,,4fb68e16-3a13-42b3-bbb7-cf31860307c0,160421bc-b635-4ef4-8eee-c886ce52bfdb,,//download.snec.org.cn/SNEC/article/2024/06/05//中英-透明-57532854.png,pv.snec.org.cn/api/getInviteCompanyList,2026
南通艾纳新能源科技邮箱公司,"Nantong Aina New Energy Technology Co., Ltd.",,,,a941b47c-84d0-44f9-8e58-52f46421e448,815ff97d-6121-4cd8-8e77-cf7e440f3898,,//download.snec.org.cn/SNEC/article/2026/05/15//联名logo-12-02-22597159.png,pv.snec.org.cn/api/getInviteCompanyList,2026
宁德时代新能源科技股份有限公司,"Contemporary Amperex Technology Co., Limited",,,,d7d2dbab-436d-478b-99dd-780b703dd18f,3f789aa6-fbd0-4545-ba3c-0a806294769c,16b27990-705d-4132-9007-f4798c208f25,https://download.snec.org.cn/SNEC/article/2026/04/21//logo-47587077.png,pv.snec.org.cn/api/getInviteCompanyList,2026
内蒙古把沃新能源有限公司,"Hold  New  energy  Co  .,  Limited",,,,ac71acf0-9838-4ad0-ace0-3628bacfe90d,48e2c6af-d743-4ccb-bc63-4a07adbcfda7,,//download.snec.org.cn/SNEC/article/2026/05/10//4b43b54dfe28e1bd2cdc4b863f4507f-63492607.png,pv.snec.org.cn/api/getInviteCompanyList,2026
江苏阿诗特能源科技股份有限公司,RCT Power,,,,f4802676-e202-414d-9241-9e008ad71bfb,164e605f-86c6-4ddf-8005-a51471cec5bb,,//download.snec.org.cn/SNEC/article/2024/05/22//中文彩色-83514660.png,pv.snec.org.cn/api/getInviteCompanyList,2026
丰郅（上海）新能源科技有限公司,"FONRICH (SHANGHAI) NEW ENERGY TECHNOLOGY CO., LTD.",,,,40191770-ec69-4c07-adfc-30a72c697d9d,a18c5cd8-7cd0-4419-95f1-88e5a3421f57,,//download.snec.org.cn/SNEC/article/2026/04/17//Fonrich_CN blue-51558166.png,pv.snec.org.cn/api/getInviteCompanyList,2026
浙江利星能实业发展有限公司,"Zhejiang Lisiner Industrial Development Co., Ltd.",,,,1e3820f2-7c8c-488b-8afd-f9a83467edec,4b740831-c34b-464e-a175-8935382bbed5,,//download.snec.org.cn/SNEC/article/2025/04/22//利星能logo（RGB)-横版-86570515.png,pv.snec.org.cn/api/getInviteCompanyList,2026
天津智晟达科技有限公司,"Tianjin Zhishengda Technology Co., Ltd.",,,,1f785616-d5d0-4933-afb4-5c7d1695d565,a041be6b-0951-47d7-8ce6-7619f3815372,,//download.snec.org.cn/SNEC/article/2026/04/20//logo-24352427.png,pv.snec.org.cn/api/getInviteCompanyList,2026
南昌南飞防火设备制造有限公司,"Nanchang Nanfei Fire Protection Equipment Manufacturing Co., Ltd",,,,2d86e85a-a759-46f3-addc-506e85ea46b6,996a460b-4f1b-4f6c-b5a5-f621edf3c627,,//download.snec.org.cn/SNEC/article/2024/10/15//未标题-1-00554679.png,pv.snec.org.cn/api/getInviteCompanyList,2026
江西三科新能科技有限公司,"Jiangxi Sako New Energy Technology Co., Ltd",,,,5c24bf7a-2b61-4350-b5ba-40322a566149,2c5c1ed9-fe14-46a7-8619-4a8bef3af771,,//download.snec.org.cn/SNEC/article/2026/04/22//sako_logo_en_1997-78866050.png,pv.snec.org.cn/api/getInviteCompanyList,2026
上海捷宝金属集团有限公司,"Shanghai Jiebao Metal Group Co., Ltd.",,,,ef401cca-a63c-46eb-8c0a-22bdc18f50d4,93b52233-7ce6-4915-9d78-08bc93b9ae2f,,//download.snec.org.cn/SNEC/article/2026/05/11//标志-94864418.png,pv.snec.org.cn/api/getInviteCompanyList,2026
三星SDS(三星国际物流),SAMSUNG SDS,,,,0a909c35-10a2-423b-8a0a-ee16325d4bde,e2cc3fb3-f33c-4b7b-8885-697c305f0170,,//download.snec.org.cn/SNEC/article/2026/05/18//SAMSUNG-SDS_Blue-30358130.png,pv.snec.org.cn/api/getInviteCompanyList,2026
南京尚景智造科技有限公司,NANJING SUNKIND INTELLGENT MAKING TECHNOLOGY  CO LTD,,,,470b3722-e8d6-41ca-9718-ab4c48203fd8,e1ccaaff-86f5-42b1-9e62-481b78ad4e6e,,//download.snec.org.cn/SNEC/article/2026/05/11//log-34716905.png,pv.snec.org.cn/api/getInviteCompanyList,2026
苏州卡洛文自动化科技有限公司,"Suzhou Calowen Automation  Technology Co., LTD",,,,b83725c0-f71e-43f4-b853-d45c67e6e607,a2a901d5-66c2-4bd5-859e-fb6b2104fde4,,//download.snec.org.cn/SNEC/article/2026/04/22//公司logo透明版-53137968.png,pv.snec.org.cn/api/getInviteCompanyList,2026
安徽凯撒新能源科技有限公司,"ANHUI CAESAR NEW ENERGY TECHNOLOGY CO.,LTD",,,,f2597632-78db-410b-8776-0949628d5204,62fbb4e4-56d7-46ea-84be-5b5325640bee,,//download.snec.org.cn/SNEC/article/2024/04/22//最新2-42651960.png,pv.snec.org.cn/api/getInviteCompanyList,2026
魏德米勒电联接（上海）有限公司,"Weidmüller Interface (Shanghai) Co.,Ltd.",,,,6f61f468-61e2-4e75-b787-111d314acd17,8b5dc4e9-facb-4892-a818-3765ecd34154,,//download.snec.org.cn/SNEC/article/2026/04/23//WM_OB_srgb-47926627.png,pv.snec.org.cn/api/getInviteCompanyList,2026
上海拜高高分子材料有限公司,"SHANGHAI BEGINOR POLYMER MATERIAL CO.,LTD.，",,,,f9e54354-a0ee-4134-b2cd-f04110374b3d,a6bc8fdd-753d-4c17-b304-3c191e75e4c4,,//download.snec.org.cn/SNEC/article/2024/04/29//170-70753098.png,pv.snec.org.cn/api/getInviteCompanyList,2026
苏州艾立罗电子有限公司,"Suzhou Aliro Electronics Co., Ltd.",,,,42270a88-9a41-4ffa-86e5-bd5c6fb533fc,5b3b61f2-ecaf-4e96-b0cc-0ef3382fa01b,,//download.snec.org.cn/SNEC/article/2026/04/24//艾立罗红色-36862924.png,pv.snec.org.cn/api/getInviteCompanyList,2026
扬州市引江蓬帆制品有限公司,"YANGZHOU YINJIANG CANVAS PRODUCTS CO.,LTD.",,,,22887fdf-b068-43c5-a597-20e5f4eca3cb,90b16661-63e2-4e84-8984-0bdd0e1105f0,,//download.snec.org.cn/SNEC/article/2026/04/09//引江蓬帆logo-透明-69948652.png,pv.snec.org.cn/api/getInviteCompanyList,2026
北京清源飞控能源科技有限公司,"Beijing Tsingyuan Flycon Energy Technology Co., Ltd.",,,,337f8c80-d0a2-44b7-9e8d-66439ebb99ef,14ead11f-9b3a-41d5-9441-f3835d46af67,,//download.snec.org.cn/SNEC/article/2026/04/24//2. LOGO图标-透明背景-47274350.png,pv.snec.org.cn/api/getInviteCompanyList,2026
